Country,Country_Code,Year,GDP_per_capita,Region
Afghanistan,AFG,2024,416.871146273728,"Middle East, North Africa, Afghanistan & Pakistan"
Afghanistan,AFG,2023,413.757894705303,"Middle East, North Africa, Afghanistan & Pakistan"
Afghanistan,AFG,2022,357.261152798144,"Middle East, North Africa, Afghanistan & Pakistan"
Afghanistan,AFG,2021,356.496214115892,"Middle East, North Africa, Afghanistan & Pakistan"
Afghanistan,AFG,2020,510.787063366811,"Middle East, North Africa, Afghanistan & Pakistan"
Afghanistan,AFG,2019,496.6025042585,"Middle East, North Africa, Afghanistan & Pakistan"
Afghanistan,AFG,2018,491.337221382603,"Middle East, North Africa, Afghanistan & Pakistan"
Afghanistan,AFG,2017,525.469770891619,"Middle East, North Africa, Afghanistan & Pakistan"
Afghanistan,AFG,2016,522.082215583898,"Middle East, North Africa, Afghanistan & Pakistan"
Afghanistan,AFG,2015,565.569730408751,"Middle East, North Africa, Afghanistan & Pakistan"
Afghanistan,AFG,2014,625.054941813938,"Middle East, North Africa, Afghanistan & Pakistan"
Afghanistan,AFG,2013,637.087099117099,"Middle East, North Africa, Afghanistan & Pakistan"
Afghanistan,AFG,2012,651.417134470046,"Middle East, North Africa, Afghanistan & Pakistan"
Afghanistan,AFG,2011,606.694676337726,"Middle East, North Africa, Afghanistan & Pakistan"
Afghanistan,AFG,2010,560.621505463146,"Middle East, North Africa, Afghanistan & Pakistan"
Afghanistan,AFG,2009,452.053705477043,"Middle East, North Africa, Afghanistan & Pakistan"
Afghanistan,AFG,2008,381.73323802844,"Middle East, North Africa, Afghanistan & Pakistan"
Afghanistan,AFG,2007,376.223152003876,"Middle East, North Africa, Afghanistan & Pakistan"
Afghanistan,AFG,2006,274.218553561575,"Middle East, North Africa, Afghanistan & Pakistan"
Afghanistan,AFG,2005,254.184249149336,"Middle East, North Africa, Afghanistan & Pakistan"
Afghanistan,AFG,2004,221.763653873013,"Middle East, North Africa, Afghanistan & Pakistan"
Afghanistan,AFG,2003,198.871115728727,"Middle East, North Africa, Afghanistan & Pakistan"
Afghanistan,AFG,2002,178.954088379235,"Middle East, North Africa, Afghanistan & Pakistan"
Afghanistan,AFG,2001,138.706821676113,"Middle East, North Africa, Afghanistan & Pakistan"
Afghanistan,AFG,2000,174.930991430166,"Middle East, North Africa, Afghanistan & Pakistan"
Albania,ALB,2025,12998.147869552,Europe & Central Asia
Albania,ALB,2024,11374.0085781236,Europe & Central Asia
Albania,ALB,2023,9740.7023414631,Europe & Central Asia
Albania,ALB,2022,7756.96188744253,Europe & Central Asia
Albania,ALB,2021,7242.45513146613,Europe & Central Asia
Albania,ALB,2020,6027.91350716348,Europe & Central Asia
Albania,ALB,2019,6069.43903131027,Europe & Central Asia
Albania,ALB,2018,5897.65452588774,Europe & Central Asia
Albania,ALB,2017,5006.36012951959,Europe & Central Asia
Albania,ALB,2016,4457.63412207495,Europe & Central Asia
Albania,ALB,2015,4199.53912925398,Europe & Central Asia
Albania,ALB,2014,4793.59751131525,Europe & Central Asia
Albania,ALB,2013,4542.92903556739,Europe & Central Asia
Albania,ALB,2012,4280.93316338873,Europe & Central Asia
Albania,ALB,2011,4465.70914328865,Europe & Central Asia
Albania,ALB,2010,4149.14469936847,Europe & Central Asia
Albania,ALB,2009,4213.65007574693,Europe & Central Asia
Albania,ALB,2008,4498.50486763601,Europe & Central Asia
Albania,ALB,2007,3743.05529896187,Europe & Central Asia
Albania,ALB,2006,3057.77257038113,Europe & Central Asia
Albania,ALB,2005,2741.72136549578,Europe & Central Asia
Albania,ALB,2004,2446.90949947798,Europe & Central Asia
Albania,ALB,2003,1908.69900687608,Europe & Central Asia
Albania,ALB,2002,1479.83884572006,Europe & Central Asia
Albania,ALB,2001,1326.41652388077,Europe & Central Asia
Albania,ALB,2000,1160.42047054038,Europe & Central Asia
Albania,ALB,1999,1056.34481153033,Europe & Central Asia
Albania,ALB,1998,831.175344077295,Europe & Central Asia
Albania,ALB,1997,728.545523729675,Europe & Central Asia
Albania,ALB,1996,1020.97618050188,Europe & Central Asia
Albania,ALB,1995,911.320465445326,Europe & Central Asia
Albania,ALB,1994,586.416135130865,Europe & Central Asia
Albania,ALB,1993,367.279225077581,Europe & Central Asia
Albania,ALB,1992,200.852219772323,Europe & Central Asia
Albania,ALB,1991,336.586994504629,Europe & Central Asia
Albania,ALB,1990,617.230435515505,Europe & Central Asia
Albania,ALB,1989,697.995596576519,Europe & Central Asia
Albania,ALB,1988,652.774321396566,Europe & Central Asia
Albania,ALB,1987,674.793383069492,Europe & Central Asia
Albania,ALB,1986,693.873474633887,Europe & Central Asia
Albania,ALB,1985,639.865903755552,Europe & Central Asia
Albania,ALB,1984,639.484730161417,Europe & Central Asia
Albania,ALB,1983,661.546782448624,Europe & Central Asia
Albania,ALB,1982,668.454504242454,Europe & Central Asia
Albania,ALB,1981,663.2942082544,Europe & Central Asia
Albania,ALB,1980,590.607738430529,Europe & Central Asia
Algeria,DZA,2025,6051.00322704182,"Middle East, North Africa, Afghanistan & Pakistan"
Algeria,DZA,2024,5752.99076651465,"Middle East, North Africa, Afghanistan & Pakistan"
Algeria,DZA,2023,5370.477235078,"Middle East, North Africa, Afghanistan & Pakistan"
Algeria,DZA,2022,4960.30334332888,"Middle East, North Africa, Afghanistan & Pakistan"
Algeria,DZA,2021,4160.55926736925,"Middle East, North Africa, Afghanistan & Pakistan"
Algeria,DZA,2020,3743.5419522929,"Middle East, North Africa, Afghanistan & Pakistan"
Algeria,DZA,2019,4468.45341883656,"Middle East, North Africa, Afghanistan & Pakistan"
Algeria,DZA,2018,4577.21029180491,"Middle East, North Africa, Afghanistan & Pakistan"
Algeria,DZA,2017,4554.66753957828,"Middle East, North Africa, Afghanistan & Pakistan"
Algeria,DZA,2016,4424.98529027556,"Middle East, North Africa, Afghanistan & Pakistan"
Algeria,DZA,2015,4685.05902729002,"Middle East, North Africa, Afghanistan & Pakistan"
Algeria,DZA,2014,6094.69392314956,"Middle East, North Africa, Afghanistan & Pakistan"
Algeria,DZA,2013,5979.60138960585,"Middle East, North Africa, Afghanistan & Pakistan"
Algeria,DZA,2012,6033.64884689543,"Middle East, North Africa, Afghanistan & Pakistan"
Algeria,DZA,2011,5916.31364364343,"Middle East, North Africa, Afghanistan & Pakistan"
Algeria,DZA,2010,4912.78585503672,"Middle East, North Africa, Afghanistan & Pakistan"
Algeria,DZA,2009,4235.42990456612,"Middle East, North Africa, Afghanistan & Pakistan"
Algeria,DZA,2008,5180.91881514686,"Middle East, North Africa, Afghanistan & Pakistan"
Algeria,DZA,2007,4167.45169937531,"Middle East, North Africa, Afghanistan & Pakistan"
Algeria,DZA,2006,3660.66104745322,"Middle East, North Africa, Afghanistan & Pakistan"
Algeria,DZA,2005,3233.13339634212,"Middle East, North Africa, Afghanistan & Pakistan"
Algeria,DZA,2004,2816.99384960555,"Middle East, North Africa, Afghanistan & Pakistan"
Algeria,DZA,2003,2283.77299346126,"Middle East, North Africa, Afghanistan & Pakistan"
Algeria,DZA,2002,1937.46411413019,"Middle East, North Africa, Afghanistan & Pakistan"
Algeria,DZA,2001,1896.30020878013,"Middle East, North Africa, Afghanistan & Pakistan"
Algeria,DZA,2000,1772.92869122761,"Middle East, North Africa, Afghanistan & Pakistan"
Algeria,DZA,1999,1596.11822239025,"Middle East, North Africa, Afghanistan & Pakistan"
Algeria,DZA,1998,1603.36623200836,"Middle East, North Africa, Afghanistan & Pakistan"
Algeria,DZA,1997,1628.76100561506,"Middle East, North Africa, Afghanistan & Pakistan"
Algeria,DZA,1996,1616.83198721285,"Middle East, North Africa, Afghanistan & Pakistan"
Algeria,DZA,1995,1466.94806760415,"Middle East, North Africa, Afghanistan & Pakistan"
Algeria,DZA,1994,1525.54061760288,"Middle East, North Africa, Afghanistan & Pakistan"
Algeria,DZA,1993,1831.04800976449,"Middle East, North Africa, Afghanistan & Pakistan"
Algeria,DZA,1992,1802.69300801289,"Middle East, North Africa, Afghanistan & Pakistan"
Algeria,DZA,1991,1759.11201648229,"Middle East, North Africa, Afghanistan & Pakistan"
Algeria,DZA,1990,2445.18332740258,"Middle East, North Africa, Afghanistan & Pakistan"
Algeria,DZA,1989,2247.4602712492,"Middle East, North Africa, Afghanistan & Pakistan"
Algeria,DZA,1988,2450.87242078961,"Middle East, North Africa, Afghanistan & Pakistan"
Algeria,DZA,1987,2847.0776691988,"Middle East, North Africa, Afghanistan & Pakistan"
Algeria,DZA,1986,2800.20270812187,"Middle East, North Africa, Afghanistan & Pakistan"
Algeria,DZA,1985,2632.51711109075,"Middle East, North Africa, Afghanistan & Pakistan"
Algeria,DZA,1984,2524.38071403143,"Middle East, North Africa, Afghanistan & Pakistan"
Algeria,DZA,1983,2373.82511968473,"Middle East, North Africa, Afghanistan & Pakistan"
Algeria,DZA,1982,2274.87800990349,"Middle East, North Africa, Afghanistan & Pakistan"
Algeria,DZA,1981,2307.33434430543,"Middle East, North Africa, Afghanistan & Pakistan"
Algeria,DZA,1980,2275.77971158899,"Middle East, North Africa, Afghanistan & Pakistan"
Algeria,DZA,1979,1843.11929565984,"Middle East, North Africa, Afghanistan & Pakistan"
Algeria,DZA,1978,1505.94222127977,"Middle East, North Africa, Afghanistan & Pakistan"
Algeria,DZA,1977,1232.49418664321,"Middle East, North Africa, Afghanistan & Pakistan"
Algeria,DZA,1976,1080.38620675609,"Middle East, North Africa, Afghanistan & Pakistan"
Algeria,DZA,1975,992.302037378411,"Middle East, North Africa, Afghanistan & Pakistan"
Algeria,DZA,1974,872.889277439184,"Middle East, North Africa, Afghanistan & Pakistan"
Algeria,DZA,1973,589.518126935221,"Middle East, North Africa, Afghanistan & Pakistan"
Algeria,DZA,1972,469.030996510511,"Middle East, North Africa, Afghanistan & Pakistan"
Algeria,DZA,1971,360.111081707845,"Middle East, North Africa, Afghanistan & Pakistan"
Algeria,DZA,1970,352.845766557928,"Middle East, North Africa, Afghanistan & Pakistan"
Algeria,DZA,1969,315.914655734237,"Middle East, North Africa, Afghanistan & Pakistan"
Algeria,DZA,1968,292.436036368561,"Middle East, North Africa, Afghanistan & Pakistan"
Algeria,DZA,1967,261.792442124002,"Middle East, North Africa, Afghanistan & Pakistan"
Algeria,DZA,1966,241.44896961658,"Middle East, North Africa, Afghanistan & Pakistan"
Algeria,DZA,1965,253.622059985778,"Middle East, North Africa, Afghanistan & Pakistan"
Algeria,DZA,1964,238.863801545015,"Middle East, North Africa, Afghanistan & Pakistan"
Algeria,DZA,1963,225.584660210993,"Middle East, North Africa, Afghanistan & Pakistan"
Algeria,DZA,1962,169.60286272133,"Middle East, North Africa, Afghanistan & Pakistan"
Algeria,DZA,1961,209.370672655334,"Middle East, North Africa, Afghanistan & Pakistan"
Algeria,DZA,1960,238.392476666447,"Middle East, North Africa, Afghanistan & Pakistan"
American Samoa,ASM,2022,18017.4589383973,East Asia & Pacific
American Samoa,ASM,2021,15236.1604875571,East Asia & Pacific
American Samoa,ASM,2020,14489.2586563775,East Asia & Pacific
American Samoa,ASM,2019,12886.1359517218,East Asia & Pacific
American Samoa,ASM,2018,12552.0546868861,East Asia & Pacific
American Samoa,ASM,2017,11863.6839452565,East Asia & Pacific
American Samoa,ASM,2016,12843.3342903627,East Asia & Pacific
American Samoa,ASM,2015,12727.4102651386,East Asia & Pacific
American Samoa,ASM,2014,12026.3344929488,East Asia & Pacific
American Samoa,ASM,2013,11813.5022034589,East Asia & Pacific
American Samoa,ASM,2012,11745.4899153958,East Asia & Pacific
American Samoa,ASM,2011,10383.459331451,East Asia & Pacific
American Samoa,ASM,2010,10375.1720141957,East Asia & Pacific
American Samoa,ASM,2009,12156.0293905777,East Asia & Pacific
American Samoa,ASM,2008,10030.8089130902,East Asia & Pacific
American Samoa,ASM,2007,9231.37240924563,East Asia & Pacific
American Samoa,ASM,2006,8745.16621137404,East Asia & Pacific
American Samoa,ASM,2005,8831.26975996609,East Asia & Pacific
American Samoa,ASM,2004,8958.42866697173,East Asia & Pacific
American Samoa,ASM,2003,9197.66196836987,East Asia & Pacific
American Samoa,ASM,2002,8972.69636535698,East Asia & Pacific
Andorra,AND,2025,54291.5026031052,Europe & Central Asia
Andorra,AND,2024,49357.437070178,Europe & Central Asia
Andorra,AND,2023,46812.448450114,Europe & Central Asia
Andorra,AND,2022,42414.0590111349,Europe & Central Asia
Andorra,AND,2021,42425.6996761083,Europe & Central Asia
Andorra,AND,2020,37361.090067211,Europe & Central Asia
Andorra,AND,2019,41257.8045861543,Europe & Central Asia
Andorra,AND,2018,42819.774579353,Europe & Central Asia
Andorra,AND,2017,40672.9943362327,Europe & Central Asia
Andorra,AND,2016,40129.8192026671,Europe & Central Asia
Andorra,AND,2015,38654.9347217207,Europe & Central Asia
Andorra,AND,2014,44369.6596894579,Europe & Central Asia
Andorra,AND,2013,42470.3161158563,Europe & Central Asia
Andorra,AND,2012,41500.5435782722,Europe & Central Asia
Andorra,AND,2011,46657.1561204071,Europe & Central Asia
Andorra,AND,2010,42746.830952263,Europe & Central Asia
Andorra,AND,2009,43975.0183658196,Europe & Central Asia
Andorra,AND,2008,49132.5157047203,Europe & Central Asia
Andorra,AND,2007,48336.2283340364,Europe & Central Asia
Andorra,AND,2006,43467.210990395,Europe & Central Asia
Andorra,AND,2005,40829.801878928,Europe & Central Asia
Andorra,AND,2004,39021.1278078772,Europe & Central Asia
Andorra,AND,2003,34063.5784040571,Europe & Central Asia
Andorra,AND,2002,26528.1301571494,Europe & Central Asia
Andorra,AND,2001,23511.2951466328,Europe & Central Asia
Andorra,AND,2000,21810.2487426174,Europe & Central Asia
Andorra,AND,1999,18875.2869134938,Europe & Central Asia
Andorra,AND,1998,18536.5084282698,Europe & Central Asia
Andorra,AND,1997,18247.9995651361,Europe & Central Asia
Andorra,AND,1996,19130.1597151312,Europe & Central Asia
Andorra,AND,1995,18443.2545197741,Europe & Central Asia
Andorra,AND,1994,15748.5307503373,Europe & Central Asia
Andorra,AND,1993,15916.8395162087,Europe & Central Asia
Andorra,AND,1992,20099.5352208543,Europe & Central Asia
Andorra,AND,1991,19533.2620668023,Europe & Central Asia
Andorra,AND,1990,19563.6574722488,Europe & Central Asia
Andorra,AND,1989,15714.9265516576,Europe & Central Asia
Andorra,AND,1988,14599.0355178798,Europe & Central Asia
Andorra,AND,1987,12828.1519430152,Europe & Central Asia
Andorra,AND,1986,10539.1177869653,Europe & Central Asia
Andorra,AND,1985,7911.98436223964,Europe & Central Asia
Andorra,AND,1984,7808.13002713549,Europe & Central Asia
Andorra,AND,1983,8082.09152017435,Europe & Central Asia
Andorra,AND,1982,9697.52201994133,Europe & Central Asia
Andorra,AND,1981,10465.2604643624,Europe & Central Asia
Andorra,AND,1980,12474.9252919904,Europe & Central Asia
Andorra,AND,1979,11996.4072860354,Europe & Central Asia
Andorra,AND,1978,9409.50851272793,Europe & Central Asia
Andorra,AND,1977,8167.92286159334,Europe & Central Asia
Andorra,AND,1976,7721.28858646797,Europe & Central Asia
Andorra,AND,1975,7925.41577090452,Europe & Central Asia
Andorra,AND,1974,7139.5745119838,Europe & Central Asia
Andorra,AND,1973,6151.02717030722,Europe & Central Asia
Andorra,AND,1972,4940.29696239207,Europe & Central Asia
Andorra,AND,1971,4169.69537103885,Europe & Central Asia
Andorra,AND,1970,3935.41127779609,Europe & Central Asia
Angola,AGO,2025,3129.47662331063,Sub-Saharan Africa 
Angola,AGO,2024,2720.81900669715,Sub-Saharan Africa 
Angola,AGO,2023,2885.51349130806,Sub-Saharan Africa 
Angola,AGO,2022,3598.53669077341,Sub-Saharan Africa 
Angola,AGO,2021,2266.96834861584,Sub-Saharan Africa 
Angola,AGO,2020,1749.1794838482,Sub-Saharan Africa 
Angola,AGO,2019,2507.86807213642,Sub-Saharan Africa 
Angola,AGO,2018,2891.83032378747,Sub-Saharan Africa 
Angola,AGO,2017,2832.14997950512,Sub-Saharan Africa 
Angola,AGO,2016,2082.37343594705,Sub-Saharan Africa 
Angola,AGO,2015,3641.72893920253,Sub-Saharan Africa 
Angola,AGO,2014,5649.68762467535,Sub-Saharan Africa 
Angola,AGO,2013,5688.57916213471,Sub-Saharan Africa 
Angola,AGO,2012,5702.45306277434,Sub-Saharan Africa 
Angola,AGO,2011,5184.15269151846,Sub-Saharan Africa 
Angola,AGO,2010,4101.63715564669,Sub-Saharan Africa 
Angola,AGO,2009,3645.14846565169,Sub-Saharan Africa 
Angola,AGO,2008,4578.15526451058,Sub-Saharan Africa 
Angola,AGO,2007,3515.05678985496,Sub-Saharan Africa 
Angola,AGO,2006,2930.44428606516,Sub-Saharan Africa 
Angola,AGO,2005,2145.88621098663,Sub-Saharan Africa 
Angola,AGO,2004,1451.47117870872,Sub-Saharan Africa 
Angola,AGO,2003,1133.66331960414,Sub-Saharan Africa 
Angola,AGO,2002,999.065855956628,Sub-Saharan Africa 
Angola,AGO,2001,533.586202412447,Sub-Saharan Africa 
Angola,AGO,2000,563.733795571487,Sub-Saharan Africa 
Angola,AGO,1999,392.725539027496,Sub-Saharan Africa 
Angola,AGO,1998,429.188126933192,Sub-Saharan Africa 
Angola,AGO,1997,521.70291489053,Sub-Saharan Africa 
Angola,AGO,1996,531.115366543271,Sub-Saharan Africa 
Angola,AGO,1995,404.29481849612,Sub-Saharan Africa 
Angola,AGO,1994,334.973590276074,Sub-Saharan Africa 
Angola,AGO,1993,449.727894936295,Sub-Saharan Africa 
Angola,AGO,1992,668.706017459877,Sub-Saharan Africa 
Angola,AGO,1991,881.919488130062,Sub-Saharan Africa 
Angola,AGO,1990,965.866840464665,Sub-Saharan Africa 
Angola,AGO,1989,907.747893072933,Sub-Saharan Africa 
Angola,AGO,1988,807.439628386237,Sub-Saharan Africa 
Angola,AGO,1987,770.10114008645,Sub-Saharan Africa 
Angola,AGO,1986,697.52660239925,Sub-Saharan Africa 
Angola,AGO,1985,772.468832586262,Sub-Saharan Africa 
Angola,AGO,1984,650.491094413218,Sub-Saharan Africa 
Angola,AGO,1983,636.83281102292,Sub-Saharan Africa 
Angola,AGO,1982,634.221467312778,Sub-Saharan Africa 
Angola,AGO,1981,657.982648547394,Sub-Saharan Africa 
Angola,AGO,1980,729.111965489818,Sub-Saharan Africa 
Antigua and Barbuda,ATG,2025,24819.2454680158,Latin America & Caribbean 
Antigua and Barbuda,ATG,2024,23059.8330702839,Latin America & Caribbean 
Antigua and Barbuda,ATG,2023,22012.2625947994,Latin America & Caribbean 
Antigua and Barbuda,ATG,2022,20003.3909394099,Latin America & Caribbean 
Antigua and Barbuda,ATG,2021,17348.6006987182,Latin America & Caribbean 
Antigua and Barbuda,ATG,2020,15369.6082250401,Latin America & Caribbean 
Antigua and Barbuda,ATG,2019,18896.3721832248,Latin America & Caribbean 
Antigua and Barbuda,ATG,2018,18273.4270684912,Latin America & Caribbean 
Antigua and Barbuda,ATG,2017,16965.7288273816,Latin America & Caribbean 
Antigua and Barbuda,ATG,2016,16556.8551801588,Latin America & Caribbean 
Antigua and Barbuda,ATG,2015,16077.6340769406,Latin America & Caribbean 
Antigua and Barbuda,ATG,2014,15532.1062063584,Latin America & Caribbean 
Antigua and Barbuda,ATG,2013,15051.5113587425,Latin America & Caribbean 
Antigua and Barbuda,ATG,2012,15639.8078114787,Latin America & Caribbean 
Antigua and Barbuda,ATG,2011,14911.7275084471,Latin America & Caribbean 
Antigua and Barbuda,ATG,2010,15217.3950790922,Latin America & Caribbean 
Antigua and Barbuda,ATG,2009,16472.2478528568,Latin America & Caribbean 
Antigua and Barbuda,ATG,2008,18786.6743142216,Latin America & Caribbean 
Antigua and Barbuda,ATG,2007,18204.5124043068,Latin America & Caribbean 
Antigua and Barbuda,ATG,2006,16173.8136329968,Latin America & Caribbean 
Antigua and Barbuda,ATG,2005,14368.5708796058,Latin America & Caribbean 
Antigua and Barbuda,ATG,2004,13037.8895772257,Latin America & Caribbean 
Antigua and Barbuda,ATG,2003,12173.2319860305,Latin America & Caribbean 
Antigua and Barbuda,ATG,2002,11658.6949915956,Latin America & Caribbean 
Antigua and Barbuda,ATG,2001,11539.1825063308,Latin America & Caribbean 
Antigua and Barbuda,ATG,2000,12027.4949768222,Latin America & Caribbean 
Antigua and Barbuda,ATG,1999,11342.3349230913,Latin America & Caribbean 
Antigua and Barbuda,ATG,1998,10906.8785406961,Latin America & Caribbean 
Antigua and Barbuda,ATG,1997,10336.2591617838,Latin America & Caribbean 
Antigua and Barbuda,ATG,1996,9756.08717951992,Latin America & Caribbean 
Antigua and Barbuda,ATG,1995,9034.47552907143,Latin America & Caribbean 
Antigua and Barbuda,ATG,1994,9351.48753768505,Latin America & Caribbean 
Antigua and Barbuda,ATG,1993,8624.62016806628,Latin America & Caribbean 
Antigua and Barbuda,ATG,1992,8153.73786307269,Latin America & Caribbean 
Antigua and Barbuda,ATG,1991,7956.47430919648,Latin America & Caribbean 
Antigua and Barbuda,ATG,1990,7590.75442423046,Latin America & Caribbean 
Antigua and Barbuda,ATG,1989,7187.90484128028,Latin America & Caribbean 
Antigua and Barbuda,ATG,1988,6466.15683473424,Latin America & Caribbean 
Antigua and Barbuda,ATG,1987,5424.36847756962,Latin America & Caribbean 
Antigua and Barbuda,ATG,1986,4629.45676400154,Latin America & Caribbean 
Antigua and Barbuda,ATG,1985,3814.3142290779,Latin America & Caribbean 
Antigua and Barbuda,ATG,1984,3270.7810304062,Latin America & Caribbean 
Antigua and Barbuda,ATG,1983,2846.99335735773,Latin America & Caribbean 
Antigua and Barbuda,ATG,1982,2569.18182363887,Latin America & Caribbean 
Antigua and Barbuda,ATG,1981,2310.19699820442,Latin America & Caribbean 
Antigua and Barbuda,ATG,1980,2053.10327921275,Latin America & Caribbean 
Antigua and Barbuda,ATG,1979,1705.14199048287,Latin America & Caribbean 
Antigua and Barbuda,ATG,1978,1374.82027453607,Latin America & Caribbean 
Antigua and Barbuda,ATG,1977,1213.67021714646,Latin America & Caribbean 
Argentina,ARG,2025,14898.0885943842,Latin America & Caribbean 
Argentina,ARG,2024,13969.7836603737,Latin America & Caribbean 
Argentina,ARG,2023,14261.8465667948,Latin America & Caribbean 
Argentina,ARG,2022,13962.1894087223,Latin America & Caribbean 
Argentina,ARG,2021,10738.0179223384,Latin America & Caribbean 
Argentina,ARG,2020,8535.59938004389,Latin America & Caribbean 
Argentina,ARG,2019,9955.97478680428,Latin America & Caribbean 
Argentina,ARG,2018,11752.7998922979,Latin America & Caribbean 
Argentina,ARG,2017,14532.5009308511,Latin America & Caribbean 
Argentina,ARG,2016,12699.9623137756,Latin America & Caribbean 
Argentina,ARG,2015,13679.6264980954,Latin America & Caribbean 
Argentina,ARG,2014,12233.1444119186,Latin America & Caribbean 
Argentina,ARG,2013,12963.675773326,Latin America & Caribbean 
Argentina,ARG,2012,12949.717486654,Latin America & Caribbean 
Argentina,ARG,2011,12704.2831819684,Latin America & Caribbean 
Argentina,ARG,2010,10260.1313108254,Latin America & Caribbean 
Argentina,ARG,2009,8150.23527028221,Latin America & Caribbean 
Argentina,ARG,2008,8944.1102657357,Latin America & Caribbean 
Argentina,ARG,2007,7185.25155147027,Latin America & Caribbean 
Argentina,ARG,2006,5869.38028970204,Latin America & Caribbean 
Argentina,ARG,2005,5067.65342293276,Latin America & Caribbean 
Argentina,ARG,2004,4242.02099089422,Latin America & Caribbean 
Argentina,ARG,2003,3320.47775133903,Latin America & Caribbean 
Argentina,ARG,2002,2569.69963519124,Latin America & Caribbean 
Argentina,ARG,2001,7141.47507662826,Latin America & Caribbean 
Argentina,ARG,2000,7637.01489203628,Latin America & Caribbean 
Argentina,ARG,1999,7705.54288252851,Latin America & Caribbean 
Argentina,ARG,1998,8218.99212764682,Latin America & Caribbean 
Argentina,ARG,1997,8146.78710021431,Latin America & Caribbean 
Argentina,ARG,1996,7663.21271287469,Latin America & Caribbean 
Argentina,ARG,1995,7357.6162773788,Latin America & Caribbean 
Argentina,ARG,1994,7437.56242327594,Latin America & Caribbean 
Argentina,ARG,1993,6931.85596375876,Latin America & Caribbean 
Argentina,ARG,1992,6789.99611136495,Latin America & Caribbean 
Argentina,ARG,1991,5709.24784079504,Latin America & Caribbean 
Argentina,ARG,1990,4315.33403111588,Latin America & Caribbean 
Argentina,ARG,1989,2374.57321551641,Latin America & Caribbean 
Argentina,ARG,1988,3992.70330179156,Latin America & Caribbean 
Argentina,ARG,1987,3477.30131979313,Latin America & Caribbean 
Argentina,ARG,1986,3436.07819471053,Latin America & Caribbean 
Argentina,ARG,1985,2905.77565536137,Latin America & Caribbean 
Argentina,ARG,1984,3915.03492645691,Latin America & Caribbean 
Argentina,ARG,1983,3537.7473459832,Latin America & Caribbean 
Argentina,ARG,1982,2914.76708504176,Latin America & Caribbean 
Argentina,ARG,1981,2764.08641421079,Latin America & Caribbean 
Argentina,ARG,1980,2747.5022751674,Latin America & Caribbean 
Argentina,ARG,1979,2511.97332905958,Latin America & Caribbean 
Argentina,ARG,1978,3282.06304446289,Latin America & Caribbean 
Argentina,ARG,1977,2126.48546048047,Latin America & Caribbean 
Argentina,ARG,1976,1946.91990388248,Latin America & Caribbean 
Argentina,ARG,1975,2026.68435752865,Latin America & Caribbean 
Argentina,ARG,1974,2844.96990526761,Latin America & Caribbean 
Argentina,ARG,1973,2097.89945010806,Latin America & Caribbean 
Argentina,ARG,1972,1409.37097316211,Latin America & Caribbean 
Argentina,ARG,1971,1372.50746646061,Latin America & Caribbean 
Argentina,ARG,1970,1322.71454216808,Latin America & Caribbean 
Argentina,ARG,1969,1329.56181832409,Latin America & Caribbean 
Argentina,ARG,1968,1141.95211617341,Latin America & Caribbean 
Argentina,ARG,1967,1063.93283833587,Latin America & Caribbean 
Argentina,ARG,1966,1275.07843418966,Latin America & Caribbean 
Argentina,ARG,1965,1281.83337976859,Latin America & Caribbean 
Argentina,ARG,1964,1176.20086190313,Latin America & Caribbean 
Argentina,ARG,1963,852.972425139433,Latin America & Caribbean 
Argentina,ARG,1962,870.217490905403,Latin America & Caribbean 
Argentina,ARG,1961,971.338043308372,Latin America & Caribbean 
Argentina,ARG,1960,778.251706763404,Latin America & Caribbean 
Armenia,ARM,2025,9474.01849300368,Europe & Central Asia
Armenia,ARM,2024,8556.21406956719,Europe & Central Asia
Armenia,ARM,2023,8159.08720967996,Europe & Central Asia
Armenia,ARM,2022,6571.97445545099,Europe & Central Asia
Armenia,ARM,2021,4685.17997128509,Europe & Central Asia
Armenia,ARM,2020,4268.68093304583,Europe & Central Asia
Armenia,ARM,2019,4597.22887399548,Europe & Central Asia
Armenia,ARM,2018,4196.00562301769,Europe & Central Asia
Armenia,ARM,2017,3869.05373867752,Europe & Central Asia
Armenia,ARM,2016,3524.42476874707,Europe & Central Asia
Armenia,ARM,2015,3512.39350276709,Europe & Central Asia
Armenia,ARM,2014,3852.11800610384,Europe & Central Asia
Armenia,ARM,2013,3680.16692158886,Europe & Central Asia
Armenia,ARM,2012,3511.56399687426,Europe & Central Asia
Armenia,ARM,2011,3349.55309771906,Europe & Central Asia
Armenia,ARM,2010,3041.34450723339,Europe & Central Asia
Armenia,ARM,2009,2820.5926553347,Europe & Central Asia
Armenia,ARM,2008,3777.66859313767,Europe & Central Asia
Armenia,ARM,2007,2962.70234594569,Europe & Central Asia
Armenia,ARM,2006,2041.65267068997,Europe & Central Asia
Armenia,ARM,2005,1557.48458908655,Europe & Central Asia
Armenia,ARM,2004,1130.08791444158,Europe & Central Asia
Armenia,ARM,2003,882.030167695474,Europe & Central Asia
Armenia,ARM,2002,742.651118319819,Europe & Central Asia
Armenia,ARM,2001,659.588988535629,Europe & Central Asia
Armenia,ARM,2000,593.450581742282,Europe & Central Asia
Armenia,ARM,1999,582.669886150895,Europe & Central Asia
Armenia,ARM,1998,590.239947333459,Europe & Central Asia
Armenia,ARM,1997,505.035887057966,Europe & Central Asia
Armenia,ARM,1996,487.068624404558,Europe & Central Asia
Armenia,ARM,1995,443.924860857976,Europe & Central Asia
Armenia,ARM,1994,390.879964297655,Europe & Central Asia
Armenia,ARM,1993,347.870644720878,Europe & Central Asia
Armenia,ARM,1992,356.350780006933,Europe & Central Asia
Armenia,ARM,1991,572.740260900977,Europe & Central Asia
Armenia,ARM,1990,635.355327502517,Europe & Central Asia
Aruba,ABW,2024,38590.5650288641,Latin America & Caribbean 
Aruba,ABW,2023,34897.6183932009,Latin America & Caribbean 
Aruba,ABW,2022,31000.5713798732,Latin America & Caribbean 
Aruba,ABW,2021,26827.3447869986,Latin America & Caribbean 
Aruba,ABW,2020,22664.3709949437,Latin America & Caribbean 
Aruba,ABW,2019,30654.4851235397,Latin America & Caribbean 
Aruba,ABW,2018,30082.1584226798,Latin America & Caribbean 
Aruba,ABW,2017,28440.0416881491,Latin America & Caribbean 
Aruba,ABW,2016,27441.5502144601,Latin America & Caribbean 
Aruba,ABW,2015,27458.2201537506,Latin America & Caribbean 
Aruba,ABW,2014,26129.8390617693,Latin America & Caribbean 
Aruba,ABW,2013,25813.5714408438,Latin America & Caribbean 
Aruba,ABW,2012,25119.6655449838,Latin America & Caribbean 
Aruba,ABW,2011,25712.3843015186,Latin America & Caribbean 
Aruba,ABW,2010,24093.1401510626,Latin America & Caribbean 
Aruba,ABW,2009,25134.7712303589,Latin America & Caribbean 
Aruba,ABW,2008,28171.9094008501,Latin America & Caribbean 
Aruba,ABW,2007,26736.3089444046,Latin America & Caribbean 
Aruba,ABW,2006,24845.65848362,Latin America & Caribbean 
Aruba,ABW,2005,24171.8371325422,Latin America & Caribbean 
Aruba,ABW,2004,23700.6319899197,Latin America & Caribbean 
Aruba,ABW,2003,21949.4859960868,Latin America & Caribbean 
Aruba,ABW,2002,21307.2482505267,Latin America & Caribbean 
Aruba,ABW,2001,20740.1325828172,Latin America & Caribbean 
Aruba,ABW,2000,20681.0230269625,Latin America & Caribbean 
Aruba,ABW,1999,19216.1972354472,Latin America & Caribbean 
Aruba,ABW,1998,18828.0870594071,Latin America & Caribbean 
Aruba,ABW,1997,17750.0095644198,Latin America & Caribbean 
Aruba,ABW,1996,16620.9545555513,Latin America & Caribbean 
Aruba,ABW,1995,16548.7173868987,Latin America & Caribbean 
Aruba,ABW,1994,16055.2877874337,Latin America & Caribbean 
Aruba,ABW,1993,14700.9598081521,Latin America & Caribbean 
Aruba,ABW,1992,13892.6051427736,Latin America & Caribbean 
Aruba,ABW,1991,13233.9905169683,Latin America & Caribbean 
Aruba,ABW,1990,12187.5363611898,Latin America & Caribbean 
Aruba,ABW,1989,11507.2171509849,Latin America & Caribbean 
Aruba,ABW,1988,10056.2613927414,Latin America & Caribbean 
Aruba,ABW,1987,8244.04566011433,Latin America & Caribbean 
Aruba,ABW,1986,6767.55922942669,Latin America & Caribbean 
Australia,AUS,2025,65129.7227990563,East Asia & Pacific
Australia,AUS,2024,64609.9865116088,East Asia & Pacific
Australia,AUS,2023,65058.3773146674,East Asia & Pacific
Australia,AUS,2022,65169.5191118657,East Asia & Pacific
Australia,AUS,2021,60758.9044397144,East Asia & Pacific
Australia,AUS,2020,51983.4523666382,East Asia & Pacific
Australia,AUS,2019,55194.7585097428,East Asia & Pacific
Australia,AUS,2018,57410.1737346009,East Asia & Pacific
Australia,AUS,2017,54117.547718609,East Asia & Pacific
Australia,AUS,2016,50084.4440606385,East Asia & Pacific
Australia,AUS,2015,56970.3613028094,East Asia & Pacific
Australia,AUS,2014,62817.2061751737,East Asia & Pacific
Australia,AUS,2013,68476.6788496118,East Asia & Pacific
Australia,AUS,2012,68301.4402512587,East Asia & Pacific
Australia,AUS,2011,62799.3895017032,East Asia & Pacific
Australia,AUS,2010,52313.8939041213,East Asia & Pacific
Australia,AUS,2009,42954.8494884573,East Asia & Pacific
Australia,AUS,2008,49811.2067218988,East Asia & Pacific
Australia,AUS,2007,41128.2476618402,East Asia & Pacific
Australia,AUS,2006,36658.8243476122,East Asia & Pacific
Australia,AUS,2005,34535.20727091,East Asia & Pacific
Australia,AUS,2004,30886.0500949401,East Asia & Pacific
Australia,AUS,2003,23757.5898471684,East Asia & Pacific
Australia,AUS,2002,20335.0960191023,East Asia & Pacific
Australia,AUS,2001,19733.6510102645,East Asia & Pacific
Australia,AUS,2000,21908.9968019784,East Asia & Pacific
Australia,AUS,1999,20749.6443779096,East Asia & Pacific
Australia,AUS,1998,21516.0403147759,East Asia & Pacific
Australia,AUS,1997,23683.4948964934,East Asia & Pacific
Australia,AUS,1996,22055.838490507,East Asia & Pacific
Australia,AUS,1995,20479.1748274233,East Asia & Pacific
Australia,AUS,1994,18155.6282000179,East Asia & Pacific
Australia,AUS,1993,17724.5399501656,East Asia & Pacific
Australia,AUS,1992,18650.3675476612,East Asia & Pacific
Australia,AUS,1991,18885.4274465057,East Asia & Pacific
Australia,AUS,1990,18273.561526468,East Asia & Pacific
Australia,AUS,1989,17857.5520554588,East Asia & Pacific
Australia,AUS,1988,14303.093047615,East Asia & Pacific
Australia,AUS,1987,11665.5298271811,East Asia & Pacific
Australia,AUS,1986,11406.1093011037,East Asia & Pacific
Australia,AUS,1985,11455.379711213,East Asia & Pacific
Australia,AUS,1984,12436.2969052038,East Asia & Pacific
Australia,AUS,1983,11532.4028055582,East Asia & Pacific
Australia,AUS,1982,12797.6758959809,East Asia & Pacific
Australia,AUS,1981,11870.8633077339,East Asia & Pacific
Australia,AUS,1980,10223.2886675105,East Asia & Pacific
Australia,AUS,1979,9307.82127950011,East Asia & Pacific
Australia,AUS,1978,8264.43890373653,East Asia & Pacific
Australia,AUS,1977,7786.4080406928,East Asia & Pacific
Australia,AUS,1976,7497.28175413577,East Asia & Pacific
Australia,AUS,1975,7013.67159761514,East Asia & Pacific
Australia,AUS,1974,6491.74521621099,East Asia & Pacific
Australia,AUS,1973,4777.513168995,East Asia & Pacific
Australia,AUS,1972,3955.22430403017,East Asia & Pacific
Australia,AUS,1971,3500.33603195606,East Asia & Pacific
Australia,AUS,1970,3309.76306254362,East Asia & Pacific
Australia,AUS,1969,2995.86119857452,East Asia & Pacific
Australia,AUS,1968,2728.23426114901,East Asia & Pacific
Australia,AUS,1967,2583.9075241973,East Asia & Pacific
Australia,AUS,1966,2347.37656646515,East Asia & Pacific
Australia,AUS,1965,2284.35582738664,East Asia & Pacific
Australia,AUS,1964,2134.48946124608,East Asia & Pacific
Australia,AUS,1963,1970.17748417817,East Asia & Pacific
Australia,AUS,1962,1857.56127281956,East Asia & Pacific
Australia,AUS,1961,1880.48489498232,East Asia & Pacific
Australia,AUS,1960,1813.43109917039,East Asia & Pacific
Austria,AUT,2025,62930.0351324599,Europe & Central Asia
Austria,AUT,2024,58268.8787651601,Europe & Central Asia
Austria,AUT,2023,56579.504175468,Europe & Central Asia
Austria,AUT,2022,52336.7725223758,Europe & Central Asia
Austria,AUT,2021,53648.6437976214,Europe & Central Asia
Austria,AUT,2020,48716.4098900349,Europe & Central Asia
Austria,AUT,2019,49885.9947355204,Europe & Central Asia
Austria,AUT,2018,51194.0749841299,Europe & Central Asia
Austria,AUT,2017,47163.7425775142,Europe & Central Asia
Austria,AUT,2016,45061.4993920192,Europe & Central Asia
Austria,AUT,2015,43915.228020857,Europe & Central Asia
Austria,AUT,2014,51314.9722616322,Europe & Central Asia
Austria,AUT,2013,50305.3545774973,Europe & Central Asia
Austria,AUT,2012,48250.4059142637,Europe & Central Asia
Austria,AUT,2011,51116.8953522042,Europe & Central Asia
Austria,AUT,2010,46611.1393420232,Europe & Central Asia
Austria,AUT,2009,47857.4446635266,Europe & Central Asia
Austria,AUT,2008,51581.3982361071,Europe & Central Asia
Austria,AUT,2007,46622.9622913635,Europe & Central Asia
Austria,AUT,2006,40382.2078298575,Europe & Central Asia
Austria,AUT,2005,38157.37022862,Europe & Central Asia
Austria,AUT,2004,36614.2506533707,Europe & Central Asia
Austria,AUT,2003,32110.1159661425,Europe & Central Asia
Austria,AUT,2002,26334.862215032,Europe & Central Asia
Austria,AUT,2001,24430.495982841,Europe & Central Asia
Austria,AUT,2000,24487.2974685956,Europe & Central Asia
Austria,AUT,1999,27078.7081612201,Europe & Central Asia
Austria,AUT,1998,27212.4642905708,Europe & Central Asia
Austria,AUT,1997,26571.7523626508,Europe & Central Asia
Austria,AUT,1996,29645.9451251491,Europe & Central Asia
Austria,AUT,1995,30207.0674314652,Europe & Central Asia
Austria,AUT,1994,25546.2460525087,Europe & Central Asia
Austria,AUT,1993,23987.2037240657,Europe & Central Asia
Austria,AUT,1992,24782.7118767063,Europe & Central Asia
Austria,AUT,1991,22323.1312492943,Europe & Central Asia
Austria,AUT,1990,21596.068219998,Europe & Central Asia
Austria,AUT,1989,17400.5226619741,Europe & Central Asia
Austria,AUT,1988,17509.7658683817,Europe & Central Asia
Austria,AUT,1987,16328.5613047296,Europe & Central Asia
Austria,AUT,1986,13031.8281010744,Europe & Central Asia
Austria,AUT,1985,9136.17092559695,Europe & Central Asia
Austria,AUT,1984,8955.84829191534,Europe & Central Asia
Austria,AUT,1983,9500.05070417494,Europe & Central Asia
Austria,AUT,1982,9373.48820626125,Europe & Central Asia
Austria,AUT,1981,9348.48832395232,Europe & Central Asia
Austria,AUT,1980,10826.9718274995,Europe & Central Asia
Austria,AUT,1979,9755.4044562579,Europe & Central Asia
Austria,AUT,1978,8173.32926347245,Europe & Central Asia
Austria,AUT,1977,6783.95142193665,Europe & Central Asia
Austria,AUT,1976,5656.1451383787,Europe & Central Asia
Austria,AUT,1975,5264.91772004051,Europe & Central Asia
Austria,AUT,1974,4612.61920779656,Europe & Central Asia
Austria,AUT,1973,3875.48305618551,Europe & Central Asia
Austria,AUT,1972,2912.59577111524,Europe & Central Asia
Austria,AUT,1971,2371.65247955003,Europe & Central Asia
Austria,AUT,1970,2050.7051537705,Europe & Central Asia
Austria,AUT,1969,1834.0780781796,Europe & Central Asia
Austria,AUT,1968,1685.66211669148,Europe & Central Asia
Austria,AUT,1967,1577.14147705169,Europe & Central Asia
Austria,AUT,1966,1494.04911382106,Europe & Central Asia
Austria,AUT,1965,1381.07725824421,Europe & Central Asia
Austria,AUT,1964,1275.45715281679,Europe & Central Asia
Austria,AUT,1963,1172.55744626178,Europe & Central Asia
Austria,AUT,1962,1093.01419061569,Europe & Central Asia
Austria,AUT,1961,1036.72820436083,Europe & Central Asia
Austria,AUT,1960,939.914814681174,Europe & Central Asia
Azerbaijan,AZE,2025,7410.72281660142,Europe & Central Asia
Azerbaijan,AZE,2024,7294.64276088105,Europe & Central Asia
Azerbaijan,AZE,2023,7133.02838048328,Europe & Central Asia
Azerbaijan,AZE,2022,7770.594223351,Europe & Central Asia
Azerbaijan,AZE,2021,5408.04535175023,Europe & Central Asia
Azerbaijan,AZE,2020,4229.91064904503,Europe & Central Asia
Azerbaijan,AZE,2019,4805.75371765917,Europe & Central Asia
Azerbaijan,AZE,2018,4739.7943123408,Europe & Central Asia
Azerbaijan,AZE,2017,4147.1981423222,Europe & Central Asia
Azerbaijan,AZE,2016,3880.6852276838,Europe & Central Asia
Azerbaijan,AZE,2015,5500.50364628486,Europe & Central Asia
Azerbaijan,AZE,2014,7890.84028062087,Europe & Central Asia
Azerbaijan,AZE,2013,7875.34536661549,Europe & Central Asia
Azerbaijan,AZE,2012,7495.86527658099,Europe & Central Asia
Azerbaijan,AZE,2011,7189.81869211976,Europe & Central Asia
Azerbaijan,AZE,2010,5843.5337683582,Europe & Central Asia
Azerbaijan,AZE,2009,4950.39949009423,Europe & Central Asia
Azerbaijan,AZE,2008,5574.46810432575,Europe & Central Asia
Azerbaijan,AZE,2007,3851.33015175141,Europe & Central Asia
Azerbaijan,AZE,2006,2472.95725732287,Europe & Central Asia
Azerbaijan,AZE,2005,1578.36733030667,Europe & Central Asia
Azerbaijan,AZE,2004,1045.0136328106,Europe & Central Asia
Azerbaijan,AZE,2003,883.692580745256,Europe & Central Asia
Azerbaijan,AZE,2002,763.108895463487,Europe & Central Asia
Azerbaijan,AZE,2001,703.670998584686,Europe & Central Asia
Azerbaijan,AZE,2000,655.097249579917,Europe & Central Asia
Azerbaijan,AZE,1999,573.893528734031,Europe & Central Asia
Azerbaijan,AZE,1998,561.906807871869,Europe & Central Asia
Azerbaijan,AZE,1997,505.516204188336,Europe & Central Asia
Azerbaijan,AZE,1996,409.185543774103,Europe & Central Asia
Azerbaijan,AZE,1995,314.55801908334,Europe & Central Asia
Azerbaijan,AZE,1994,157.063549947072,Europe & Central Asia
Azerbaijan,AZE,1993,209.530954548425,Europe & Central Asia
Azerbaijan,AZE,1992,60.2351205405972,Europe & Central Asia
Azerbaijan,AZE,1991,734.944232805688,Europe & Central Asia
Azerbaijan,AZE,1990,1238.27189274842,Europe & Central Asia
"Bahamas, The",BHS,2024,39455.4466548546,Latin America & Caribbean 
"Bahamas, The",BHS,2023,38231.774484278,Latin America & Caribbean 
"Bahamas, The",BHS,2022,34957.1613279737,Latin America & Caribbean 
"Bahamas, The",BHS,2021,30367.8605757708,Latin America & Caribbean 
"Bahamas, The",BHS,2020,26178.7537607708,Latin America & Caribbean 
"Bahamas, The",BHS,2019,33640.3369861278,Latin America & Caribbean 
"Bahamas, The",BHS,2018,32642.3353203452,Latin America & Caribbean 
"Bahamas, The",BHS,2017,31875.4881749619,Latin America & Caribbean 
"Bahamas, The",BHS,2016,30616.5363157284,Latin America & Caribbean 
"Bahamas, The",BHS,2015,30719.405417469,Latin America & Caribbean 
"Bahamas, The",BHS,2014,29137.2175632622,Latin America & Caribbean 
"Bahamas, The",BHS,2013,27642.7419759179,Latin America & Caribbean 
"Bahamas, The",BHS,2012,28552.0242683151,Latin America & Caribbean 
"Bahamas, The",BHS,2011,27090.8376801379,Latin America & Caribbean 
"Bahamas, The",BHS,2010,27473.100430502,Latin America & Caribbean 
"Bahamas, The",BHS,2009,27512.9130950084,Latin America & Caribbean 
"Bahamas, The",BHS,2008,29392.3824416397,Latin America & Caribbean 
"Bahamas, The",BHS,2007,30051.8489587756,Latin America & Caribbean 
"Bahamas, The",BHS,2006,29184.7865087908,Latin America & Caribbean 
"Bahamas, The",BHS,2005,28602.4181869995,Latin America & Caribbean 
"Bahamas, The",BHS,2004,26650.2934234303,Latin America & Caribbean 
"Bahamas, The",BHS,2003,26429.1247787663,Latin America & Caribbean 
"Bahamas, The",BHS,2002,26781.6195938652,Latin America & Caribbean 
"Bahamas, The",BHS,2001,25371.9237667614,Latin America & Caribbean 
"Bahamas, The",BHS,2000,24940.0775086078,Latin America & Caribbean 
"Bahamas, The",BHS,1999,24041.0933188158,Latin America & Caribbean 
"Bahamas, The",BHS,1998,21667.448821694,Latin America & Caribbean 
"Bahamas, The",BHS,1997,20367.5732702056,Latin America & Caribbean 
"Bahamas, The",BHS,1996,11783.797197226,Latin America & Caribbean 
"Bahamas, The",BHS,1995,11374.6056703852,Latin America & Caribbean 
"Bahamas, The",BHS,1994,10991.2346674131,Latin America & Caribbean 
"Bahamas, The",BHS,1993,10613.0658785813,Latin America & Caribbean 
"Bahamas, The",BHS,1992,10873.4047501635,Latin America & Caribbean 
"Bahamas, The",BHS,1991,11082.3528573617,Latin America & Caribbean 
"Bahamas, The",BHS,1990,11473.3008389353,Latin America & Caribbean 
"Bahamas, The",BHS,1989,11291.4764472044,Latin America & Caribbean 
"Bahamas, The",BHS,1988,10575.797153666,Latin America & Caribbean 
"Bahamas, The",BHS,1987,10361.3488079104,Latin America & Caribbean 
"Bahamas, The",BHS,1986,9600.599527833,Latin America & Caribbean 
"Bahamas, The",BHS,1985,9167.14687502469,Latin America & Caribbean 
"Bahamas, The",BHS,1984,8201.70133768379,Latin America & Caribbean 
"Bahamas, The",BHS,1983,7081.38194836084,Latin America & Caribbean 
"Bahamas, The",BHS,1982,6559.46869259478,Latin America & Caribbean 
"Bahamas, The",BHS,1981,6028.80641044063,Latin America & Caribbean 
"Bahamas, The",BHS,1980,5742.58362505698,Latin America & Caribbean 
"Bahamas, The",BHS,1979,4994.08535249529,Latin America & Caribbean 
"Bahamas, The",BHS,1978,3720.04057901064,Latin America & Caribbean 
"Bahamas, The",BHS,1977,3253.37543404956,Latin America & Caribbean 
"Bahamas, The",BHS,1976,2993.45923795227,Latin America & Caribbean 
"Bahamas, The",BHS,1975,2840.58965343091,Latin America & Caribbean 
"Bahamas, The",BHS,1974,3079.74014083821,Latin America & Caribbean 
"Bahamas, The",BHS,1973,3341.2852169669,Latin America & Caribbean 
"Bahamas, The",BHS,1972,3013.95016704496,Latin America & Caribbean 
"Bahamas, The",BHS,1971,3004.34356612542,Latin America & Caribbean 
"Bahamas, The",BHS,1970,2916.49998378221,Latin America & Caribbean 
"Bahamas, The",BHS,1969,3026.72757204421,Latin America & Caribbean 
"Bahamas, The",BHS,1968,2668.01498039262,Latin America & Caribbean 
"Bahamas, The",BHS,1967,2452.74763198925,Latin America & Caribbean 
"Bahamas, The",BHS,1966,2239.23963996539,Latin America & Caribbean 
"Bahamas, The",BHS,1965,2029.52341329301,Latin America & Caribbean 
"Bahamas, The",BHS,1964,1883.44386022276,Latin America & Caribbean 
"Bahamas, The",BHS,1963,1759.23692156911,Latin America & Caribbean 
"Bahamas, The",BHS,1962,1651.21861850222,Latin America & Caribbean 
"Bahamas, The",BHS,1961,1555.04660837439,Latin America & Caribbean 
"Bahamas, The",BHS,1960,1459.25382495907,Latin America & Caribbean 
Bahrain,BHR,2025,30596.5794898885,"Middle East, North Africa, Afghanistan & Pakistan"
Bahrain,BHR,2024,29717.1424605273,"Middle East, North Africa, Afghanistan & Pakistan"
Bahrain,BHR,2023,29290.1284215098,"Middle East, North Africa, Afghanistan & Pakistan"
Bahrain,BHR,2022,30470.5219276023,"Middle East, North Africa, Afghanistan & Pakistan"
Bahrain,BHR,2021,27147.8083882286,"Middle East, North Africa, Afghanistan & Pakistan"
Bahrain,BHR,2020,24342.8444554718,"Middle East, North Africa, Afghanistan & Pakistan"
Bahrain,BHR,2019,27259.7438599327,"Middle East, North Africa, Afghanistan & Pakistan"
Bahrain,BHR,2018,26324.4066549559,"Middle East, North Africa, Afghanistan & Pakistan"
Bahrain,BHR,2017,24784.7693514607,"Middle East, North Africa, Afghanistan & Pakistan"
Bahrain,BHR,2016,23800.001440631,"Middle East, North Africa, Afghanistan & Pakistan"
Bahrain,BHR,2015,23734.0551143019,"Middle East, North Africa, Afghanistan & Pakistan"
Bahrain,BHR,2014,26451.7965647453,"Middle East, North Africa, Afghanistan & Pakistan"
Bahrain,BHR,2013,26989.7601148469,"Middle East, North Africa, Afghanistan & Pakistan"
Bahrain,BHR,2012,26438.6733230428,"Middle East, North Africa, Afghanistan & Pakistan"
Bahrain,BHR,2011,25032.7867743333,"Middle East, North Africa, Afghanistan & Pakistan"
Bahrain,BHR,2010,21819.3291098099,"Middle East, North Africa, Afghanistan & Pakistan"
Bahrain,BHR,2009,19465.3140745038,"Middle East, North Africa, Afghanistan & Pakistan"
Bahrain,BHR,2008,23299.4992780392,"Middle East, North Africa, Afghanistan & Pakistan"
Bahrain,BHR,2007,20908.4042548073,"Middle East, North Africa, Afghanistan & Pakistan"
Bahrain,BHR,2006,19267.282615072,"Middle East, North Africa, Afghanistan & Pakistan"
Bahrain,BHR,2005,17966.1657837625,"Middle East, North Africa, Afghanistan & Pakistan"
Bahrain,BHR,2004,15963.9493171617,"Middle East, North Africa, Afghanistan & Pakistan"
Bahrain,BHR,2003,14486.0269029822,"Middle East, North Africa, Afghanistan & Pakistan"
Bahrain,BHR,2002,13501.4708801425,"Middle East, North Africa, Afghanistan & Pakistan"
Bahrain,BHR,2001,13573.2339887597,"Middle East, North Africa, Afghanistan & Pakistan"
Bahrain,BHR,2000,14214.4836839343,"Middle East, North Africa, Afghanistan & Pakistan"
Bahrain,BHR,1999,12123.3534715368,"Middle East, North Africa, Afghanistan & Pakistan"
Bahrain,BHR,1998,11625.0343768343,"Middle East, North Africa, Afghanistan & Pakistan"
Bahrain,BHR,1997,12254.6662583128,"Middle East, North Africa, Afghanistan & Pakistan"
Bahrain,BHR,1996,12091.7802188235,"Middle East, North Africa, Afghanistan & Pakistan"
Bahrain,BHR,1995,11900.9317778335,"Middle East, North Africa, Afghanistan & Pakistan"
Bahrain,BHR,1994,11629.3595219612,"Middle East, North Africa, Afghanistan & Pakistan"
Bahrain,BHR,1993,11151.871495742,"Middle East, North Africa, Afghanistan & Pakistan"
Bahrain,BHR,1992,10460.1583222808,"Middle East, North Africa, Afghanistan & Pakistan"
Bahrain,BHR,1991,10434.1323962786,"Middle East, North Africa, Afghanistan & Pakistan"
Bahrain,BHR,1990,9342.53891401688,"Middle East, North Africa, Afghanistan & Pakistan"
Bahrain,BHR,1989,8833.41134256929,"Middle East, North Africa, Afghanistan & Pakistan"
Bahrain,BHR,1988,8771.7853534009,"Middle East, North Africa, Afghanistan & Pakistan"
Bahrain,BHR,1987,8332.91425406054,"Middle East, North Africa, Afghanistan & Pakistan"
Bahrain,BHR,1986,7776.95657736318,"Middle East, North Africa, Afghanistan & Pakistan"
Bahrain,BHR,1985,9648.65643032674,"Middle East, North Africa, Afghanistan & Pakistan"
Bahrain,BHR,1984,10696.9331055208,"Middle East, North Africa, Afghanistan & Pakistan"
Bahrain,BHR,1983,10598.8427157127,"Middle East, North Africa, Afghanistan & Pakistan"
Bahrain,BHR,1982,10712.1529364009,"Middle East, North Africa, Afghanistan & Pakistan"
Bahrain,BHR,1981,10556.5091718735,"Middle East, North Africa, Afghanistan & Pakistan"
Bahrain,BHR,1980,9732.72587186027,"Middle East, North Africa, Afghanistan & Pakistan"
Bahrain,BHR,1979,7890.82982494874,"Middle East, North Africa, Afghanistan & Pakistan"
Bahrain,BHR,1978,6925.98893207436,"Middle East, North Africa, Afghanistan & Pakistan"
Bahrain,BHR,1977,6358.42084195442,"Middle East, North Africa, Afghanistan & Pakistan"
Bahrain,BHR,1976,5310.19132615533,"Middle East, North Africa, Afghanistan & Pakistan"
Bahrain,BHR,1975,3880.44047162927,"Middle East, North Africa, Afghanistan & Pakistan"
Bahrain,BHR,1974,3873.71629107511,"Middle East, North Africa, Afghanistan & Pakistan"
Bahrain,BHR,1973,2981.09253134976,"Middle East, North Africa, Afghanistan & Pakistan"
Bahrain,BHR,1972,2205.917004377,"Middle East, North Africa, Afghanistan & Pakistan"
Bahrain,BHR,1971,1829.74070543315,"Middle East, North Africa, Afghanistan & Pakistan"
Bahrain,BHR,1970,1741.82245407152,"Middle East, North Africa, Afghanistan & Pakistan"
Bangladesh,BGD,2025,2597.34352335275,South Asia
Bangladesh,BGD,2024,2593.41611680774,South Asia
Bangladesh,BGD,2023,2551.01773827307,South Asia
Bangladesh,BGD,2022,2716.48592780431,South Asia
Bangladesh,BGD,2021,2482.84917843357,South Asia
Bangladesh,BGD,2020,2248.85078828233,South Asia
Bangladesh,BGD,2019,2129.79896954606,South Asia
Bangladesh,BGD,2018,1965.24372731467,South Asia
Bangladesh,BGD,2017,1811.08221668646,South Asia
Bangladesh,BGD,2016,1649.28380858601,South Asia
Bangladesh,BGD,2015,1224.38647668165,South Asia
Bangladesh,BGD,2014,1094.46199702838,South Asia
Bangladesh,BGD,2013,958.262989798283,South Asia
Bangladesh,BGD,2012,859.680536375497,South Asia
Bangladesh,BGD,2011,837.336944695647,South Asia
Bangladesh,BGD,2010,757.385280361508,South Asia
Bangladesh,BGD,2009,679.211477428056,South Asia
Bangladesh,BGD,2008,613.06204104124,South Asia
Bangladesh,BGD,2007,537.955492792911,South Asia
Bangladesh,BGD,2006,490.388026533289,South Asia
Bangladesh,BGD,2005,480.08585075452,South Asia
Bangladesh,BGD,2004,455.614016909798,South Asia
Bangladesh,BGD,2003,426.74880754362,South Asia
Bangladesh,BGD,2002,393.886422327628,South Asia
Bangladesh,BGD,2001,394.65641001891,South Asia
Bangladesh,BGD,2000,396.670730249751,South Asia
Bangladesh,BGD,1999,388.095684268235,South Asia
Bangladesh,BGD,1998,385.616881752796,South Asia
Bangladesh,BGD,1997,379.284917709635,South Asia
Bangladesh,BGD,1996,371.917937677345,South Asia
Bangladesh,BGD,1995,309.458680823367,South Asia
Bangladesh,BGD,1994,280.603031791216,South Asia
Bangladesh,BGD,1993,280.757274450366,South Asia
Bangladesh,BGD,1992,273.465072520272,South Asia
Bangladesh,BGD,1991,272.064948495878,South Asia
Bangladesh,BGD,1990,283.053737055234,South Asia
Bangladesh,BGD,1989,263.005720827547,South Asia
Bangladesh,BGD,1988,247.901465967332,South Asia
Bangladesh,BGD,1987,231.499584520483,South Asia
Bangladesh,BGD,1986,212.14899385306,South Asia
Bangladesh,BGD,1985,222.22018039634,South Asia
Bangladesh,BGD,1984,193.435020976238,South Asia
Bangladesh,BGD,1983,184.70677287459,South Asia
Bangladesh,BGD,1982,199.595944646851,South Asia
Bangladesh,BGD,1981,224.241392391192,South Asia
Bangladesh,BGD,1980,206.075714312155,South Asia
Bangladesh,BGD,1979,181.130706703135,South Asia
Bangladesh,BGD,1978,158.324255152285,South Asia
Bangladesh,BGD,1977,117.887771379224,South Asia
Bangladesh,BGD,1976,126.693044204437,South Asia
Bangladesh,BGD,1975,249.804254016022,South Asia
Bangladesh,BGD,1974,164.986393602814,South Asia
Bangladesh,BGD,1973,109.691726756912,South Asia
Bangladesh,BGD,1972,87.773765191476,South Asia
Bangladesh,BGD,1971,124.533963099152,South Asia
Bangladesh,BGD,1970,130.218160844955,South Asia
Bangladesh,BGD,1969,125.880311698198,South Asia
Bangladesh,BGD,1968,114.414967470375,South Asia
Bangladesh,BGD,1967,114.209881696109,South Asia
Bangladesh,BGD,1966,104.42205467886,South Asia
Bangladesh,BGD,1965,98.6041470420746,South Asia
Bangladesh,BGD,1964,92.5782977938389,South Asia
Bangladesh,BGD,1963,94.1423742967849,South Asia
Bangladesh,BGD,1962,92.5894211769315,South Asia
Bangladesh,BGD,1961,90.3685786294248,South Asia
Bangladesh,BGD,1960,82.4812774116354,South Asia
Barbados,BRB,2025,28364.8181499736,Latin America & Caribbean 
Barbados,BRB,2024,26897.2002039176,Latin America & Caribbean 
Barbados,BRB,2023,25583.8722302505,Latin America & Caribbean 
Barbados,BRB,2022,24393.2193483944,Latin America & Caribbean 
Barbados,BRB,2021,21084.4013935998,Latin America & Caribbean 
Barbados,BRB,2020,19180.9915228365,Latin America & Caribbean 
Barbados,BRB,2019,21929.435611489,Latin America & Caribbean 
Barbados,BRB,2018,21378.2201267496,Latin America & Caribbean 
Barbados,BRB,2017,20870.7596432179,Latin America & Caribbean 
Barbados,BRB,2016,20311.4094163764,Latin America & Caribbean 
Barbados,BRB,2015,20429.4747123553,Latin America & Caribbean 
Barbados,BRB,2014,20423.7177921163,Latin America & Caribbean 
Barbados,BRB,2013,20384.4910233555,Latin America & Caribbean 
Barbados,BRB,2012,19811.2953079751,Latin America & Caribbean 
Barbados,BRB,2011,20146.2381264508,Latin America & Caribbean 
Barbados,BRB,2010,19723.2381931602,Latin America & Caribbean 
Barbados,BRB,2009,16294.9099491834,Latin America & Caribbean 
Barbados,BRB,2008,17565.6929970592,Latin America & Caribbean 
Barbados,BRB,2007,17235.4396434785,Latin America & Caribbean 
Barbados,BRB,2006,15619.6005955511,Latin America & Caribbean 
Barbados,BRB,2005,14214.4202213572,Latin America & Caribbean 
Barbados,BRB,2004,12886.3665272467,Latin America & Caribbean 
Barbados,BRB,2003,12075.9587020649,Latin America & Caribbean 
Barbados,BRB,2002,11760.4524736133,Latin America & Caribbean 
Barbados,BRB,2001,11639.5160522054,Latin America & Caribbean 
Barbados,BRB,2000,11674.6736471764,Latin America & Caribbean 
Barbados,BRB,1999,11244.3087668392,Latin America & Caribbean 
Barbados,BRB,1998,10734.3637242884,Latin America & Caribbean 
Barbados,BRB,1997,9521.57127377123,Latin America & Caribbean 
Barbados,BRB,1996,9011.77884838722,Latin America & Caribbean 
Barbados,BRB,1995,8460.47380869104,Latin America & Caribbean 
Barbados,BRB,1994,8223.16681181719,Latin America & Caribbean 
Barbados,BRB,1993,7904.70762426389,Latin America & Caribbean 
Barbados,BRB,1992,7519.20143544898,Latin America & Caribbean 
Barbados,BRB,1991,7790.26229439159,Latin America & Caribbean 
Barbados,BRB,1990,7781.40573306125,Latin America & Caribbean 
Barbados,BRB,1989,7772.55022803365,Latin America & Caribbean 
Barbados,BRB,1988,7032.65370811416,Latin America & Caribbean 
Barbados,BRB,1987,6624.59939505809,Latin America & Caribbean 
Barbados,BRB,1986,6031.35860779383,Latin America & Caribbean 
Barbados,BRB,1985,5509.8746029115,Latin America & Caribbean 
Barbados,BRB,1984,5283.57944099441,Latin America & Caribbean 
Barbados,BRB,1983,4866.35999061756,Latin America & Caribbean 
Barbados,BRB,1982,4598.7626399513,Latin America & Caribbean 
Barbados,BRB,1981,4416.71519879857,Latin America & Caribbean 
Barbados,BRB,1980,4024.58856621204,Latin America & Caribbean 
Barbados,BRB,1979,2667.90751006045,Latin America & Caribbean 
Barbados,BRB,1978,2197.89906243719,Latin America & Caribbean 
Barbados,BRB,1977,1967.59344395667,Latin America & Caribbean 
Barbados,BRB,1976,1733.64540764741,Latin America & Caribbean 
Barbados,BRB,1975,1601.18883256516,Latin America & Caribbean 
Barbados,BRB,1974,1243.35417471937,Latin America & Caribbean 
Barbados,BRB,1973,1041.72956280824,Latin America & Caribbean 
Barbados,BRB,1972,856.071973120587,Latin America & Caribbean 
Barbados,BRB,1971,749.801351020502,Latin America & Caribbean 
Barbados,BRB,1970,666.475008721385,Latin America & Caribbean 
Barbados,BRB,1969,566.833205048027,Latin America & Caribbean 
Barbados,BRB,1968,505.889066146294,Latin America & Caribbean 
Barbados,BRB,1967,508.128619491284,Latin America & Caribbean 
Barbados,BRB,1966,462.028452555116,Latin America & Caribbean 
Barbados,BRB,1965,433.228679761215,Latin America & Caribbean 
Barbados,BRB,1964,413.625432165232,Latin America & Caribbean 
Barbados,BRB,1963,420.504389538497,Latin America & Caribbean 
Barbados,BRB,1962,377.438456365881,Latin America & Caribbean 
Barbados,BRB,1961,366.135499084709,Latin America & Caribbean 
Barbados,BRB,1960,346.575456793331,Latin America & Caribbean 
Belarus,BLR,2025,10279.2547190723,Europe & Central Asia
Belarus,BLR,2024,8605.60954569694,Europe & Central Asia
Belarus,BLR,2023,7896.75388295584,Europe & Central Asia
Belarus,BLR,2022,7994.64806074889,Europe & Central Asia
Belarus,BLR,2021,7489.71894713888,Europe & Central Asia
Belarus,BLR,2020,6542.85579976768,Europe & Central Asia
Belarus,BLR,2019,6837.77339645635,Europe & Central Asia
Belarus,BLR,2018,6360.037502312,Europe & Central Asia
Belarus,BLR,2017,5785.54491935194,Europe & Central Asia
Belarus,BLR,2016,5039.77560949445,Europe & Central Asia
Belarus,BLR,2015,5967.05595058777,Europe & Central Asia
Belarus,BLR,2014,8341.31809294883,Europe & Central Asia
Belarus,BLR,2013,7998.0802045456,Europe & Central Asia
Belarus,BLR,2012,6953.21591683101,Europe & Central Asia
Belarus,BLR,2011,6527.6593428786,Europe & Central Asia
Belarus,BLR,2010,6034.67885177216,Europe & Central Asia
Belarus,BLR,2009,5352.48809190697,Europe & Central Asia
Belarus,BLR,2008,6376.17569162063,Europe & Central Asia
Belarus,BLR,2007,4735.48107556066,Europe & Central Asia
Belarus,BLR,2006,3848.22350300163,Europe & Central Asia
Belarus,BLR,2005,3126.07176665248,Europe & Central Asia
Belarus,BLR,2004,2378.33700470129,Europe & Central Asia
Belarus,BLR,2003,1819.52653114699,Europe & Central Asia
Belarus,BLR,2002,1479.38066337175,Europe & Central Asia
Belarus,BLR,2001,1244.37318523431,Europe & Central Asia
Belarus,BLR,2000,1276.2880341,Europe & Central Asia
Belarus,BLR,1999,1210.6117195862,Europe & Central Asia
Belarus,BLR,1998,1511.32531567314,Europe & Central Asia
Belarus,BLR,1997,1396.44201900881,Europe & Central Asia
Belarus,BLR,1996,1427.26896385327,Europe & Central Asia
Belarus,BLR,1995,1370.69991385664,Europe & Central Asia
Belarus,BLR,1994,1460.00791360458,Europe & Central Asia
Belarus,BLR,1993,1589.51011343649,Europe & Central Asia
Belarus,BLR,1992,1658.08641281239,Europe & Central Asia
Belarus,BLR,1991,1805.45592531527,Europe & Central Asia
Belarus,BLR,1990,1706.64091882343,Europe & Central Asia
Belgium,BEL,2025,60750.2735864647,Europe & Central Asia
Belgium,BEL,2024,56581.9375642531,Europe & Central Asia
Belgium,BEL,2023,55244.68145811,Europe & Central Asia
Belgium,BEL,2022,50639.0264882739,Europe & Central Asia
Belgium,BEL,2021,51658.238294958,Europe & Central Asia
Belgium,BEL,2020,45906.2875805246,Europe & Central Asia
Belgium,BEL,2019,46716.6227467964,Europe & Central Asia
Belgium,BEL,2018,47487.2100392561,Europe & Central Asia
Belgium,BEL,2017,44035.3239358548,Europe & Central Asia
Belgium,BEL,2016,41854.5498296444,Europe & Central Asia
Belgium,BEL,2015,40893.804537772,Europe & Central Asia
Belgium,BEL,2014,47995.7786961339,Europe & Central Asia
Belgium,BEL,2013,46964.5946777056,Europe & Central Asia
Belgium,BEL,2012,44874.1709182123,Europe & Central Asia
Belgium,BEL,2011,47760.8298776546,Europe & Central Asia
Belgium,BEL,2010,44197.393671162,Europe & Central Asia
Belgium,BEL,2009,44923.3400135081,Europe & Central Asia
Belgium,BEL,2008,48303.397956286,Europe & Central Asia
Belgium,BEL,2007,44319.165448813,Europe & Central Asia
Belgium,BEL,2006,38705.1067959147,Europe & Central Asia
Belgium,BEL,2005,36809.7013403619,Europe & Central Asia
Belgium,BEL,2004,35429.4077933344,Europe & Central Asia
Belgium,BEL,2003,30655.2092679024,Europe & Central Asia
Belgium,BEL,2002,25006.191397109,Europe & Central Asia
Belgium,BEL,2001,23015.0712632462,Europe & Central Asia
Belgium,BEL,2000,23098.8865077401,Europe & Central Asia
Belgium,BEL,1999,25252.8019066564,Europe & Central Asia
Belgium,BEL,1998,25338.4432934904,Europe & Central Asia
Belgium,BEL,1997,24820.9380503896,Europe & Central Asia
Belgium,BEL,1996,27489.5551770488,Europe & Central Asia
Belgium,BEL,1995,28413.8264387368,Europe & Central Asia
Belgium,BEL,1994,24208.5547931447,Europe & Central Asia
Belgium,BEL,1993,22283.9360213551,Europe & Central Asia
Belgium,BEL,1992,23372.619171015,Europe & Central Asia
Belgium,BEL,1991,21041.6606519648,Europe & Central Asia
Belgium,BEL,1990,20600.3752789827,Europe & Central Asia
Belgium,BEL,1989,16525.0617432848,Europe & Central Asia
Belgium,BEL,1988,16391.093827791,Europe & Central Asia
Belgium,BEL,1987,15135.8523116968,Europe & Central Asia
Belgium,BEL,1986,12170.0406962702,Europe & Central Asia
Belgium,BEL,1985,8750.81851250536,Europe & Central Asia
Belgium,BEL,1984,8457.26880316374,Europe & Central Asia
Belgium,BEL,1983,8846.23429846974,Europe & Central Asia
Belgium,BEL,1982,9343.86109959618,Europe & Central Asia
Belgium,BEL,1981,10622.8024830789,Europe & Central Asia
Belgium,BEL,1980,12864.0025661396,Europe & Central Asia
Belgium,BEL,1979,11810.6158754725,Europe & Central Asia
Belgium,BEL,1978,10289.7684173296,Europe & Central Asia
Belgium,BEL,1977,8426.94695947372,Europe & Central Asia
Belgium,BEL,1976,7243.04734119583,Europe & Central Asia
Belgium,BEL,1975,6701.37736052433,Europe & Central Asia
Belgium,BEL,1974,5733.79813933878,Europe & Central Asia
Belgium,BEL,1973,4900.96220075866,Europe & Central Asia
Belgium,BEL,1972,3831.63189999433,Europe & Central Asia
Belgium,BEL,1971,3082.92798879126,Europe & Central Asia
Belgium,BEL,1970,2765.89099664794,Europe & Central Asia
Belgium,BEL,1969,2490.1071730838,Europe & Central Asia
Belgium,BEL,1968,2251.31575906782,Europe & Central Asia
Belgium,BEL,1967,2113.82194132888,Europe & Central Asia
Belgium,BEL,1966,1983.13119821777,Europe & Central Asia
Belgium,BEL,1965,1859.50998671639,Europe & Central Asia
Belgium,BEL,1964,1724.01894179056,Europe & Central Asia
Belgium,BEL,1963,1555.02293182578,Europe & Central Asia
Belgium,BEL,1962,1457.26516998378,Europe & Central Asia
Belgium,BEL,1961,1367.78885228138,Europe & Central Asia
Belgium,BEL,1960,1290.28607216192,Europe & Central Asia
Belize,BLZ,2025,7865.47937690933,Latin America & Caribbean 
Belize,BLZ,2024,7681.24400583113,Latin America & Caribbean 
Belize,BLZ,2023,7424.75821321022,Latin America & Caribbean 
Belize,BLZ,2022,7068.21728043145,Latin America & Caribbean 
Belize,BLZ,2021,6142.98930557031,Latin America & Caribbean 
Belize,BLZ,2020,5238.54078175696,Latin America & Caribbean 
Belize,BLZ,2019,6171.61449761423,Latin America & Caribbean 
Belize,BLZ,2018,6011.99036888587,Latin America & Caribbean 
Belize,BLZ,2017,6071.85451846453,Latin America & Caribbean 
Belize,BLZ,2016,6140.86713919469,Latin America & Caribbean 
Belize,BLZ,2015,6154.62264230369,Latin America & Caribbean 
Belize,BLZ,2014,6128.12053089077,Latin America & Caribbean 
Belize,BLZ,2013,5957.34953619006,Latin America & Caribbean 
Belize,BLZ,2012,5732.66519942347,Latin America & Caribbean 
Belize,BLZ,2011,5596.05222152289,Latin America & Caribbean 
Belize,BLZ,2010,5461.40735999001,Latin America & Caribbean 
Belize,BLZ,2009,5399.67100001919,Latin America & Caribbean 
Belize,BLZ,2008,5711.81458859709,Latin America & Caribbean 
Belize,BLZ,2007,5762.21023302938,Latin America & Caribbean 
Belize,BLZ,2006,5524.78167834986,Latin America & Caribbean 
Belize,BLZ,2005,5270.41479135312,Latin America & Caribbean 
Belize,BLZ,2004,5153.71308265363,Latin America & Caribbean 
Belize,BLZ,2003,4959.74012434605,Latin America & Caribbean 
Belize,BLZ,2002,4858.86062599362,Latin America & Caribbean 
Belize,BLZ,2001,4718.77715104739,Latin America & Caribbean 
Belize,BLZ,2000,4726.50675459616,Latin America & Caribbean 
Belize,BLZ,1999,4289.5277590653,Latin America & Caribbean 
Belize,BLZ,1998,4125.92539958166,Latin America & Caribbean 
Belize,BLZ,1997,4014.40380600241,Latin America & Caribbean 
Belize,BLZ,1996,4043.26517997242,Latin America & Caribbean 
Belize,BLZ,1995,4009.82752539849,Latin America & Caribbean 
Belize,BLZ,1994,3876.69327011457,Latin America & Caribbean 
Belize,BLZ,1993,3859.6584437307,Latin America & Caribbean 
Belize,BLZ,1992,3642.9480634402,Latin America & Caribbean 
Belize,BLZ,1991,3190.13098802395,Latin America & Caribbean 
Belize,BLZ,1990,2986.46962075029,Latin America & Caribbean 
Belize,BLZ,1989,2741.93638439592,Latin America & Caribbean 
Belize,BLZ,1988,2405.81116565818,Latin America & Caribbean 
Belize,BLZ,1987,2165.89431416265,Latin America & Caribbean 
Belize,BLZ,1986,1859.10214020555,Latin America & Caribbean 
Belize,BLZ,1985,1754.01108696183,Latin America & Caribbean 
Belize,BLZ,1984,1814.18859813551,Latin America & Caribbean 
Belize,BLZ,1983,1677.25548155115,Latin America & Caribbean 
Belize,BLZ,1982,1629.32322940976,Latin America & Caribbean 
Belize,BLZ,1981,1752.51703789335,Latin America & Caribbean 
Belize,BLZ,1980,1774.4136989701,Latin America & Caribbean 
Belize,BLZ,1979,1071.443696269,Latin America & Caribbean 
Belize,BLZ,1978,982.604370174389,Latin America & Caribbean 
Belize,BLZ,1977,865.792901454885,Latin America & Caribbean 
Belize,BLZ,1976,729.488780751524,Latin America & Caribbean 
Belize,BLZ,1975,906.486277401685,Latin America & Caribbean 
Belize,BLZ,1974,804.777863602367,Latin America & Caribbean 
Belize,BLZ,1973,618.567502314442,Latin America & Caribbean 
Belize,BLZ,1972,529.356647508447,Latin America & Caribbean 
Belize,BLZ,1971,481.04464147376,Latin America & Caribbean 
Belize,BLZ,1970,441.7894689257,Latin America & Caribbean 
Belize,BLZ,1969,401.557990513297,Latin America & Caribbean 
Belize,BLZ,1968,392.282566057727,Latin America & Caribbean 
Belize,BLZ,1967,426.264071353746,Latin America & Caribbean 
Belize,BLZ,1966,411.933019943696,Latin America & Caribbean 
Belize,BLZ,1965,383.186435252354,Latin America & Caribbean 
Belize,BLZ,1964,356.235408350011,Latin America & Caribbean 
Belize,BLZ,1963,341.932583787017,Latin America & Caribbean 
Belize,BLZ,1962,331.704794335727,Latin America & Caribbean 
Belize,BLZ,1961,320.029476728041,Latin America & Caribbean 
Belize,BLZ,1960,307.414508338751,Latin America & Caribbean 
Benin,BEN,2025,1658.27312662991,Sub-Saharan Africa 
Benin,BEN,2024,1485.38018885134,Sub-Saharan Africa 
Benin,BEN,2023,1394.17784721831,Sub-Saharan Africa 
Benin,BEN,2022,1266.42711031904,Sub-Saharan Africa 
Benin,BEN,2021,1318.65158075198,Sub-Saharan Africa 
Benin,BEN,2020,1200.19426557789,Sub-Saharan Africa 
Benin,BEN,2019,1130.82135339795,Sub-Saharan Africa 
Benin,BEN,2018,1151.7409703472,Sub-Saharan Africa 
Benin,BEN,2017,1054.97408066814,Sub-Saharan Africa 
Benin,BEN,2016,1010.5338961993,Sub-Saharan Africa 
Benin,BEN,2015,1002.41886879614,Sub-Saharan Africa 
Benin,BEN,2014,1204.39918670094,Sub-Saharan Africa 
Benin,BEN,2013,1168.92699279226,Sub-Saharan Africa 
Benin,BEN,2012,1071.5258366283,Sub-Saharan Africa 
Benin,BEN,2011,1059.41358852588,Sub-Saharan Africa 
Benin,BEN,2010,973.244254931526,Sub-Saharan Africa 
Benin,BEN,2009,1024.10277858112,Sub-Saharan Africa 
Benin,BEN,2008,1060.60254502099,Sub-Saharan Africa 
Benin,BEN,2007,912.338247188342,Sub-Saharan Africa 
Benin,BEN,2006,809.147072506221,Sub-Saharan Africa 
Benin,BEN,2005,779.437777753268,Sub-Saharan Africa 
Benin,BEN,2004,758.695803786371,Sub-Saharan Africa 
Benin,BEN,2003,676.002878084282,Sub-Saharan Africa 
Benin,BEN,2002,546.463829658159,Sub-Saharan Africa 
Benin,BEN,2001,492.401499509072,Sub-Saharan Africa 
Benin,BEN,2000,487.424141384242,Sub-Saharan Africa 
Benin,BEN,1999,525.130597245974,Sub-Saharan Africa 
Benin,BEN,1998,361.601983057505,Sub-Saharan Africa 
Benin,BEN,1997,344.550491498963,Sub-Saharan Africa 
Benin,BEN,1996,369.394384135736,Sub-Saharan Africa 
Benin,BEN,1995,348.435238914394,Sub-Saharan Africa 
Benin,BEN,1994,262.129807445074,Sub-Saharan Africa 
Benin,BEN,1993,387.310054813122,Sub-Saharan Africa 
Benin,BEN,1992,301.77329696287,Sub-Saharan Africa 
Benin,BEN,1991,364.689296016645,Sub-Saharan Africa 
Benin,BEN,1990,371.101604332357,Sub-Saharan Africa 
Benin,BEN,1989,293.321949550953,Sub-Saharan Africa 
Benin,BEN,1988,326.179757700303,Sub-Saharan Africa 
Benin,BEN,1987,324.253765166191,Sub-Saharan Africa 
Benin,BEN,1986,285.771551064424,Sub-Saharan Africa 
Benin,BEN,1985,230.434117218913,Sub-Saharan Africa 
Benin,BEN,1984,238.574457355381,Sub-Saharan Africa 
Benin,BEN,1983,255.983601560726,Sub-Saharan Africa 
Benin,BEN,1982,305.0040635075,Sub-Saharan Africa 
Benin,BEN,1981,319.718185970269,Sub-Saharan Africa 
Benin,BEN,1980,358.003054209903,Sub-Saharan Africa 
Benin,BEN,1979,310.651387084352,Sub-Saharan Africa 
Benin,BEN,1978,249.802926180538,Sub-Saharan Africa 
Benin,BEN,1977,207.012962247396,Sub-Saharan Africa 
Benin,BEN,1976,197.726361142541,Sub-Saharan Africa 
Benin,BEN,1975,196.455786019338,Sub-Saharan Africa 
Benin,BEN,1974,164.946594142916,Sub-Saharan Africa 
Benin,BEN,1973,153.609468135703,Sub-Saharan Africa 
Benin,BEN,1972,127.927157014331,Sub-Saharan Africa 
Benin,BEN,1971,106.889292742067,Sub-Saharan Africa 
Benin,BEN,1970,108.848779482547,Sub-Saharan Africa 
Benin,BEN,1969,110.314794748212,Sub-Saharan Africa 
Benin,BEN,1968,111.211494175445,Sub-Saharan Africa 
Benin,BEN,1967,106.58624185995,Sub-Saharan Africa 
Benin,BEN,1966,107.637211853532,Sub-Saharan Africa 
Benin,BEN,1965,105.117986938927,Sub-Saharan Africa 
Benin,BEN,1964,99.7850246017255,Sub-Saharan Africa 
Benin,BEN,1963,95.7167369761973,Sub-Saharan Africa 
Benin,BEN,1962,90.7738610077473,Sub-Saharan Africa 
Benin,BEN,1961,92.085848129765,Sub-Saharan Africa 
Benin,BEN,1960,89.8569246539715,Sub-Saharan Africa 
Bermuda,BMU,2024,142250.433195123,North America
Bermuda,BMU,2023,132961.760796315,North America
Bermuda,BMU,2022,119969.173269085,North America
Bermuda,BMU,2021,112765.08167306,North America
Bermuda,BMU,2020,106976.546239632,North America
Bermuda,BMU,2019,115798.040775578,North America
Bermuda,BMU,2018,113204.82210838,North America
Bermuda,BMU,2017,112339.425587467,North America
Bermuda,BMU,2016,108747.356144305,North America
Bermuda,BMU,2015,104855.366822135,North America
Bermuda,BMU,2014,100961.576602811,North America
Bermuda,BMU,2013,101704.40746217,North America
Bermuda,BMU,2012,100213.493385287,North America
Bermuda,BMU,2011,99049.0169927667,North America
Bermuda,BMU,2010,104111.824244802,North America
Bermuda,BMU,2009,104711.712420357,North America
Bermuda,BMU,2008,110268.562401264,North America
Bermuda,BMU,2007,107395.651483891,North America
Bermuda,BMU,2006,97781.4558996721,North America
Bermuda,BMU,2005,77628.103522508,North America
Bermuda,BMU,2004,71692.1589001679,North America
Bermuda,BMU,2003,67106.8028083224,North America
Bermuda,BMU,2002,63358.5658652763,North America
Bermuda,BMU,2001,59490.2452034202,North America
Bermuda,BMU,2000,56542.9569455727,North America
Bermuda,BMU,1999,54388.3417315621,North America
Bermuda,BMU,1998,51629.2814855126,North America
Bermuda,BMU,1997,48736.6768034299,North America
Bermuda,BMU,1996,45063.6149332085,North America
Bermuda,BMU,1995,34115.3445553204,North America
Bermuda,BMU,1994,31543.0634861641,North America
Bermuda,BMU,1993,30950.0799102285,North America
Bermuda,BMU,1992,28761.9634632835,North America
Bermuda,BMU,1991,28195.7091611479,North America
Bermuda,BMU,1990,27665.525808301,North America
Bermuda,BMU,1989,26282.6240963434,North America
Bermuda,BMU,1988,24958.1127004004,North America
Bermuda,BMU,1987,23042.7435883764,North America
Bermuda,BMU,1986,20996.9767217163,North America
Bermuda,BMU,1985,18713.8825139071,North America
Bermuda,BMU,1984,17866.9174355163,North America
Bermuda,BMU,1983,16236.741698158,North America
Bermuda,BMU,1982,14442.7902256054,North America
Bermuda,BMU,1981,13687.7980628553,North America
Bermuda,BMU,1980,11426.6012333948,North America
Bermuda,BMU,1979,9664.21884634789,North America
Bermuda,BMU,1978,8904.94282345455,North America
Bermuda,BMU,1977,8383.03139417126,North America
Bermuda,BMU,1976,7259.91355008457,North America
Bermuda,BMU,1975,6493.6287150144,North America
Bermuda,BMU,1974,5891.88781664656,North America
Bermuda,BMU,1973,5090.09179163676,North America
Bermuda,BMU,1972,4458.08003333144,North America
Bermuda,BMU,1971,4012.77396544186,North America
Bermuda,BMU,1970,3574.16928861945,North America
Bermuda,BMU,1969,3214.04903909874,North America
Bermuda,BMU,1968,2975.95428934212,North America
Bermuda,BMU,1967,2722.46233388537,North America
Bermuda,BMU,1966,2369.47294680018,North America
Bermuda,BMU,1965,2064.85324792988,North America
Bermuda,BMU,1964,1986.64081017022,North America
Bermuda,BMU,1963,1821.79091310101,North America
Bermuda,BMU,1962,1824.18228260132,North America
Bermuda,BMU,1961,1773.99531572479,North America
Bermuda,BMU,1960,1715.31463229719,North America
Bhutan,BTN,2025,4492.78400306618,South Asia
Bhutan,BTN,2024,4228.05102403654,South Asia
Bhutan,BTN,2023,3831.32535564326,South Asia
Bhutan,BTN,2022,3711.32767981591,South Asia
Bhutan,BTN,2021,3570.61257980872,South Asia
Bhutan,BTN,2020,3191.66906999331,South Asia
Bhutan,BTN,2019,3576.87987100503,South Asia
Bhutan,BTN,2018,3400.20417245342,South Asia
Bhutan,BTN,2017,3435.28804735662,South Asia
Bhutan,BTN,2016,3152.30905106786,South Asia
Bhutan,BTN,2015,2954.04081911097,South Asia
Bhutan,BTN,2014,2849.49998647303,South Asia
Bhutan,BTN,2013,2679.95217201538,South Asia
Bhutan,BTN,2012,2751.2128864294,South Asia
Bhutan,BTN,2011,2787.97967608562,South Asia
Bhutan,BTN,2010,2435.5798056672,South Asia
Bhutan,BTN,2009,1918.39599211093,South Asia
Bhutan,BTN,2008,1919.59774896395,South Asia
Bhutan,BTN,2007,1850.41570433398,South Asia
Bhutan,BTN,2006,1405.6071618158,South Asia
Bhutan,BTN,2005,1299.94938578359,South Asia
Bhutan,BTN,2004,1130.35934606796,South Asia
Bhutan,BTN,2003,1022.38240311018,South Asia
Bhutan,BTN,2002,895.799489930972,South Asia
Bhutan,BTN,2001,812.238210772056,South Asia
Bhutan,BTN,2000,771.924911410619,South Asia
Bhutan,BTN,1999,685.419830628567,South Asia
Bhutan,BTN,1998,638.278962310609,South Asia
Bhutan,BTN,1997,630.447410148304,South Asia
Bhutan,BTN,1996,552.873891403681,South Asia
Bhutan,BTN,1995,530.103676927417,South Asia
Bhutan,BTN,1994,467.008312125283,South Asia
Bhutan,BTN,1993,407.39984249657,South Asia
Bhutan,BTN,1992,415.791522568451,South Asia
Bhutan,BTN,1991,400.634705187075,South Asia
Bhutan,BTN,1990,488.327431477129,South Asia
Bhutan,BTN,1989,461.654618792732,South Asia
Bhutan,BTN,1988,488.877757351253,South Asia
Bhutan,BTN,1987,449.060443850487,South Asia
Bhutan,BTN,1986,364.694569557154,South Asia
Bhutan,BTN,1985,321.186830951891,South Asia
Bhutan,BTN,1984,325.545257021725,South Asia
Bhutan,BTN,1983,328.204016909505,South Asia
Bhutan,BTN,1982,305.824658960335,South Asia
Bhutan,BTN,1981,310.77041169131,South Asia
Bhutan,BTN,1980,296.880510831581,South Asia
Bhutan,BTN,1979,251.378805345213,South Asia
Bhutan,BTN,1978,232.172369685589,South Asia
Bhutan,BTN,1977,249.935358333789,South Asia
Bhutan,BTN,1976,233.721532349196,South Asia
Bhutan,BTN,1975,237.350734416968,South Asia
Bhutan,BTN,1974,262.777366220031,South Asia
Bhutan,BTN,1973,230.90176999619,South Asia
Bhutan,BTN,1972,212.375150813633,South Asia
Bhutan,BTN,1971,207.666560128876,South Asia
Bhutan,BTN,1970,200.345229822469,South Asia
Bolivia,BOL,2025,5147.81081955367,Latin America & Caribbean 
Bolivia,BOL,2024,4421.16609889999,Latin America & Caribbean 
Bolivia,BOL,2023,4274.70820547613,Latin America & Caribbean 
Bolivia,BOL,2022,4219.46113742445,Latin America & Caribbean 
Bolivia,BOL,2021,4010.76053686204,Latin America & Caribbean 
Bolivia,BOL,2020,3580.96761778303,Latin America & Caribbean 
Bolivia,BOL,2019,4203.15492855788,Latin America & Caribbean 
Bolivia,BOL,2018,4206.8552936661,Latin America & Caribbean 
Bolivia,BOL,2017,4048.40119739839,Latin America & Caribbean 
Bolivia,BOL,2016,3035.87347732132,Latin America & Caribbean 
Bolivia,BOL,2015,2996.01289811344,Latin America & Caribbean 
Bolivia,BOL,2014,3041.43503162408,Latin America & Caribbean 
Bolivia,BOL,2013,2870.02377000756,Latin America & Caribbean 
Bolivia,BOL,2012,2575.59857098084,Latin America & Caribbean 
Bolivia,BOL,2011,2315.52121930607,Latin America & Caribbean 
Bolivia,BOL,2010,1929.78373077158,Latin America & Caribbean 
Bolivia,BOL,2009,1731.18172112209,Latin America & Caribbean 
Bolivia,BOL,2008,1692.67248455876,Latin America & Caribbean 
Bolivia,BOL,2007,1354.54905949929,Latin America & Caribbean 
Bolivia,BOL,2006,1202.71150446327,Latin America & Caribbean 
Bolivia,BOL,2005,1020.12326200737,Latin America & Caribbean 
Bolivia,BOL,2004,953.191893246277,Latin America & Caribbean 
Bolivia,BOL,2003,893.013760211149,Latin America & Caribbean 
Bolivia,BOL,2002,888.221328974352,Latin America & Caribbean 
Bolivia,BOL,2001,930.168227214313,Latin America & Caribbean 
Bolivia,BOL,2000,975.777060358751,Latin America & Caribbean 
Bolivia,BOL,1999,979.344494964572,Latin America & Caribbean 
Bolivia,BOL,1998,1022.14506519545,Latin America & Caribbean 
Bolivia,BOL,1997,970.351843368594,Latin America & Caribbean 
Bolivia,BOL,1996,922.113259069714,Latin America & Caribbean 
Bolivia,BOL,1995,852.754034861444,Latin America & Caribbean 
Bolivia,BOL,1994,774.035669644318,Latin America & Caribbean 
Bolivia,BOL,1993,756.637016048451,Latin America & Caribbean 
Bolivia,BOL,1992,759.57113496365,Latin America & Caribbean 
Bolivia,BOL,1991,733.935487602519,Latin America & Caribbean 
Bolivia,BOL,1990,682.67681029538,Latin America & Caribbean 
Bolivia,BOL,1989,675.469993900788,Latin America & Caribbean 
Bolivia,BOL,1988,672.607268146683,Latin America & Caribbean 
Bolivia,BOL,1987,649.708769442851,Latin America & Caribbean 
Bolivia,BOL,1986,604.257233504238,Latin America & Caribbean 
Bolivia,BOL,1985,838.080035867133,Latin America & Caribbean 
Bolivia,BOL,1984,982.109656770748,Latin America & Caribbean 
Bolivia,BOL,1983,881.867606330418,Latin America & Caribbean 
Bolivia,BOL,1982,929.552105072211,Latin America & Caribbean 
Bolivia,BOL,1981,1000.59266819668,Latin America & Caribbean 
Bolivia,BOL,1980,787.907344889279,Latin America & Caribbean 
Bolivia,BOL,1979,785.198889713429,Latin America & Caribbean 
Bolivia,BOL,1978,682.801036523933,Latin America & Caribbean 
Bolivia,BOL,1977,599.9882290041,Latin America & Caribbean 
Bolivia,BOL,1976,519.734821066353,Latin America & Caribbean 
Bolivia,BOL,1975,468.064116140902,Latin America & Caribbean 
Bolivia,BOL,1974,418.170299516169,Latin America & Caribbean 
Bolivia,BOL,1973,257.213253175457,Latin America & Caribbean 
Bolivia,BOL,1972,261.949887081198,Latin America & Caribbean 
Bolivia,BOL,1971,233.392218893062,Latin America & Caribbean 
Bolivia,BOL,1970,221.568878282044,Latin America & Caribbean 
Bolivia,BOL,1969,207.126019695423,Latin America & Caribbean 
Bolivia,BOL,1968,195.471270062333,Latin America & Caribbean 
Bolivia,BOL,1967,176.073477814252,Latin America & Caribbean 
Bolivia,BOL,1966,159.348482383093,Latin America & Caribbean 
Bolivia,BOL,1965,147.057689573182,Latin America & Caribbean 
Bolivia,BOL,1964,135.228463817406,Latin America & Caribbean 
Bolivia,BOL,1963,122.579067582423,Latin America & Caribbean 
Bolivia,BOL,1962,116.24147429449,Latin America & Caribbean 
Bolivia,BOL,1961,108.528765371499,Latin America & Caribbean 
Bolivia,BOL,1960,101.833417024987,Latin America & Caribbean 
Bosnia and Herzegovina,BIH,2025,10381.8460703874,Europe & Central Asia
Bosnia and Herzegovina,BIH,2024,9397.90942855997,Europe & Central Asia
Bosnia and Herzegovina,BIH,2023,8663.02326458629,Europe & Central Asia
Bosnia and Herzegovina,BIH,2022,7655.59421024383,Europe & Central Asia
Bosnia and Herzegovina,BIH,2021,7295.34378682258,Europe & Central Asia
Bosnia and Herzegovina,BIH,2020,6130.31187968266,Europe & Central Asia
Bosnia and Herzegovina,BIH,2019,6122.37541352353,Europe & Central Asia
Bosnia and Herzegovina,BIH,2018,6047.84707207392,Europe & Central Asia
Bosnia and Herzegovina,BIH,2017,5345.01978766473,Europe & Central Asia
Bosnia and Herzegovina,BIH,2016,4928.5665903114,Europe & Central Asia
Bosnia and Herzegovina,BIH,2015,4662.25869219448,Europe & Central Asia
Bosnia and Herzegovina,BIH,2014,5206.06573475132,Europe & Central Asia
Bosnia and Herzegovina,BIH,2013,5034.56634817068,Europe & Central Asia
Bosnia and Herzegovina,BIH,2012,4693.78899115381,Europe & Central Asia
Bosnia and Herzegovina,BIH,2011,4982.69375768263,Europe & Central Asia
Bosnia and Herzegovina,BIH,2010,4506.47828548389,Europe & Central Asia
Bosnia and Herzegovina,BIH,2009,4539.91863774968,Europe & Central Asia
Bosnia and Herzegovina,BIH,2008,4841.69311934649,Europe & Central Asia
Bosnia and Herzegovina,BIH,2007,3931.48948737505,Europe & Central Asia
Bosnia and Herzegovina,BIH,2006,3166.12865344833,Europe & Central Asia
Bosnia and Herzegovina,BIH,2005,2739.61076866057,Europe & Central Asia
Bosnia and Herzegovina,BIH,2004,2452.6860917386,Europe & Central Asia
Bosnia and Herzegovina,BIH,2003,2033.94700935864,Europe & Central Asia
Bosnia and Herzegovina,BIH,2002,1606.5467454132,Europe & Central Asia
Bosnia and Herzegovina,BIH,2001,1387.89362942121,Europe & Central Asia
Bosnia and Herzegovina,BIH,2000,1338.48059636261,Europe & Central Asia
Bosnia and Herzegovina,BIH,1999,1134.60298042083,Europe & Central Asia
Bosnia and Herzegovina,BIH,1998,1006.70479669823,Europe & Central Asia
Bosnia and Herzegovina,BIH,1997,913.813399054859,Europe & Central Asia
Bosnia and Herzegovina,BIH,1996,718.933797141505,Europe & Central Asia
Bosnia and Herzegovina,BIH,1995,502.365980975339,Europe & Central Asia
Bosnia and Herzegovina,BIH,1994,337.090896023259,Europe & Central Asia
Bosnia and Herzegovina,BIH,1993,929.872118717018,Europe & Central Asia
Bosnia and Herzegovina,BIH,1992,1118.17569934079,Europe & Central Asia
Bosnia and Herzegovina,BIH,1991,1373.37104472973,Europe & Central Asia
Bosnia and Herzegovina,BIH,1990,1742.88262171767,Europe & Central Asia
Botswana,BWA,2025,7778.1151090571,Sub-Saharan Africa 
Botswana,BWA,2024,7649.81663744354,Sub-Saharan Africa 
Botswana,BWA,2023,7827.30027960734,Sub-Saharan Africa 
Botswana,BWA,2022,8328.7090572666,Sub-Saharan Africa 
Botswana,BWA,2021,7807.88794570471,Sub-Saharan Africa 
Botswana,BWA,2020,6323.2974967659,Sub-Saharan Africa 
Botswana,BWA,2019,7172.08956480028,Sub-Saharan Africa 
Botswana,BWA,2018,7407.95940141786,Sub-Saharan Africa 
Botswana,BWA,2017,7104.96401088027,Sub-Saharan Africa 
Botswana,BWA,2016,6749.05994339013,Sub-Saharan Africa 
Botswana,BWA,2015,6141.20394726616,Sub-Saharan Africa 
Botswana,BWA,2014,7122.36423421503,Sub-Saharan Africa 
Botswana,BWA,2013,6666.91219583487,Sub-Saharan Africa 
Botswana,BWA,2012,6595.53845015424,Sub-Saharan Africa 
Botswana,BWA,2011,7287.38295334919,Sub-Saharan Africa 
Botswana,BWA,2010,6215.73216077919,Sub-Saharan Africa 
Botswana,BWA,2009,5082.93388332404,Sub-Saharan Africa 
Botswana,BWA,2008,5503.07395314313,Sub-Saharan Africa 
Botswana,BWA,2007,5529.12574632532,Sub-Saharan Africa 
Botswana,BWA,2006,5291.58379144849,Sub-Saharan Africa 
Botswana,BWA,2005,5391.07076619634,Sub-Saharan Africa 
Botswana,BWA,2004,4956.69287735214,Sub-Saharan Africa 
Botswana,BWA,2003,4230.12326909926,Sub-Saharan Africa 
Botswana,BWA,2002,3117.25087183011,Sub-Saharan Africa 
Botswana,BWA,2001,3206.07123689853,Sub-Saharan Africa 
Botswana,BWA,2000,3450.81180622992,Sub-Saharan Africa 
Botswana,BWA,1999,3339.99596033431,Sub-Saharan Africa 
Botswana,BWA,1998,2981.19639702109,Sub-Saharan Africa 
Botswana,BWA,1997,3194.18106145858,Sub-Saharan Africa 
Botswana,BWA,1996,3156.26865681161,Sub-Saharan Africa 
Botswana,BWA,1995,3156.18194514079,Sub-Saharan Africa 
Botswana,BWA,1994,2917.25514197806,Sub-Saharan Africa 
Botswana,BWA,1993,2929.43119022452,Sub-Saharan Africa 
Botswana,BWA,1992,3004.61263362306,Sub-Saharan Africa 
Botswana,BWA,1991,2938.59442659608,Sub-Saharan Africa 
Botswana,BWA,1990,2903.15381562611,Sub-Saharan Africa 
Botswana,BWA,1989,2427.68261967121,Sub-Saharan Africa 
Botswana,BWA,1988,2140.51439180359,Sub-Saharan Africa 
Botswana,BWA,1987,1638.82669390133,Sub-Saharan Africa 
Botswana,BWA,1986,1199.84677856226,Sub-Saharan Africa 
Botswana,BWA,1985,993.616748339174,Sub-Saharan Africa 
Botswana,BWA,1984,1145.02903810762,Sub-Saharan Africa 
Botswana,BWA,1983,1120.53239354023,Sub-Saharan Africa 
Botswana,BWA,1982,1005.62456165727,Sub-Saharan Africa 
Botswana,BWA,1981,1107.02810145663,Sub-Saharan Africa 
Botswana,BWA,1980,1131.63379014463,Sub-Saharan Africa 
Botswana,BWA,1979,909.207133285411,Sub-Saharan Africa 
Botswana,BWA,1978,695.219336897052,Sub-Saharan Africa 
Botswana,BWA,1977,564.831748249189,Sub-Saharan Africa 
Botswana,BWA,1976,490.469570533565,Sub-Saharan Africa 
Botswana,BWA,1975,493.029472690457,Sub-Saharan Africa 
Botswana,BWA,1974,446.487855432073,Sub-Saharan Africa 
Botswana,BWA,1973,374.189409146144,Sub-Saharan Africa 
Botswana,BWA,1972,264.233716807813,Sub-Saharan Africa 
Botswana,BWA,1971,212.244206736036,Sub-Saharan Africa 
Botswana,BWA,1970,163.031832252562,Sub-Saharan Africa 
Botswana,BWA,1969,131.776574536345,Sub-Saharan Africa 
Botswana,BWA,1968,113.445716733931,Sub-Saharan Africa 
Botswana,BWA,1967,100.945124635152,Sub-Saharan Africa 
Botswana,BWA,1966,89.0615737768069,Sub-Saharan Africa 
Botswana,BWA,1965,79.6790756588049,Sub-Saharan Africa 
Botswana,BWA,1964,73.4925773235308,Sub-Saharan Africa 
Botswana,BWA,1963,68.8864104749411,Sub-Saharan Africa 
Botswana,BWA,1962,65.9864503023827,Sub-Saharan Africa 
Botswana,BWA,1961,62.3224006926623,Sub-Saharan Africa 
Botswana,BWA,1960,58.9180081084204,Sub-Saharan Africa 
Brazil,BRA,2025,10713.2856869511,Latin America & Caribbean 
Brazil,BRA,2024,10310.5486973693,Latin America & Caribbean 
Brazil,BRA,2023,10377.5892792557,Latin America & Caribbean 
Brazil,BRA,2022,9281.33334441234,Latin America & Caribbean 
Brazil,BRA,2021,7972.5366498646,Latin America & Caribbean 
Brazil,BRA,2020,7074.19378337644,Latin America & Caribbean 
Brazil,BRA,2019,9029.83326681073,Latin America & Caribbean 
Brazil,BRA,2018,9300.66164923219,Latin America & Caribbean 
Brazil,BRA,2017,10080.5092819305,Latin America & Caribbean 
Brazil,BRA,2016,8836.28652735657,Latin America & Caribbean 
Brazil,BRA,2015,8936.19661712113,Latin America & Caribbean 
Brazil,BRA,2014,12274.9939689363,Latin America & Caribbean 
Brazil,BRA,2013,12458.8912138813,Latin America & Caribbean 
Brazil,BRA,2012,12521.7213519966,Latin America & Caribbean 
Brazil,BRA,2011,13396.6243562986,Latin America & Caribbean 
Brazil,BRA,2010,11403.2821278747,Latin America & Caribbean 
Brazil,BRA,2009,8678.6592244676,Latin America & Caribbean 
Brazil,BRA,2008,8908.33176538648,Latin America & Caribbean 
Brazil,BRA,2007,7409.69130673473,Latin America & Caribbean 
Brazil,BRA,2006,5934.14470924968,Latin America & Caribbean 
Brazil,BRA,2005,4827.78173074714,Latin America & Caribbean 
Brazil,BRA,2004,3663.823188064,Latin America & Caribbean 
Brazil,BRA,2003,3090.6070097455,Latin America & Caribbean 
Brazil,BRA,2002,2855.94018885769,Latin America & Caribbean 
Brazil,BRA,2001,3176.28935747524,Latin America & Caribbean 
Brazil,BRA,2000,3766.54811466032,Latin America & Caribbean 
Brazil,BRA,1999,3493.57162513699,Latin America & Caribbean 
Brazil,BRA,1998,5105.89099544117,Latin America & Caribbean 
Brazil,BRA,1997,5299.39630404412,Latin America & Caribbean 
Brazil,BRA,1996,5179.13052002464,Latin America & Caribbean 
Brazil,BRA,1995,4756.74840785403,Latin America & Caribbean 
Brazil,BRA,1994,3298.71250747787,Latin America & Caribbean 
Brazil,BRA,1993,2348.88247685352,Latin America & Caribbean 
Brazil,BRA,1992,2127.31642731638,Latin America & Caribbean 
Brazil,BRA,1991,2257.6092968885,Latin America & Caribbean 
Brazil,BRA,1990,2581.14187449078,Latin America & Caribbean 
Brazil,BRA,1989,2818.99277980122,Latin America & Caribbean 
Brazil,BRA,1988,2140.65027561164,Latin America & Caribbean 
Brazil,BRA,1987,2006.00226235757,Latin America & Caribbean 
Brazil,BRA,1986,1854.03775211919,Latin America & Caribbean 
Brazil,BRA,1985,1556.1297180511,Latin America & Caribbean 
Brazil,BRA,1984,1419.73154606978,Latin America & Caribbean 
Brazil,BRA,1983,1461.25582714178,Latin America & Caribbean 
Brazil,BRA,1982,2137.6250359394,Latin America & Caribbean 
Brazil,BRA,1981,2079.70908377484,Latin America & Caribbean 
Brazil,BRA,1980,1958.57159232662,Latin America & Caribbean 
Brazil,BRA,1979,1869.7133759549,Latin America & Caribbean 
Brazil,BRA,1978,1732.50012204556,Latin America & Caribbean 
Brazil,BRA,1977,1562.29143045708,Latin America & Caribbean 
Brazil,BRA,1976,1389.74952306555,Latin America & Caribbean 
Brazil,BRA,1975,1200.55823714607,Latin America & Caribbean 
Brazil,BRA,1974,1044.76980947499,Latin America & Caribbean 
Brazil,BRA,1973,814.731780553415,Latin America & Caribbean 
Brazil,BRA,1972,583.492034946156,Latin America & Caribbean 
Brazil,BRA,1971,500.001988983361,Latin America & Caribbean 
Brazil,BRA,1970,443.799484982738,Latin America & Caribbean 
Brazil,BRA,1969,399.49841913391,Latin America & Caribbean 
Brazil,BRA,1968,373.925432639683,Latin America & Caribbean 
Brazil,BRA,1967,351.472600370379,Latin America & Caribbean 
Brazil,BRA,1966,328.343791519407,Latin America & Caribbean 
Brazil,BRA,1965,268.028760553723,Latin America & Caribbean 
Brazil,BRA,1964,257.259726897671,Latin America & Caribbean 
Brazil,BRA,1963,294.169619376733,Latin America & Caribbean 
Brazil,BRA,1962,250.200572910273,Latin America & Caribbean 
Brazil,BRA,1961,231.564063269854,Latin America & Caribbean 
Brazil,BRA,1960,235.266009502589,Latin America & Caribbean 
Brunei Darussalam,BRN,2025,32234.6428368582,East Asia & Pacific
Brunei Darussalam,BRN,2024,33153.4738913513,East Asia & Pacific
Brunei Darussalam,BRN,2023,32890.5491812019,East Asia & Pacific
Brunei Darussalam,BRN,2022,36632.9280952155,East Asia & Pacific
Brunei Darussalam,BRN,2021,31006.9636289785,East Asia & Pacific
Brunei Darussalam,BRN,2020,26834.3592233943,East Asia & Pacific
Brunei Darussalam,BRN,2019,30426.5730656528,East Asia & Pacific
Brunei Darussalam,BRN,2018,30988.1190267227,East Asia & Pacific
Brunei Darussalam,BRN,2017,28024.3824580252,East Asia & Pacific
Brunei Darussalam,BRN,2016,26663.2972950602,East Asia & Pacific
Brunei Darussalam,BRN,2015,30625.1287744656,East Asia & Pacific
Brunei Darussalam,BRN,2014,41026.5084247957,East Asia & Pacific
Brunei Darussalam,BRN,2013,44003.0644273461,East Asia & Pacific
Brunei Darussalam,BRN,2012,46968.5971164922,East Asia & Pacific
Brunei Darussalam,BRN,2011,46382.8274255349,East Asia & Pacific
Brunei Darussalam,BRN,2010,34937.5555357155,East Asia & Pacific
Brunei Darussalam,BRN,2009,30946.4673773828,East Asia & Pacific
Brunei Darussalam,BRN,2008,42156.5685838672,East Asia & Pacific
Brunei Darussalam,BRN,2007,36217.3290706015,East Asia & Pacific
Brunei Darussalam,BRN,2006,34674.7995236452,East Asia & Pacific
Brunei Darussalam,BRN,2005,29386.2703822862,East Asia & Pacific
Brunei Darussalam,BRN,2004,24423.0946995548,East Asia & Pacific
Brunei Darussalam,BRN,2003,20677.9001143188,East Asia & Pacific
Brunei Darussalam,BRN,2002,18621.2922577525,East Asia & Pacific
Brunei Darussalam,BRN,2001,18287.8272281914,East Asia & Pacific
Brunei Darussalam,BRN,2000,20130.2572346624,East Asia & Pacific
Brunei Darussalam,BRN,1999,19752.2013255542,East Asia & Pacific
Brunei Darussalam,BRN,1998,17769.2463451942,East Asia & Pacific
Brunei Darussalam,BRN,1997,25522.3975038009,East Asia & Pacific
Brunei Darussalam,BRN,1996,25692.2357348562,East Asia & Pacific
Brunei Darussalam,BRN,1995,26443.2564746713,East Asia & Pacific
Brunei Darussalam,BRN,1994,22766.587177075,East Asia & Pacific
Brunei Darussalam,BRN,1993,22397.0737447404,East Asia & Pacific
Brunei Darussalam,BRN,1992,23450.8964055243,East Asia & Pacific
Brunei Darussalam,BRN,1991,23932.1897281583,East Asia & Pacific
Brunei Darussalam,BRN,1990,23658.7166330381,East Asia & Pacific
Brunei Darussalam,BRN,1989,20090.0690184766,East Asia & Pacific
Brunei Darussalam,BRN,1988,18824.7637309359,East Asia & Pacific
Brunei Darussalam,BRN,1987,21029.7189772961,East Asia & Pacific
Brunei Darussalam,BRN,1986,18500.5408625966,East Asia & Pacific
Brunei Darussalam,BRN,1985,31827.4059557344,East Asia & Pacific
Brunei Darussalam,BRN,1984,36061.3815259405,East Asia & Pacific
Brunei Darussalam,BRN,1983,38720.0939254718,East Asia & Pacific
Brunei Darussalam,BRN,1982,45074.5499241983,East Asia & Pacific
Brunei Darussalam,BRN,1981,48793.4422577232,East Asia & Pacific
Brunei Darussalam,BRN,1980,58005.3424763282,East Asia & Pacific
Brunei Darussalam,BRN,1979,33501.2782714145,East Asia & Pacific
Brunei Darussalam,BRN,1978,23446.5341231193,East Asia & Pacific
Brunei Darussalam,BRN,1977,21746.8559126458,East Asia & Pacific
Brunei Darussalam,BRN,1976,18671.3624129294,East Asia & Pacific
Brunei Darussalam,BRN,1975,15793.1312553958,East Asia & Pacific
Brunei Darussalam,BRN,1974,15194.792305663,East Asia & Pacific
Brunei Darussalam,BRN,1973,2938.85095702716,East Asia & Pacific
Brunei Darussalam,BRN,1972,1904.66760457331,East Asia & Pacific
Brunei Darussalam,BRN,1971,1432.16600656705,East Asia & Pacific
Brunei Darussalam,BRN,1970,1325.15598362979,East Asia & Pacific
Brunei Darussalam,BRN,1969,1226.43698889034,East Asia & Pacific
Brunei Darussalam,BRN,1968,1274.0903793851,East Asia & Pacific
Brunei Darussalam,BRN,1967,1148.84303232869,East Asia & Pacific
Brunei Darussalam,BRN,1966,1145.70592233266,East Asia & Pacific
Brunei Darussalam,BRN,1965,1028.88450343084,East Asia & Pacific
Bulgaria,BGR,2025,20328.1667065538,Europe & Central Asia
Bulgaria,BGR,2024,17596.9167621233,Europe & Central Asia
Bulgaria,BGR,2023,15854.0192893772,Europe & Central Asia
Bulgaria,BGR,2022,13999.9113358453,Europe & Central Asia
Bulgaria,BGR,2021,12966.8085197381,Europe & Central Asia
Bulgaria,BGR,2020,10760.7616180234,Europe & Central Asia
Bulgaria,BGR,2019,10354.2500414088,Europe & Central Asia
Bulgaria,BGR,2018,9849.88769989118,Europe & Central Asia
Bulgaria,BGR,2017,8697.13373333715,Europe & Central Asia
Bulgaria,BGR,2016,7822.89886431732,Europe & Central Asia
Bulgaria,BGR,2015,7269.02586513711,Europe & Central Asia
Bulgaria,BGR,2014,8070.01289303544,Europe & Central Asia
Bulgaria,BGR,2013,7796.37945241455,Europe & Central Asia
Bulgaria,BGR,2012,7432.33753378983,Europe & Central Asia
Bulgaria,BGR,2011,7849.98219737366,Europe & Central Asia
Bulgaria,BGR,2010,6854.2987837778,Europe & Central Asia
Bulgaria,BGR,2009,6988.63048446496,Europe & Central Asia
Bulgaria,BGR,2008,7271.67443724077,Europe & Central Asia
Bulgaria,BGR,2007,5888.87094585161,Europe & Central Asia
Bulgaria,BGR,2006,4523.37797301782,Europe & Central Asia
Bulgaria,BGR,2005,3900.02501966492,Europe & Central Asia
Bulgaria,BGR,2004,3389.86047992391,Europe & Central Asia
Bulgaria,BGR,2003,2719.63335037372,Europe & Central Asia
Bulgaria,BGR,2002,2093.08967660564,Europe & Central Asia
Bulgaria,BGR,2001,1770.99748249575,Europe & Central Asia
Bulgaria,BGR,2000,1621.3452487867,Europe & Central Asia
Bulgaria,BGR,1999,1660.9935924411,Europe & Central Asia
Bulgaria,BGR,1998,1820.5415264678,Europe & Central Asia
Bulgaria,BGR,1997,1361.47904618155,Europe & Central Asia
Bulgaria,BGR,1996,1470.26721873691,Europe & Central Asia
Bulgaria,BGR,1995,2259.36679369328,Europe & Central Asia
Bulgaria,BGR,1994,1149.89347084177,Europe & Central Asia
Bulgaria,BGR,1993,1278.5223581096,Europe & Central Asia
Bulgaria,BGR,1992,1007.34296439412,Europe & Central Asia
Bulgaria,BGR,1991,883.739622070812,Europe & Central Asia
Bulgaria,BGR,1990,2377.3707947508,Europe & Central Asia
Bulgaria,BGR,1989,2449.74147116744,Europe & Central Asia
Bulgaria,BGR,1988,2561.16929364177,Europe & Central Asia
Bulgaria,BGR,1987,3168.83077926411,Europe & Central Asia
Bulgaria,BGR,1986,2261.7950288324,Europe & Central Asia
Bulgaria,BGR,1985,1959.95517315529,Europe & Central Asia
Bulgaria,BGR,1984,1943.03299680243,Europe & Central Asia
Bulgaria,BGR,1983,1897.05569911743,Europe & Central Asia
Bulgaria,BGR,1982,2220.77040858016,Europe & Central Asia
Bulgaria,BGR,1981,2255.69919739254,Europe & Central Asia
Bulgaria,BGR,1980,2261.40777337626,Europe & Central Asia
Burkina Faso,BFA,2025,1147.57131635601,Sub-Saharan Africa 
Burkina Faso,BFA,2024,982.493100418428,Sub-Saharan Africa 
Burkina Faso,BFA,2023,873.198061670247,Sub-Saharan Africa 
Burkina Faso,BFA,2022,827.330843486661,Sub-Saharan Africa 
Burkina Faso,BFA,2021,895.535288442991,Sub-Saharan Africa 
Burkina Faso,BFA,2020,825.237038782475,Sub-Saharan Africa 
Burkina Faso,BFA,2019,764.853077774946,Sub-Saharan Africa 
Burkina Faso,BFA,2018,777.465618514048,Sub-Saharan Africa 
Burkina Faso,BFA,2017,709.091535894695,Sub-Saharan Africa 
Burkina Faso,BFA,2016,663.742364842886,Sub-Saharan Africa 
Burkina Faso,BFA,2015,630.124750752312,Sub-Saharan Africa 
Burkina Faso,BFA,2014,764.861675106225,Sub-Saharan Africa 
Burkina Faso,BFA,2013,759.762065168498,Sub-Saharan Africa 
Burkina Faso,BFA,2012,731.470138867833,Sub-Saharan Africa 
Burkina Faso,BFA,2011,725.024767725475,Sub-Saharan Africa 
Burkina Faso,BFA,2010,624.957252224766,Sub-Saharan Africa 
Burkina Faso,BFA,2009,601.569520671859,Sub-Saharan Africa 
Burkina Faso,BFA,2008,619.437533256264,Sub-Saharan Africa 
Burkina Faso,BFA,2007,514.684451177238,Sub-Saharan Africa 
Burkina Faso,BFA,2006,455.513655620024,Sub-Saharan Africa 
Burkina Faso,BFA,2005,441.164148016012,Sub-Saharan Africa 
Burkina Faso,BFA,2004,403.81283743461,Sub-Saharan Africa 
Burkina Faso,BFA,2003,362.373899996953,Sub-Saharan Africa 
Burkina Faso,BFA,2002,285.654087637533,Sub-Saharan Africa 
Burkina Faso,BFA,2001,259.485223380436,Sub-Saharan Africa 
Burkina Faso,BFA,2000,248.908526921752,Sub-Saharan Africa 
Burkina Faso,BFA,1999,292.836958697313,Sub-Saharan Africa 
Burkina Faso,BFA,1998,249.53173292493,Sub-Saharan Africa 
Burkina Faso,BFA,1997,223.853958525611,Sub-Saharan Africa 
Burkina Faso,BFA,1996,242.733171352672,Sub-Saharan Africa 
Burkina Faso,BFA,1995,229.092294496817,Sub-Saharan Africa 
Burkina Faso,BFA,1994,187.21142372606,Sub-Saharan Africa 
Burkina Faso,BFA,1993,324.111576707435,Sub-Saharan Africa 
Burkina Faso,BFA,1992,348.592443894547,Sub-Saharan Africa 
Burkina Faso,BFA,1991,333.70605512636,Sub-Saharan Africa 
Burkina Faso,BFA,1990,338.593759055128,Sub-Saharan Africa 
Burkina Faso,BFA,1989,293.188703727147,Sub-Saharan Africa 
Burkina Faso,BFA,1988,301.129214663833,Sub-Saharan Africa 
Burkina Faso,BFA,1987,280.218092226592,Sub-Saharan Africa 
Burkina Faso,BFA,1986,247.459134637104,Sub-Saharan Africa 
Burkina Faso,BFA,1985,194.063226299244,Sub-Saharan Africa 
Burkina Faso,BFA,1984,187.832224278391,Sub-Saharan Africa 
Burkina Faso,BFA,1983,211.925740542196,Sub-Saharan Africa 
Burkina Faso,BFA,1982,239.019483569339,Sub-Saharan Africa 
Burkina Faso,BFA,1981,248.707973908892,Sub-Saharan Africa 
Burkina Faso,BFA,1980,277.597531370181,Sub-Saharan Africa 
Burkina Faso,BFA,1979,258.501729034845,Sub-Saharan Africa 
Burkina Faso,BFA,1978,223.879111971163,Sub-Saharan Africa 
Burkina Faso,BFA,1977,175.963864454284,Sub-Saharan Africa 
Burkina Faso,BFA,1976,155.485422740659,Sub-Saharan Africa 
Burkina Faso,BFA,1975,152.901529606747,Sub-Saharan Africa 
Burkina Faso,BFA,1974,124.671435503255,Sub-Saharan Africa 
Burkina Faso,BFA,1973,114.137669473515,Sub-Saharan Africa 
Burkina Faso,BFA,1972,99.6335814933813,Sub-Saharan Africa 
Burkina Faso,BFA,1971,84.5149375676447,Sub-Saharan Africa 
Burkina Faso,BFA,1970,81.707563219742,Sub-Saharan Africa 
Burkina Faso,BFA,1969,86.7555395725224,Sub-Saharan Africa 
Burkina Faso,BFA,1968,84.9737848392287,Sub-Saharan Africa 
Burkina Faso,BFA,1967,84.6272011419546,Sub-Saharan Africa 
Burkina Faso,BFA,1966,82.8360664864243,Sub-Saharan Africa 
Burkina Faso,BFA,1965,82.0746159924647,Sub-Saharan Africa 
Burkina Faso,BFA,1964,80.9147887718582,Sub-Saharan Africa 
Burkina Faso,BFA,1963,78.9087736712073,Sub-Saharan Africa 
Burkina Faso,BFA,1962,77.1529279288175,Sub-Saharan Africa 
Burkina Faso,BFA,1961,72.2423787062462,Sub-Saharan Africa 
Burkina Faso,BFA,1960,69.1502456087615,Sub-Saharan Africa 
Burundi,BDI,2025,233.823013385395,Sub-Saharan Africa 
Burundi,BDI,2024,216.231928531758,Sub-Saharan Africa 
Burundi,BDI,2023,249.795164039029,Sub-Saharan Africa 
Burundi,BDI,2022,301.832255755105,Sub-Saharan Africa 
Burundi,BDI,2021,264.172844085398,Sub-Saharan Africa 
Burundi,BDI,2020,252.702452750006,Sub-Saharan Africa 
Burundi,BDI,2019,234.31061590725,Sub-Saharan Africa 
Burundi,BDI,2018,245.661678332009,Sub-Saharan Africa 
Burundi,BDI,2017,246.060725714184,Sub-Saharan Africa 
Burundi,BDI,2016,232.937812100153,Sub-Saharan Africa 
Burundi,BDI,2015,254.402585226788,Sub-Saharan Africa 
Burundi,BDI,2014,250.544492155185,Sub-Saharan Africa 
Burundi,BDI,2013,234.844770150871,Sub-Saharan Africa 
Burundi,BDI,2012,231.098787811507,Sub-Saharan Africa 
Burundi,BDI,2011,230.069761381132,Sub-Saharan Africa 
Burundi,BDI,2010,216.727705301976,Sub-Saharan Africa 
Burundi,BDI,2009,198.431524048225,Sub-Saharan Africa 
Burundi,BDI,2008,189.502074570768,Sub-Saharan Africa 
Burundi,BDI,2007,166.162744906755,Sub-Saharan Africa 
Burundi,BDI,2006,161.892755640319,Sub-Saharan Africa 
Burundi,BDI,2005,147.234619294225,Sub-Saharan Africa 
Burundi,BDI,2004,125.194965184533,Sub-Saharan Africa 
Burundi,BDI,2003,111.406682804391,Sub-Saharan Africa 
Burundi,BDI,2002,120.952308575468,Sub-Saharan Africa 
Burundi,BDI,2001,132.159554541932,Sub-Saharan Africa 
Burundi,BDI,2000,134.537861752389,Sub-Saharan Africa 
Burundi,BDI,1999,127.51419578119,Sub-Saharan Africa 
Burundi,BDI,1998,144.456948255536,Sub-Saharan Africa 
Burundi,BDI,1997,160.278342046962,Sub-Saharan Africa 
Burundi,BDI,1996,143.156741187159,Sub-Saharan Africa 
Burundi,BDI,1995,164.915311679326,Sub-Saharan Africa 
Burundi,BDI,1994,161.892584261635,Sub-Saharan Africa 
Burundi,BDI,1993,165.344120319403,Sub-Saharan Africa 
Burundi,BDI,1992,184.868970456447,Sub-Saharan Africa 
Burundi,BDI,1991,204.668258398817,Sub-Saharan Africa 
Burundi,BDI,1990,202.629446176297,Sub-Saharan Africa 
Burundi,BDI,1989,203.578944192449,Sub-Saharan Africa 
Burundi,BDI,1988,201.740400815807,Sub-Saharan Africa 
Burundi,BDI,1987,215.608311467483,Sub-Saharan Africa 
Burundi,BDI,1986,234.281244809988,Sub-Saharan Africa 
Burundi,BDI,1985,228.440542564696,Sub-Saharan Africa 
Burundi,BDI,1984,200.375711827241,Sub-Saharan Africa 
Burundi,BDI,1983,225.209524508283,Sub-Saharan Africa 
Burundi,BDI,1982,216.43619143507,Sub-Saharan Africa 
Burundi,BDI,1981,212.23033189707,Sub-Saharan Africa 
Burundi,BDI,1980,209.805736668168,Sub-Saharan Africa 
Burundi,BDI,1979,186.152273604962,Sub-Saharan Africa 
Burundi,BDI,1978,148.823232512919,Sub-Saharan Africa 
Burundi,BDI,1977,137.448044387076,Sub-Saharan Africa 
Burundi,BDI,1976,115.492131774523,Sub-Saharan Africa 
Burundi,BDI,1975,110.884827490053,Sub-Saharan Africa 
Burundi,BDI,1974,93.2240048340913,Sub-Saharan Africa 
Burundi,BDI,1973,84.2581069284158,Sub-Saharan Africa 
Burundi,BDI,1972,68.2321917909931,Sub-Saharan Africa 
Burundi,BDI,1971,69.8982817558359,Sub-Saharan Africa 
Burundi,BDI,1970,68.7543539795049,Sub-Saharan Africa 
Burundi,BDI,1969,55.058838902942,Sub-Saharan Africa 
Burundi,BDI,1968,54.1949782672812,Sub-Saharan Africa 
Burundi,BDI,1967,54.0181425269089,Sub-Saharan Africa 
Burundi,BDI,1966,51.4128738171299,Sub-Saharan Africa 
Burundi,BDI,1965,50.613304005219,Sub-Saharan Africa 
Burundi,BDI,1964,85.3337286665685,Sub-Saharan Africa 
Burundi,BDI,1963,78.3711983234119,Sub-Saharan Africa 
Burundi,BDI,1962,73.4195979769892,Sub-Saharan Africa 
Burundi,BDI,1961,71.601929936627,Sub-Saharan Africa 
Burundi,BDI,1960,70.9051000304602,Sub-Saharan Africa 
Cabo Verde,CPV,2025,5796.47207860911,Sub-Saharan Africa 
Cabo Verde,CPV,2024,5170.20531932535,Sub-Saharan Africa 
Cabo Verde,CPV,2023,4794.90119772843,Sub-Saharan Africa 
Cabo Verde,CPV,2022,4323.31362032709,Sub-Saharan Africa 
Cabo Verde,CPV,2021,3971.44409203423,Sub-Saharan Africa 
Cabo Verde,CPV,2020,3539.22661248299,Sub-Saharan Africa 
Cabo Verde,CPV,2019,4380.78117331128,Sub-Saharan Africa 
Cabo Verde,CPV,2018,4294.96510035729,Sub-Saharan Africa 
Cabo Verde,CPV,2017,3893.09571382506,Sub-Saharan Africa 
Cabo Verde,CPV,2016,3608.96605234906,Sub-Saharan Africa 
Cabo Verde,CPV,2015,3415.06266730931,Sub-Saharan Africa 
Cabo Verde,CPV,2014,3985.60706548134,Sub-Saharan Africa 
Cabo Verde,CPV,2013,3960.97596791345,Sub-Saharan Africa 
Cabo Verde,CPV,2012,3736.81517011087,Sub-Saharan Africa 
Cabo Verde,CPV,2011,4002.01386888785,Sub-Saharan Africa 
Cabo Verde,CPV,2010,3579.46006137809,Sub-Saharan Africa 
Cabo Verde,CPV,2009,3659.72046361628,Sub-Saharan Africa 
Cabo Verde,CPV,2008,3908.64885822576,Sub-Saharan Africa 
Cabo Verde,CPV,2007,3324.57675212498,Sub-Saharan Africa 
Cabo Verde,CPV,2006,2256.99666191075,Sub-Saharan Africa 
Cabo Verde,CPV,2005,2004.14680417563,Sub-Saharan Africa 
Cabo Verde,CPV,2004,1929.49081468781,Sub-Saharan Africa 
Cabo Verde,CPV,2003,1717.97565369655,Sub-Saharan Africa 
Cabo Verde,CPV,2002,1328.57874270666,Sub-Saharan Africa 
Cabo Verde,CPV,2001,1223.33055331575,Sub-Saharan Africa 
Cabo Verde,CPV,2000,1189.51479345891,Sub-Saharan Africa 
Cabo Verde,CPV,1999,1326.74466945164,Sub-Saharan Africa 
Cabo Verde,CPV,1998,1186.74294773086,Sub-Saharan Africa 
Cabo Verde,CPV,1997,1133.57422614008,Sub-Saharan Africa 
Cabo Verde,CPV,1996,1179.51522705182,Sub-Saharan Africa 
Cabo Verde,CPV,1995,1165.13832331934,Sub-Saharan Africa 
Cabo Verde,CPV,1994,991.108974352157,Sub-Saharan Africa 
Cabo Verde,CPV,1993,1220.04997868613,Sub-Saharan Africa 
Cabo Verde,CPV,1992,907.847909529157,Sub-Saharan Africa 
Cabo Verde,CPV,1991,831.61388764249,Sub-Saharan Africa 
Cabo Verde,CPV,1990,817.442925539738,Sub-Saharan Africa 
Cabo Verde,CPV,1989,727.151685588784,Sub-Saharan Africa 
Cabo Verde,CPV,1988,729.470012847852,Sub-Saharan Africa 
Cabo Verde,CPV,1987,658.415191378217,Sub-Saharan Africa 
Cabo Verde,CPV,1986,541.142985647338,Sub-Saharan Africa 
Cabo Verde,CPV,1985,396.494191452033,Sub-Saharan Africa 
Cabo Verde,CPV,1984,385.451419954827,Sub-Saharan Africa 
Cabo Verde,CPV,1983,410.112646734121,Sub-Saharan Africa 
Cabo Verde,CPV,1982,422.664667963472,Sub-Saharan Africa 
Cabo Verde,CPV,1981,425.407688720331,Sub-Saharan Africa 
Cabo Verde,CPV,1980,439.982602420059,Sub-Saharan Africa 
Cambodia,KHM,2025,2872.42926639909,East Asia & Pacific
Cambodia,KHM,2024,2627.87969756224,East Asia & Pacific
Cambodia,KHM,2023,2429.74853452838,East Asia & Pacific
Cambodia,KHM,2022,2325.03050040841,East Asia & Pacific
Cambodia,KHM,2021,2167.40324198499,East Asia & Pacific
Cambodia,KHM,2020,2081.73914242939,East Asia & Pacific
Cambodia,KHM,2019,2225.87705485686,East Asia & Pacific
Cambodia,KHM,2018,2036.67377566578,East Asia & Pacific
Cambodia,KHM,2017,1826.35391688754,East Asia & Pacific
Cambodia,KHM,2016,1675.19555711109,East Asia & Pacific
Cambodia,KHM,2015,1547.32010444393,East Asia & Pacific
Cambodia,KHM,2014,1431.56396469993,East Asia & Pacific
Cambodia,KHM,2013,1305.6600972686,East Asia & Pacific
Cambodia,KHM,2012,1192.80263041673,East Asia & Pacific
Cambodia,KHM,2011,1088.98152823081,East Asia & Pacific
Cambodia,KHM,2010,952.274616324008,East Asia & Pacific
Cambodia,KHM,2009,875.748936193569,East Asia & Pacific
Cambodia,KHM,2008,866.283999789749,East Asia & Pacific
Cambodia,KHM,2007,731.692295125426,East Asia & Pacific
Cambodia,KHM,2006,612.252648550727,East Asia & Pacific
Cambodia,KHM,2005,525.797325120926,East Asia & Pacific
Cambodia,KHM,2004,444.199067529081,East Asia & Pacific
Cambodia,KHM,2003,386.691123931778,East Asia & Pacific
Cambodia,KHM,2002,350.147276634294,East Asia & Pacific
Cambodia,KHM,2001,327.500984314444,East Asia & Pacific
Cambodia,KHM,2000,296.426687526334,East Asia & Pacific
Cambodia,KHM,1999,286.753596443196,East Asia & Pacific
Cambodia,KHM,1998,258.780953189377,East Asia & Pacific
Cambodia,KHM,1997,297.59041960803,East Asia & Pacific
Cambodia,KHM,1996,324.655870983004,East Asia & Pacific
Cambodia,KHM,1995,343.485224671585,East Asia & Pacific
Cambodia,KHM,1994,302.1307854832,East Asia & Pacific
Cambodia,KHM,1993,294.059372727558,East Asia & Pacific
Cambodia,KHM,1992,307.094922385136,East Asia & Pacific
Cambodia,KHM,1991,267.336306726982,East Asia & Pacific
Cambodia,KHM,1990,190.181470036159,East Asia & Pacific
Cambodia,KHM,1989,191.297492431658,East Asia & Pacific
Cambodia,KHM,1988,244.109577464605,East Asia & Pacific
Cambodia,KHM,1987,158.124375446975,East Asia & Pacific
Cambodia,KHM,1986,185.759997798349,East Asia & Pacific
Cambodia,KHM,1985,182.446852317187,East Asia & Pacific
Cambodia,KHM,1984,174.705837134358,East Asia & Pacific
Cambodia,KHM,1983,166.65319934361,East Asia & Pacific
Cambodia,KHM,1982,159.206634020357,East Asia & Pacific
Cambodia,KHM,1981,154.253841174151,East Asia & Pacific
Cambodia,KHM,1980,143.154317973128,East Asia & Pacific
Cambodia,KHM,1979,142.221617062037,East Asia & Pacific
Cambodia,KHM,1978,147.101573366096,East Asia & Pacific
Cambodia,KHM,1977,126.357117453489,East Asia & Pacific
Cambodia,KHM,1976,128.827777341533,East Asia & Pacific
Cambodia,KHM,1975,113.825789208758,East Asia & Pacific
Cameroon,CMR,2025,1972.3815800786,Sub-Saharan Africa 
Cameroon,CMR,2024,1830.00833684727,Sub-Saharan Africa 
Cameroon,CMR,2023,1720.47510154506,Sub-Saharan Africa 
Cameroon,CMR,2022,1604.87726954895,Sub-Saharan Africa 
Cameroon,CMR,2021,1672.32657340872,Sub-Saharan Africa 
Cameroon,CMR,2020,1555.60370660749,Sub-Saharan Africa 
Cameroon,CMR,2019,1555.22660476477,Sub-Saharan Africa 
Cameroon,CMR,2018,1610.69641591017,Sub-Saharan Africa 
Cameroon,CMR,2017,1496.08951771242,Sub-Saharan Africa 
Cameroon,CMR,2016,1441.7201725688,Sub-Saharan Africa 
Cameroon,CMR,2015,1415.00009710569,Sub-Saharan Africa 
Cameroon,CMR,2014,1649.4433905949,Sub-Saharan Africa 
Cameroon,CMR,2013,1575.92882118897,Sub-Saharan Africa 
Cameroon,CMR,2012,1449.09874362279,Sub-Saharan Africa 
Cameroon,CMR,2011,1513.96056994878,Sub-Saharan Africa 
Cameroon,CMR,2010,1398.58702025047,Sub-Saharan Africa 
Cameroon,CMR,2009,1461.38999232337,Sub-Saharan Africa 
Cameroon,CMR,2008,1492.14269801453,Sub-Saharan Africa 
Cameroon,CMR,2007,1325.67248215933,Sub-Saharan Africa 
Cameroon,CMR,2006,1191.45458990968,Sub-Saharan Africa 
Cameroon,CMR,2005,1142.62466252106,Sub-Saharan Africa 
Cameroon,CMR,2004,1133.39326749673,Sub-Saharan Africa 
Cameroon,CMR,2003,988.241276791846,Sub-Saharan Africa 
Cameroon,CMR,2002,789.623811072554,Sub-Saharan Africa 
Cameroon,CMR,2001,715.470296470585,Sub-Saharan Africa 
Cameroon,CMR,2000,708.565731625965,Sub-Saharan Africa 
Cameroon,CMR,1999,796.262649784591,Sub-Saharan Africa 
Cameroon,CMR,1998,798.745621406677,Sub-Saharan Africa 
Cameroon,CMR,1997,783.251601945462,Sub-Saharan Africa 
Cameroon,CMR,1996,826.965322327363,Sub-Saharan Africa 
Cameroon,CMR,1995,832.006674487689,Sub-Saharan Africa 
Cameroon,CMR,1994,700.70950185009,Sub-Saharan Africa 
Cameroon,CMR,1993,1309.93629975506,Sub-Saharan Africa 
Cameroon,CMR,1992,1005.44897647465,Sub-Saharan Africa 
Cameroon,CMR,1991,1014.82897292999,Sub-Saharan Africa 
Cameroon,CMR,1990,1086.71700937081,Sub-Saharan Africa 
Cameroon,CMR,1989,1000.89261316386,Sub-Saharan Africa 
Cameroon,CMR,1988,1145.16555992416,Sub-Saharan Africa 
Cameroon,CMR,1987,1258.31412766207,Sub-Saharan Africa 
Cameroon,CMR,1986,1178.59374950439,Sub-Saharan Africa 
Cameroon,CMR,1985,875.337721693686,Sub-Saharan Africa 
Cameroon,CMR,1984,771.702146026357,Sub-Saharan Africa 
Cameroon,CMR,1983,745.513189491527,Sub-Saharan Africa 
Cameroon,CMR,1982,732.250719743892,Sub-Saharan Africa 
Cameroon,CMR,1981,749.847541304586,Sub-Saharan Africa 
Cameroon,CMR,1980,784.116227118122,Sub-Saharan Africa 
Cameroon,CMR,1979,718.356902030319,Sub-Saharan Africa 
Cameroon,CMR,1978,581.989336032215,Sub-Saharan Africa 
Cameroon,CMR,1977,435.408656274786,Sub-Saharan Africa 
Cameroon,CMR,1976,381.429915266252,Sub-Saharan Africa 
Cameroon,CMR,1975,386.236450275088,Sub-Saharan Africa 
Cameroon,CMR,1974,299.908339494791,Sub-Saharan Africa 
Cameroon,CMR,1973,271.757290053085,Sub-Saharan Africa 
Cameroon,CMR,1972,220.108720960652,Sub-Saharan Africa 
Cameroon,CMR,1971,186.724820408777,Sub-Saharan Africa 
Cameroon,CMR,1970,178.488982961305,Sub-Saharan Africa 
Cameroon,CMR,1969,175.150496434432,Sub-Saharan Africa 
Cameroon,CMR,1968,170.782666507465,Sub-Saharan Africa 
Cameroon,CMR,1967,156.621290691062,Sub-Saharan Africa 
Cameroon,CMR,1966,145.80598283154,Sub-Saharan Africa 
Cameroon,CMR,1965,142.704307565995,Sub-Saharan Africa 
Cameroon,CMR,1964,139.228109587718,Sub-Saharan Africa 
Cameroon,CMR,1963,131.642014675439,Sub-Saharan Africa 
Cameroon,CMR,1962,130.042569873656,Sub-Saharan Africa 
Cameroon,CMR,1961,124.593165563331,Sub-Saharan Africa 
Cameroon,CMR,1960,119.05394115577,Sub-Saharan Africa 
Canada,CAN,2025,55697.6639660837,North America
Canada,CAN,2024,55015.7066917734,North America
Canada,CAN,2023,54847.5370112652,North America
Canada,CAN,2022,56496.9275340663,North America
Canada,CAN,2021,52886.6407813788,North America
Canada,CAN,2020,43537.8981198851,North America
Canada,CAN,2019,46352.9695208927,North America
Canada,CAN,2018,46539.2177903178,North America
Canada,CAN,2017,45129.7335281051,North America
Canada,CAN,2016,42314.1033623905,North America
Canada,CAN,2015,43594.2379080706,North America
Canada,CAN,2014,50960.8942086685,North America
Canada,CAN,2013,52637.7313222622,North America
Canada,CAN,2012,52670.1429540952,North America
Canada,CAN,2011,52224.1237767406,North America
Canada,CAN,2010,47560.8378831258,North America
Canada,CAN,2009,40874.9612318547,North America
Canada,CAN,2008,46710.3654423328,North America
Canada,CAN,2007,44660.0838892281,North America
Canada,CAN,2006,40504.8490329826,North America
Canada,CAN,2005,36383.9671341396,North America
Canada,CAN,2004,32145.5653280273,North America
Canada,CAN,2003,28301.9097055898,North America
Canada,CAN,2002,24256.0598742201,North America
Canada,CAN,2001,23822.096210932,North America
Canada,CAN,2000,24271.0020563821,North America
Canada,CAN,1999,22315.3130930482,North America
Canada,CAN,1998,21024.5627149423,North America
Canada,CAN,1997,21901.5870048928,North America
Canada,CAN,1996,21296.9723536904,North America
Canada,CAN,1995,20679.634792669,North America
Canada,CAN,1994,19997.6237373354,North America
Canada,CAN,1993,20186.7988782965,North America
Canada,CAN,1992,20950.3305287651,North America
Canada,CAN,1991,21846.7930471354,North America
Canada,CAN,1990,21525.8611387148,North America
Canada,CAN,1989,20794.682233334,North America
Canada,CAN,1988,19012.5723278349,North America
Canada,CAN,1987,16377.6902109541,North America
Canada,CAN,1986,14521.1800806,North America
Canada,CAN,1985,14170.1249406067,North America
Canada,CAN,1984,13930.4745502555,North America
Canada,CAN,1983,13477.1031699599,North America
Canada,CAN,1982,12527.3135323802,North America
Canada,CAN,1981,12379.0368643833,North America
Canada,CAN,1980,11208.2027394178,North America
Canada,CAN,1979,10077.5026707269,North America
Canada,CAN,1978,9154.43325277735,North America
Canada,CAN,1977,8949.10989272982,North America
Canada,CAN,1976,8838.94710677652,North America
Canada,CAN,1975,7536.52009823861,North America
Canada,CAN,1974,7056.70847496589,North America
Canada,CAN,1973,5858.33407318788,North America
Canada,CAN,1972,5106.73708049128,North America
Canada,CAN,1971,4535.39338907773,North America
Canada,CAN,1970,4135.82149842006,North America
Canada,CAN,1969,3776.15613110238,North America
Canada,CAN,1968,3473.23722551871,North America
Canada,CAN,1967,3226.38273682011,North America
Canada,CAN,1966,3055.28807884507,North America
Canada,CAN,1965,2777.18317301162,North America
Canada,CAN,1964,2561.63849088572,North America
Canada,CAN,1963,2380.31732899108,North America
Canada,CAN,1962,2274.4284708191,North America
Canada,CAN,1961,2246.08356619252,North America
Canada,CAN,1960,2264.94849658191,North America
Cayman Islands,CYM,2024,104292.900672109,Latin America & Caribbean 
Cayman Islands,CYM,2023,100065.233841107,Latin America & Caribbean 
Cayman Islands,CYM,2022,92937.8838323153,Latin America & Caribbean 
Cayman Islands,CYM,2021,86449.6749037302,Latin America & Caribbean 
Cayman Islands,CYM,2020,82338.7977439023,Latin America & Caribbean 
Cayman Islands,CYM,2019,88254.2903677044,Latin America & Caribbean 
Cayman Islands,CYM,2018,83865.5531568184,Latin America & Caribbean 
Cayman Islands,CYM,2017,80053.9444506891,Latin America & Caribbean 
Cayman Islands,CYM,2016,77802.2541567187,Latin America & Caribbean 
Cayman Islands,CYM,2015,76379.2095108681,Latin America & Caribbean 
Cayman Islands,CYM,2014,75845.3060407986,Latin America & Caribbean 
Cayman Islands,CYM,2013,75113.7332398618,Latin America & Caribbean 
Cayman Islands,CYM,2012,75101.59136128,Latin America & Caribbean 
Cayman Islands,CYM,2011,75280.960764889,Latin America & Caribbean 
Cayman Islands,CYM,2010,76837.6699636672,Latin America & Caribbean 
Cayman Islands,CYM,2009,81373.5711516642,Latin America & Caribbean 
Cayman Islands,CYM,2008,89655.1196222184,Latin America & Caribbean 
Cayman Islands,CYM,2007,89888.2618212462,Latin America & Caribbean 
Cayman Islands,CYM,2006,87085.0937376216,Latin America & Caribbean 
Central African Republic,CAF,2025,556.131398031455,Sub-Saharan Africa 
Central African Republic,CAF,2024,516.160999996036,Sub-Saharan Africa 
Central African Republic,CAF,2023,495.978897288721,Sub-Saharan Africa 
Central African Republic,CAF,2022,467.359825026238,Sub-Saharan Africa 
Central African Republic,CAF,2021,492.263142830507,Sub-Saharan Africa 
Central African Republic,CAF,2020,462.879071294011,Sub-Saharan Africa 
Central African Republic,CAF,2019,449.228467602439,Sub-Saharan Africa 
Central African Republic,CAF,2018,455.243962859534,Sub-Saharan Africa 
Central African Republic,CAF,2017,432.324025684263,Sub-Saharan Africa 
Central African Republic,CAF,2016,387.176203444318,Sub-Saharan Africa 
Central African Republic,CAF,2015,366.322853938121,Sub-Saharan Africa 
Central African Republic,CAF,2014,409.8504859647,Sub-Saharan Africa 
Central African Republic,CAF,2013,364.36696260838,Sub-Saharan Africa 
Central African Republic,CAF,2012,544.395849142785,Sub-Saharan Africa 
Central African Republic,CAF,2011,534.057281471636,Sub-Saharan Africa 
Central African Republic,CAF,2010,476.873786950728,Sub-Saharan Africa 
Central African Republic,CAF,2009,456.471673898404,Sub-Saharan Africa 
Central African Republic,CAF,2008,437.24827472489,Sub-Saharan Africa 
Central African Republic,CAF,2007,380.887048839475,Sub-Saharan Africa 
Central African Republic,CAF,2006,333.942519903031,Sub-Saharan Africa 
Central African Republic,CAF,2005,311.950023138687,Sub-Saharan Africa 
Central African Republic,CAF,2004,303.461321152782,Sub-Saharan Africa 
Central African Republic,CAF,2003,278.403992150941,Sub-Saharan Africa 
Central African Republic,CAF,2002,248.639290978403,Sub-Saharan Africa 
Central African Republic,CAF,2001,237.951702544735,Sub-Saharan Africa 
Central African Republic,CAF,2000,239.154133726071,Sub-Saharan Africa 
Central African Republic,CAF,1999,267.995954011083,Sub-Saharan Africa 
Central African Republic,CAF,1998,266.570544600384,Sub-Saharan Africa 
Central African Republic,CAF,1997,265.5212823896,Sub-Saharan Africa 
Central African Republic,CAF,1996,293.306575328658,Sub-Saharan Africa 
Central African Republic,CAF,1995,333.145863233895,Sub-Saharan Africa 
Central African Republic,CAF,1994,261.260397409459,Sub-Saharan Africa 
Central African Republic,CAF,1993,404.954546941526,Sub-Saharan Africa 
Central African Republic,CAF,1992,461.587303490896,Sub-Saharan Africa 
Central African Republic,CAF,1991,464.828283626364,Sub-Saharan Africa 
Central African Republic,CAF,1990,501.656200636394,Sub-Saharan Africa 
Central African Republic,CAF,1989,443.226859814307,Sub-Saharan Africa 
Central African Republic,CAF,1988,466.070596898859,Sub-Saharan Africa 
Central African Republic,CAF,1987,449.952130096608,Sub-Saharan Africa 
Central African Republic,CAF,1986,426.02699258009,Sub-Saharan Africa 
Central African Republic,CAF,1985,332.515358450814,Sub-Saharan Africa 
Central African Republic,CAF,1984,248.313551025498,Sub-Saharan Africa 
Central African Republic,CAF,1983,259.588394525784,Sub-Saharan Africa 
Central African Republic,CAF,1982,298.444544895201,Sub-Saharan Africa 
Central African Republic,CAF,1981,280.343391789938,Sub-Saharan Africa 
Central African Republic,CAF,1980,325.254770299088,Sub-Saharan Africa 
Central African Republic,CAF,1979,289.118938225139,Sub-Saharan Africa 
Central African Republic,CAF,1978,254.624087711594,Sub-Saharan Africa 
Central African Republic,CAF,1977,213.785550996675,Sub-Saharan Africa 
Central African Republic,CAF,1976,192.09699080748,Sub-Saharan Africa 
Central African Republic,CAF,1975,163.644668287845,Sub-Saharan Africa 
Central African Republic,CAF,1974,124.000349692552,Sub-Saharan Africa 
Central African Republic,CAF,1973,121.824846111542,Sub-Saharan Africa 
Central African Republic,CAF,1972,105.468061578138,Sub-Saharan Africa 
Central African Republic,CAF,1971,94.0721472956876,Sub-Saharan Africa 
Central African Republic,CAF,1970,90.1578442993038,Sub-Saharan Africa 
Central African Republic,CAF,1969,91.6587059467658,Sub-Saharan Africa 
Central African Republic,CAF,1968,95.6398392122972,Sub-Saharan Africa 
Central African Republic,CAF,1967,83.562965105064,Sub-Saharan Africa 
Central African Republic,CAF,1966,82.3374694570342,Sub-Saharan Africa 
Central African Republic,CAF,1965,80.184506042463,Sub-Saharan Africa 
Central African Republic,CAF,1964,77.2050398029084,Sub-Saharan Africa 
Central African Republic,CAF,1963,71.7551875686265,Sub-Saharan Africa 
Central African Republic,CAF,1962,70.404229268492,Sub-Saharan Africa 
Central African Republic,CAF,1961,70.988125923024,Sub-Saharan Africa 
Central African Republic,CAF,1960,65.8829629770666,Sub-Saharan Africa 
Chad,TCD,2025,1022.33559390754,Sub-Saharan Africa 
Chad,TCD,2024,980.668312111718,Sub-Saharan Africa 
Chad,TCD,2023,949.991054236266,Sub-Saharan Africa 
Chad,TCD,2022,966.036468278568,Sub-Saharan Africa 
Chad,TCD,2021,946.358500208374,Sub-Saharan Africa 
Chad,TCD,2020,866.947814890409,Sub-Saharan Africa 
Chad,TCD,2019,893.336441643325,Sub-Saharan Africa 
Chad,TCD,2018,948.656629871231,Sub-Saharan Africa 
Chad,TCD,2017,854.46120040098,Sub-Saharan Africa 
Chad,TCD,2016,861.831767630746,Sub-Saharan Africa 
Chad,TCD,2015,993.990730610869,Sub-Saharan Africa 
Chad,TCD,2014,1278.78981422494,Sub-Saharan Africa 
Chad,TCD,2013,1304.88742971475,Sub-Saharan Africa 
Chad,TCD,2012,1354.34344701937,Sub-Saharan Africa 
Chad,TCD,2011,1308.1421872538,Sub-Saharan Africa 
Chad,TCD,2010,1141.80069268412,Sub-Saharan Africa 
Chad,TCD,2009,1035.63719694254,Sub-Saharan Africa 
Chad,TCD,2008,1166.36883453841,Sub-Saharan Africa 
Chad,TCD,2007,980.483531485103,Sub-Saharan Africa 
Chad,TCD,2006,906.897260572747,Sub-Saharan Africa 
Chad,TCD,2005,838.092107712557,Sub-Saharan Africa 
Chad,TCD,2004,445.850767157087,Sub-Saharan Africa 
Chad,TCD,2003,289.087621122168,Sub-Saharan Africa 
Chad,TCD,2002,219.061391951349,Sub-Saharan Africa 
Chad,TCD,2001,194.32295331156,Sub-Saharan Africa 
Chad,TCD,2000,163.121663683369,Sub-Saharan Africa 
Chad,TCD,1999,186.638531146223,Sub-Saharan Africa 
Chad,TCD,1998,219.779530915601,Sub-Saharan Africa 
Chad,TCD,1997,201.384076969355,Sub-Saharan Africa 
Chad,TCD,1996,216.912541056484,Sub-Saharan Africa 
Chad,TCD,1995,203.964852705041,Sub-Saharan Africa 
Chad,TCD,1994,173.928895064035,Sub-Saharan Africa 
Chad,TCD,1993,220.729964903293,Sub-Saharan Africa 
Chad,TCD,1992,290.648286132566,Sub-Saharan Africa 
Chad,TCD,1991,302.487268390603,Sub-Saharan Africa 
Chad,TCD,1990,290.599045262191,Sub-Saharan Africa 
Chad,TCD,1989,246.355378549117,Sub-Saharan Africa 
Chad,TCD,1988,263.544647841815,Sub-Saharan Africa 
Chad,TCD,1987,213.931729919066,Sub-Saharan Africa 
Chad,TCD,1986,203.354449515341,Sub-Saharan Africa 
Chad,TCD,1985,202.710985101435,Sub-Saharan Africa 
Chad,TCD,1984,182.175880946335,Sub-Saharan Africa 
Chad,TCD,1983,167.180974589951,Sub-Saharan Africa 
Chad,TCD,1982,176.083750783324,Sub-Saharan Africa 
Chad,TCD,1981,193.971579541809,Sub-Saharan Africa 
Chad,TCD,1980,228.770491876017,Sub-Saharan Africa 
Chad,TCD,1979,222.914738532944,Sub-Saharan Africa 
Chad,TCD,1978,252.511381682505,Sub-Saharan Africa 
Chad,TCD,1977,215.935450416974,Sub-Saharan Africa 
Chad,TCD,1976,203.713116730324,Sub-Saharan Africa 
Chad,TCD,1975,207.476255156215,Sub-Saharan Africa 
Chad,TCD,1974,159.998978775959,Sub-Saharan Africa 
Chad,TCD,1973,162.371866237422,Sub-Saharan Africa 
Chad,TCD,1972,150.369805704401,Sub-Saharan Africa 
Chad,TCD,1971,131.816410865026,Sub-Saharan Africa 
Chad,TCD,1970,125.882078424937,Sub-Saharan Africa 
Chad,TCD,1969,129.175848997716,Sub-Saharan Africa 
Chad,TCD,1968,126.87277490154,Sub-Saharan Africa 
Chad,TCD,1967,128.209999741615,Sub-Saharan Africa 
Chad,TCD,1966,125.779460124418,Sub-Saharan Africa 
Chad,TCD,1965,123.56227611622,Sub-Saharan Africa 
Chad,TCD,1964,118.594106789032,Sub-Saharan Africa 
Chad,TCD,1963,114.710860761079,Sub-Saharan Africa 
Chad,TCD,1962,112.619958010844,Sub-Saharan Africa 
Chad,TCD,1961,107.320380491931,Sub-Saharan Africa 
Chad,TCD,1960,102.819470459603,Sub-Saharan Africa 
Channel Islands,CHI,2023,74585.5224096294,Europe & Central Asia
Channel Islands,CHI,2022,67627.1417347907,Europe & Central Asia
Channel Islands,CHI,2021,66915.3963925722,Europe & Central Asia
Channel Islands,CHI,2020,56785.9402005039,Europe & Central Asia
Channel Islands,CHI,2019,60564.6293993681,Europe & Central Asia
Channel Islands,CHI,2018,60784.8125397162,Europe & Central Asia
Channel Islands,CHI,2017,55806.3554257428,Europe & Central Asia
Channel Islands,CHI,2016,55947.579811974,Europe & Central Asia
Channel Islands,CHI,2015,61847.8212238857,Europe & Central Asia
Channel Islands,CHI,2014,64697.5485024325,Europe & Central Asia
Channel Islands,CHI,2013,59308.4666588674,Europe & Central Asia
Channel Islands,CHI,2012,58809.5698945413,Europe & Central Asia
Channel Islands,CHI,2011,60415.2632075658,Europe & Central Asia
Channel Islands,CHI,2010,56123.4597963451,Europe & Central Asia
Channel Islands,CHI,2009,57778.5407063052,Europe & Central Asia
Channel Islands,CHI,2007,74139.97799443,Europe & Central Asia
Channel Islands,CHI,2006,62745.1006593557,Europe & Central Asia
Channel Islands,CHI,2005,57647.1188908006,Europe & Central Asia
Channel Islands,CHI,2004,56259.5344226334,Europe & Central Asia
Channel Islands,CHI,2003,48570.7796632166,Europe & Central Asia
Channel Islands,CHI,2002,44459.7318188977,Europe & Central Asia
Channel Islands,CHI,2001,41873.7406146127,Europe & Central Asia
Channel Islands,CHI,2000,43479.1940767689,Europe & Central Asia
Channel Islands,CHI,1999,42443.7199726991,Europe & Central Asia
Channel Islands,CHI,1998,40472.6653548172,Europe & Central Asia
Chile,CHL,2025,17994.5911957485,Latin America & Caribbean 
Chile,CHL,2024,16658.9652720351,Latin America & Caribbean 
Chile,CHL,2023,17081.5180740049,Latin America & Caribbean 
Chile,CHL,2022,15399.1044717559,Latin America & Caribbean 
Chile,CHL,2021,16216.1840860289,Latin America & Caribbean 
Chile,CHL,2020,13117.9930230086,Latin America & Caribbean 
Chile,CHL,2019,14496.9345640362,Latin America & Caribbean 
Chile,CHL,2018,15659.4808675628,Latin America & Caribbean 
Chile,CHL,2017,14879.9086227187,Latin America & Caribbean 
Chile,CHL,2016,13649.8520452803,Latin America & Caribbean 
Chile,CHL,2015,13433.9202987032,Latin America & Caribbean 
Chile,CHL,2014,14529.6767206336,Latin America & Caribbean 
Chile,CHL,2013,15683.5486369155,Latin America & Caribbean 
Chile,CHL,2012,15241.9069981119,Latin America & Caribbean 
Chile,CHL,2011,14487.3927832032,Latin America & Caribbean 
Chile,CHL,2010,12632.8704724192,Latin America & Caribbean 
Chile,CHL,2009,10098.8017167286,Latin America & Caribbean 
Chile,CHL,2008,10683.2188772511,Latin America & Caribbean 
Chile,CHL,2007,10346.4138184533,Latin America & Caribbean 
Chile,CHL,2006,9318.65655296121,Latin America & Caribbean 
Chile,CHL,2005,7480.32330998636,Latin America & Caribbean 
Chile,CHL,2004,6120.59152055344,Latin America & Caribbean 
Chile,CHL,2003,4773.40177520754,Latin America & Caribbean 
Chile,CHL,2002,4430.84741157984,Latin America & Caribbean 
Chile,CHL,2001,4563.5952986689,Latin America & Caribbean 
Chile,CHL,2000,5052.99245766325,Latin America & Caribbean 
Chile,CHL,1999,4933.55581516755,Latin America & Caribbean 
Chile,CHL,1998,5419.82417297191,Latin America & Caribbean 
Chile,CHL,1997,5741.95842989596,Latin America & Caribbean 
Chile,CHL,1996,5333.50438729711,Latin America & Caribbean 
Chile,CHL,1995,5081.4682771561,Latin America & Caribbean 
Chile,CHL,1994,4012.10159912285,Latin America & Caribbean 
Chile,CHL,1993,3540.91377313015,Latin America & Caribbean 
Chile,CHL,1992,3351.84108855522,Latin America & Caribbean 
Chile,CHL,1991,2798.34262413795,Latin America & Caribbean 
Chile,CHL,1990,2487.76829657299,Latin America & Caribbean 
Chile,CHL,1989,2277.84764297202,Latin America & Caribbean 
Chile,CHL,1988,2013.53987790886,Latin America & Caribbean 
Chile,CHL,1987,1767.41389670161,Latin America & Caribbean 
Chile,CHL,1986,1524.97809458987,Latin America & Caribbean 
Chile,CHL,1985,1446.80604557863,Latin America & Caribbean 
Chile,CHL,1984,1636.22476246476,Latin America & Caribbean 
Chile,CHL,1983,1715.40345654344,Latin America & Caribbean 
Chile,CHL,1982,1663.28043251256,Latin America & Caribbean 
Chile,CHL,1981,3012.3447816477,Latin America & Caribbean 
Chile,CHL,1980,2570.84311890682,Latin America & Caribbean 
Chile,CHL,1979,1962.08185606537,Latin America & Caribbean 
Chile,CHL,1978,1465.45605636916,Latin America & Caribbean 
Chile,CHL,1977,1296.86854720323,Latin America & Caribbean 
Chile,CHL,1976,970.957314866348,Latin America & Caribbean 
Chile,CHL,1975,732.054406775965,Latin America & Caribbean 
Chile,CHL,1974,1578.5836760852,Latin America & Caribbean 
Chile,CHL,1973,1666.99542750899,Latin America & Caribbean 
Chile,CHL,1972,1185.04994801594,Latin America & Caribbean 
Chile,CHL,1971,1098.91469956231,Latin America & Caribbean 
Chile,CHL,1970,940.648345061287,Latin America & Caribbean 
Chile,CHL,1969,873.581889905917,Latin America & Caribbean 
Chile,CHL,1968,765.847401648627,Latin America & Caribbean 
Chile,CHL,1967,764.265128656993,Latin America & Caribbean 
Chile,CHL,1966,790.361773771396,Latin America & Caribbean 
Chile,CHL,1965,686.123541995524,Latin America & Caribbean 
Chile,CHL,1964,685.970202891974,Latin America & Caribbean 
Chile,CHL,1963,657.719196593697,Latin America & Caribbean 
Chile,CHL,1962,678.584336588862,Latin America & Caribbean 
Chile,CHL,1961,594.436306222113,Latin America & Caribbean 
Chile,CHL,1960,516.487539077836,Latin America & Caribbean 
China,CHN,2025,13861.970224368,East Asia & Pacific
China,CHN,2024,13293.1162269366,East Asia & Pacific
China,CHN,2023,12951.1782397043,East Asia & Pacific
China,CHN,2022,12970.6056414327,East Asia & Pacific
China,CHN,2021,12887.4357242941,East Asia & Pacific
China,CHN,2020,10627.4637989619,East Asia & Pacific
China,CHN,2019,10342.9009524335,East Asia & Pacific
China,CHN,2018,10085.6638148819,East Asia & Pacific
China,CHN,2017,8979.67652709856,East Asia & Pacific
China,CHN,2016,8254.86859320357,East Asia & Pacific
China,CHN,2015,8175.33285077393,East Asia & Pacific
China,CHN,2014,7781.06597484974,East Asia & Pacific
China,CHN,2013,7147.03518622344,East Asia & Pacific
China,CHN,2012,6405.0574241349,East Asia & Pacific
China,CHN,2011,5703.76027973346,East Asia & Pacific
China,CHN,2010,4629.24551710077,East Asia & Pacific
China,CHN,2009,3898.24459158811,East Asia & Pacific
China,CHN,2008,3523.44302065213,East Asia & Pacific
China,CHN,2007,2734.72709877693,East Asia & Pacific
China,CHN,2006,2129.25696999613,East Asia & Pacific
China,CHN,2005,1777.64496828464,East Asia & Pacific
China,CHN,2004,1530.92726215723,East Asia & Pacific
China,CHN,2003,1306.97245408557,East Asia & Pacific
China,CHN,2002,1163.55957673426,East Asia & Pacific
China,CHN,2001,1065.40597574519,East Asia & Pacific
China,CHN,2000,969.199513696287,East Asia & Pacific
China,CHN,1999,881.146614068925,East Asia & Pacific
China,CHN,1998,835.095348597432,East Asia & Pacific
China,CHN,1997,786.743548510999,East Asia & Pacific
China,CHN,1996,713.337387811657,East Asia & Pacific
China,CHN,1995,612.680277898627,East Asia & Pacific
China,CHN,1994,475.677874448369,East Asia & Pacific
China,CHN,1993,378.939353053314,East Asia & Pacific
China,CHN,1992,367.822651903542,East Asia & Pacific
China,CHN,1991,334.130288119078,East Asia & Pacific
China,CHN,1990,318.50335359039,East Asia & Pacific
China,CHN,1989,311.429461227032,East Asia & Pacific
China,CHN,1988,284.023573149686,East Asia & Pacific
China,CHN,1987,252.256760114454,East Asia & Pacific
China,CHN,1986,282.445603096707,East Asia & Pacific
China,CHN,1985,295.007445815897,East Asia & Pacific
China,CHN,1984,251.192686463827,East Asia & Pacific
China,CHN,1983,225.86534696156,East Asia & Pacific
China,CHN,1982,203.722788366928,East Asia & Pacific
China,CHN,1981,197.425510967822,East Asia & Pacific
China,CHN,1980,195.149479992051,East Asia & Pacific
China,CHN,1979,184.285853059043,East Asia & Pacific
China,CHN,1978,156.655616850835,East Asia & Pacific
China,CHN,1977,185.728620718294,East Asia & Pacific
China,CHN,1976,165.680987722637,East Asia & Pacific
China,CHN,1975,178.621249282085,East Asia & Pacific
China,CHN,1974,160.402546852304,East Asia & Pacific
China,CHN,1973,157.339888078555,East Asia & Pacific
China,CHN,1972,132.097410431007,East Asia & Pacific
China,CHN,1971,118.84249157909,East Asia & Pacific
China,CHN,1970,113.346243039894,East Asia & Pacific
China,CHN,1969,100.308139479526,East Asia & Pacific
China,CHN,1968,91.6454581848979,East Asia & Pacific
China,CHN,1967,96.7614480104016,East Asia & Pacific
China,CHN,1966,104.50646350178,East Asia & Pacific
China,CHN,1965,98.6681688740435,East Asia & Pacific
China,CHN,1964,85.6611074645449,East Asia & Pacific
China,CHN,1963,74.4681540864463,East Asia & Pacific
China,CHN,1962,71.0616845971262,East Asia & Pacific
China,CHN,1961,75.9655011127574,East Asia & Pacific
China,CHN,1960,89.7150749167731,East Asia & Pacific
Colombia,COL,2025,8561.62091854449,Latin America & Caribbean 
Colombia,COL,2024,7951.08624019412,Latin America & Caribbean 
Colombia,COL,2023,7012.49169137756,Latin America & Caribbean 
Colombia,COL,2022,6680.44506854481,Latin America & Caribbean 
Colombia,COL,2021,6222.62164397614,Latin America & Caribbean 
Colombia,COL,2020,5339.68711357943,Latin America & Caribbean 
Colombia,COL,2019,6472.54544924705,Latin America & Caribbean 
Colombia,COL,2018,6816.96818309544,Latin America & Caribbean 
Colombia,COL,2017,6479.53231292429,Latin America & Caribbean 
Colombia,COL,2016,5959.84250367574,Latin America & Caribbean 
Colombia,COL,2015,6248.51490534512,Latin America & Caribbean 
Colombia,COL,2014,8187.20824890084,Latin America & Caribbean 
Colombia,COL,2013,8279.10255642981,Latin America & Caribbean 
Colombia,COL,2012,8108.59838244229,Latin America & Caribbean 
Colombia,COL,2011,7400.9940695669,Latin America & Caribbean 
Colombia,COL,2010,6398.2958447102,Latin America & Caribbean 
Colombia,COL,2009,5250.97292433518,Latin America & Caribbean 
Colombia,COL,2008,5541.83629665898,Latin America & Caribbean 
Colombia,COL,2007,4769.926147194,Latin America & Caribbean 
Colombia,COL,2006,3789.85361217027,Latin America & Caribbean 
Colombia,COL,2005,3456.06610874512,Latin America & Caribbean 
Colombia,COL,2004,2818.57195413044,Latin America & Caribbean 
Colombia,COL,2003,2311.94218760291,Latin America & Caribbean 
Colombia,COL,2002,2428.92969771584,Latin America & Caribbean 
Colombia,COL,2001,2472.99084035833,Latin America & Caribbean 
Colombia,COL,2000,2555.00751039968,Latin America & Caribbean 
Colombia,COL,1999,2241.22911801216,Latin America & Caribbean 
Colombia,COL,1998,2604.87166959518,Latin America & Caribbean 
Colombia,COL,1997,2873.2814350993,Latin America & Caribbean 
Colombia,COL,1996,2664.64056059983,Latin America & Caribbean 
Colombia,COL,1995,2583.66576349858,Latin America & Caribbean 
Colombia,COL,1994,2325.91872973374,Latin America & Caribbean 
Colombia,COL,1993,1929.26721811738,Latin America & Caribbean 
Colombia,COL,1992,1730.39091795329,Latin America & Caribbean 
Colombia,COL,1991,1485.73971889208,Latin America & Caribbean 
Colombia,COL,1990,1474.8455285342,Latin America & Caribbean 
Colombia,COL,1989,1244.3269459081,Latin America & Caribbean 
Colombia,COL,1988,1259.6174112078,Latin America & Caribbean 
Colombia,COL,1987,1192.58828638182,Latin America & Caribbean 
Colombia,COL,1986,1169.46212069392,Latin America & Caribbean 
Colombia,COL,1985,1192.21849833568,Latin America & Caribbean 
Colombia,COL,1984,1335.52821812362,Latin America & Caribbean 
Colombia,COL,1983,1383.7924605368,Latin America & Caribbean 
Colombia,COL,1982,1425.39936771371,Latin America & Caribbean 
Colombia,COL,1981,1362.18332520058,Latin America & Caribbean 
Colombia,COL,1980,1279.50116658241,Latin America & Caribbean 
Colombia,COL,1979,1095.0313839164,Latin America & Caribbean 
Colombia,COL,1978,932.392695058624,Latin America & Caribbean 
Colombia,COL,1977,798.203021638873,Latin America & Caribbean 
Colombia,COL,1976,643.007914496566,Latin America & Caribbean 
Colombia,COL,1975,561.098036100584,Latin America & Caribbean 
Colombia,COL,1974,541.749901587091,Latin America & Caribbean 
Colombia,COL,1973,462.064375734059,Latin America & Caribbean 
Colombia,COL,1972,397.41211740514,Latin America & Caribbean 
Colombia,COL,1971,366.825167940364,Latin America & Caribbean 
Colombia,COL,1970,345.879101568471,Latin America & Caribbean 
Colombia,COL,1969,317.868798055367,Latin America & Caribbean 
Colombia,COL,1968,301.526502784249,Latin America & Caribbean 
Colombia,COL,1967,302.832507824134,Latin America & Caribbean 
Colombia,COL,1966,290.253385958132,Latin America & Caribbean 
Colombia,COL,1965,317.064563351518,Latin America & Caribbean 
Colombia,COL,1964,338.675935298365,Latin America & Caribbean 
Colombia,COL,1963,282.588330302742,Latin America & Caribbean 
Colombia,COL,1962,298.544207818945,Latin America & Caribbean 
Colombia,COL,1961,282.099440509948,Latin America & Caribbean 
Colombia,COL,1960,258.304433616071,Latin America & Caribbean 
Comoros,COM,2025,2055.75921566281,Sub-Saharan Africa 
Comoros,COM,2024,1857.87060684189,Sub-Saharan Africa 
Comoros,COM,2023,1723.89474946474,Sub-Saharan Africa 
Comoros,COM,2022,1533.87755393614,Sub-Saharan Africa 
Comoros,COM,2021,1587.72988658008,Sub-Saharan Africa 
Comoros,COM,2020,1527.16991011916,Sub-Saharan Africa 
Comoros,COM,2019,1519.26386436068,Sub-Saharan Africa 
Comoros,COM,2018,1540.71132257526,Sub-Saharan Africa 
Comoros,COM,2017,1423.9248027797,Sub-Saharan Africa 
Comoros,COM,2016,1365.48403444497,Sub-Saharan Africa 
Comoros,COM,2015,1329.37048235986,Sub-Saharan Africa 
Comoros,COM,2014,1615.71709756316,Sub-Saharan Africa 
Comoros,COM,2013,1603.32653496691,Sub-Saharan Africa 
Comoros,COM,2012,1490.31425650871,Sub-Saharan Africa 
Comoros,COM,2011,1531.43969320468,Sub-Saharan Africa 
Comoros,COM,2010,1386.57533553376,Sub-Saharan Africa 
Comoros,COM,2009,1410.30516959473,Sub-Saharan Africa 
Comoros,COM,2008,1455.02768595586,Sub-Saharan Africa 
Comoros,COM,2007,1289.73631056361,Sub-Saharan Africa 
Comoros,COM,2006,1138.47908404345,Sub-Saharan Africa 
Comoros,COM,2005,1105.78796866788,Sub-Saharan Africa 
Comoros,COM,2004,1072.28409029621,Sub-Saharan Africa 
Comoros,COM,2003,959.691049354812,Sub-Saharan Africa 
Comoros,COM,2002,764.61349832543,Sub-Saharan Africa 
Comoros,COM,2001,681.163857619963,Sub-Saharan Africa 
Comoros,COM,2000,633.309032776244,Sub-Saharan Africa 
Comoros,COM,1999,707.228776682623,Sub-Saharan Africa 
Comoros,COM,1998,704.479817408486,Sub-Saharan Africa 
Comoros,COM,1997,714.519968676115,Sub-Saharan Africa 
Comoros,COM,1996,786.380773511866,Sub-Saharan Africa 
Comoros,COM,1995,800.623567802959,Sub-Saharan Africa 
Comoros,COM,1994,652.898017688557,Sub-Saharan Africa 
Comoros,COM,1993,903.033729112507,Sub-Saharan Africa 
Comoros,COM,1992,938.595399659213,Sub-Saharan Africa 
Comoros,COM,1991,879.348889291867,Sub-Saharan Africa 
Comoros,COM,1990,903.20430581841,Sub-Saharan Africa 
Comoros,COM,1989,758.861242815325,Sub-Saharan Africa 
Comoros,COM,1988,797.801503027398,Sub-Saharan Africa 
Comoros,COM,1987,763.310316408075,Sub-Saharan Africa 
Comoros,COM,1986,646.461974891796,Sub-Saharan Africa 
Comoros,COM,1985,494.254932645725,Sub-Saharan Africa 
Comoros,COM,1984,500.752665003745,Sub-Saharan Africa 
Comoros,COM,1983,534.247684014857,Sub-Saharan Africa 
Comoros,COM,1982,566.033006092361,Sub-Saharan Africa 
Comoros,COM,1981,613.038043236083,Sub-Saharan Africa 
Comoros,COM,1980,720.685109658453,Sub-Saharan Africa 
"Congo, Dem. Rep.",COD,2025,806.776000708534,Sub-Saharan Africa 
"Congo, Dem. Rep.",COD,2024,692.887665085098,Sub-Saharan Africa 
"Congo, Dem. Rep.",COD,2023,660.21205238997,Sub-Saharan Africa 
"Congo, Dem. Rep.",COD,2022,687.738587554685,Sub-Saharan Africa 
"Congo, Dem. Rep.",COD,2021,595.743074403567,Sub-Saharan Africa 
"Congo, Dem. Rep.",COD,2020,486.425572682256,Sub-Saharan Africa 
"Congo, Dem. Rep.",COD,2019,504.00419142286,Sub-Saharan Africa 
"Congo, Dem. Rep.",COD,2018,518.169626875371,Sub-Saharan Africa 
"Congo, Dem. Rep.",COD,2017,431.052559128788,Sub-Saharan Africa 
"Congo, Dem. Rep.",COD,2016,459.765036590388,Sub-Saharan Africa 
"Congo, Dem. Rep.",COD,2015,495.826633014883,Sub-Saharan Africa 
"Congo, Dem. Rep.",COD,2014,489.175952097319,Sub-Saharan Africa 
"Congo, Dem. Rep.",COD,2013,460.370334930107,Sub-Saharan Africa 
"Congo, Dem. Rep.",COD,2012,409.931424783784,Sub-Saharan Africa 
"Congo, Dem. Rep.",COD,2011,372.514273875789,Sub-Saharan Africa 
"Congo, Dem. Rep.",COD,2010,352.400398754692,Sub-Saharan Africa 
"Congo, Dem. Rep.",COD,2009,280.178991035792,Sub-Saharan Africa 
"Congo, Dem. Rep.",COD,2008,352.900363371995,Sub-Saharan Africa 
"Congo, Dem. Rep.",COD,2007,294.101615124419,Sub-Saharan Africa 
"Congo, Dem. Rep.",COD,2006,255.445229568751,Sub-Saharan Africa 
"Congo, Dem. Rep.",COD,2005,214.539740473519,Sub-Saharan Africa 
"Congo, Dem. Rep.",COD,2004,180.664764963633,Sub-Saharan Africa 
"Congo, Dem. Rep.",COD,2003,161.491553524396,Sub-Saharan Africa 
"Congo, Dem. Rep.",COD,2002,162.38052907429,Sub-Saharan Africa 
"Congo, Dem. Rep.",COD,2001,142.678142604412,Sub-Saharan Africa 
"Congo, Dem. Rep.",COD,2000,377.925421481395,Sub-Saharan Africa 
"Congo, Dem. Rep.",COD,1999,96.3192243479286,Sub-Saharan Africa 
"Congo, Dem. Rep.",COD,1998,131.461338858019,Sub-Saharan Africa 
"Congo, Dem. Rep.",COD,1997,132.323520768553,Sub-Saharan Africa 
"Congo, Dem. Rep.",COD,1996,127.416132828292,Sub-Saharan Africa 
"Congo, Dem. Rep.",COD,1995,127.008078734668,Sub-Saharan Africa 
"Congo, Dem. Rep.",COD,1994,136.542547670676,Sub-Saharan Africa 
"Congo, Dem. Rep.",COD,1993,263.335582841074,Sub-Saharan Africa 
"Congo, Dem. Rep.",COD,1992,209.726548794417,Sub-Saharan Africa 
"Congo, Dem. Rep.",COD,1991,253.79642770809,Sub-Saharan Africa 
"Congo, Dem. Rep.",COD,1990,254.872656292509,Sub-Saharan Africa 
"Congo, Dem. Rep.",COD,1989,254.231037905154,Sub-Saharan Africa 
"Congo, Dem. Rep.",COD,1988,257.725151748806,Sub-Saharan Africa 
"Congo, Dem. Rep.",COD,1987,230.086415834499,Sub-Saharan Africa 
"Congo, Dem. Rep.",COD,1986,250.900914044275,Sub-Saharan Africa 
"Congo, Dem. Rep.",COD,1985,230.132255248427,Sub-Saharan Africa 
"Congo, Dem. Rep.",COD,1984,259.801889543739,Sub-Saharan Africa 
"Congo, Dem. Rep.",COD,1983,376.285479915589,Sub-Saharan Africa 
"Congo, Dem. Rep.",COD,1982,481.7409782053,Sub-Saharan Africa 
"Congo, Dem. Rep.",COD,1981,455.912227033575,Sub-Saharan Africa 
"Congo, Dem. Rep.",COD,1980,538.911839414196,Sub-Saharan Africa 
"Congo, Dem. Rep.",COD,1979,582.089432219357,Sub-Saharan Africa 
"Congo, Dem. Rep.",COD,1978,615.084195317772,Sub-Saharan Africa 
"Congo, Dem. Rep.",COD,1977,509.488368681423,Sub-Saharan Africa 
"Congo, Dem. Rep.",COD,1976,408.42239095403,Sub-Saharan Africa 
"Congo, Dem. Rep.",COD,1975,444.693899464352,Sub-Saharan Africa 
"Congo, Dem. Rep.",COD,1974,428.074954493294,Sub-Saharan Africa 
"Congo, Dem. Rep.",COD,1973,360.562591604638,Sub-Saharan Africa 
"Congo, Dem. Rep.",COD,1972,290.511803326089,Sub-Saharan Africa 
"Congo, Dem. Rep.",COD,1971,270.336629028245,Sub-Saharan Africa 
"Congo, Dem. Rep.",COD,1970,242.219759763837,Sub-Saharan Africa 
"Congo, Dem. Rep.",COD,1969,257.144636724402,Sub-Saharan Africa 
"Congo, Dem. Rep.",COD,1968,205.645995783134,Sub-Saharan Africa 
"Congo, Dem. Rep.",COD,1967,183.291086454789,Sub-Saharan Africa 
"Congo, Dem. Rep.",COD,1966,252.770361839944,Sub-Saharan Africa 
"Congo, Dem. Rep.",COD,1965,232.037397382746,Sub-Saharan Africa 
"Congo, Dem. Rep.",COD,1964,169.949259765221,Sub-Saharan Africa 
"Congo, Dem. Rep.",COD,1963,376.383370020937,Sub-Saharan Africa 
"Congo, Dem. Rep.",COD,1962,235.127290601122,Sub-Saharan Africa 
"Congo, Dem. Rep.",COD,1961,197.080395165053,Sub-Saharan Africa 
"Congo, Dem. Rep.",COD,1960,220.074550221277,Sub-Saharan Africa 
"Congo, Rep.",COG,2025,2514.73393584747,Sub-Saharan Africa 
"Congo, Rep.",COG,2024,2482.2489948456,Sub-Saharan Africa 
"Congo, Rep.",COG,2023,2477.97845544866,Sub-Saharan Africa 
"Congo, Rep.",COG,2022,2620.83804267402,Sub-Saharan Africa 
"Congo, Rep.",COG,2021,2516.16255145432,Sub-Saharan Africa 
"Congo, Rep.",COG,2020,1993.586671931,Sub-Saharan Africa 
"Congo, Rep.",COG,2019,2488.42466724916,Sub-Saharan Africa 
"Congo, Rep.",COG,2018,2694.43413191427,Sub-Saharan Africa 
"Congo, Rep.",COG,2017,2211.63309874797,Sub-Saharan Africa 
"Congo, Rep.",COG,2016,2093.10728558843,Sub-Saharan Africa 
"Congo, Rep.",COG,2015,2439.35189403696,Sub-Saharan Africa 
"Congo, Rep.",COG,2014,3601.2365808718,Sub-Saharan Africa 
"Congo, Rep.",COG,2013,3697.41705884249,Sub-Saharan Africa 
"Congo, Rep.",COG,2012,3732.32737320389,Sub-Saharan Africa 
"Congo, Rep.",COG,2011,3396.16505817952,Sub-Saharan Africa 
"Congo, Rep.",COG,2010,2946.55798067708,Sub-Saharan Africa 
"Congo, Rep.",COG,2009,2271.15219175966,Sub-Saharan Africa 
"Congo, Rep.",COG,2008,2832.09177777643,Sub-Saharan Africa 
"Congo, Rep.",COG,2007,2206.47101863414,Sub-Saharan Africa 
"Congo, Rep.",COG,2006,2103.5821381211,Sub-Saharan Africa 
"Congo, Rep.",COG,2005,1799.05158366154,Sub-Saharan Africa 
"Congo, Rep.",COG,2004,1306.10136324599,Sub-Saharan Africa 
"Congo, Rep.",COG,2003,1016.82363412143,Sub-Saharan Africa 
"Congo, Rep.",COG,2002,905.538135544704,Sub-Saharan Africa 
"Congo, Rep.",COG,2001,854.598314408095,Sub-Saharan Africa 
"Congo, Rep.",COG,2000,1024.30159109181,Sub-Saharan Africa 
"Congo, Rep.",COG,1999,776.416349733937,Sub-Saharan Africa 
"Congo, Rep.",COG,1998,660.379775085784,Sub-Saharan Africa 
"Congo, Rep.",COG,1997,804.304050086499,Sub-Saharan Africa 
"Congo, Rep.",COG,1996,898.794050151577,Sub-Saharan Africa 
"Congo, Rep.",COG,1995,769.606794842829,Sub-Saharan Africa 
"Congo, Rep.",COG,1994,661.904273689712,Sub-Saharan Africa 
"Congo, Rep.",COG,1993,1034.37200809816,Sub-Saharan Africa 
"Congo, Rep.",COG,1992,1164.22442980292,Sub-Saharan Africa 
"Congo, Rep.",COG,1991,1112.53521242945,Sub-Saharan Africa 
"Congo, Rep.",COG,1990,1175.66709098428,Sub-Saharan Africa 
"Congo, Rep.",COG,1989,1032.8649749016,Sub-Saharan Africa 
"Congo, Rep.",COG,1988,984.376285838246,Sub-Saharan Africa 
"Congo, Rep.",COG,1987,1052.33893542503,Sub-Saharan Africa 
"Congo, Rep.",COG,1986,872.048697635314,Sub-Saharan Africa 
"Congo, Rep.",COG,1985,1049.31821372865,Sub-Saharan Africa 
"Congo, Rep.",COG,1984,1097.04958637388,Sub-Saharan Africa 
"Congo, Rep.",COG,1983,1075.34825792814,Sub-Saharan Africa 
"Congo, Rep.",COG,1982,1130.97081000634,Sub-Saharan Africa 
"Congo, Rep.",COG,1981,1066.18677734612,Sub-Saharan Africa 
"Congo, Rep.",COG,1980,932.646715470458,Sub-Saharan Africa 
"Congo, Rep.",COG,1979,670.245223116511,Sub-Saharan Africa 
"Congo, Rep.",COG,1978,502.704251443805,Sub-Saharan Africa 
"Congo, Rep.",COG,1977,448.136782421875,Sub-Saharan Africa 
"Congo, Rep.",COG,1976,452.578147155598,Sub-Saharan Africa 
"Congo, Rep.",COG,1975,471.473628201515,Sub-Saharan Africa 
"Congo, Rep.",COG,1974,369.945183927696,Sub-Saharan Africa 
"Congo, Rep.",COG,1973,353.380993825585,Sub-Saharan Africa 
"Congo, Rep.",COG,1972,276.271849546575,Sub-Saharan Africa 
"Congo, Rep.",COG,1971,223.538723764898,Sub-Saharan Africa 
"Congo, Rep.",COG,1970,196.7324156078,Sub-Saharan Africa 
"Congo, Rep.",COG,1969,195.431023577377,Sub-Saharan Africa 
"Congo, Rep.",COG,1968,190.84225732065,Sub-Saharan Africa 
"Congo, Rep.",COG,1967,185.656603616519,Sub-Saharan Africa 
"Congo, Rep.",COG,1966,177.551344246999,Sub-Saharan Africa 
"Congo, Rep.",COG,1965,164.186892761636,Sub-Saharan Africa 
"Congo, Rep.",COG,1964,158.061964516344,Sub-Saharan Africa 
"Congo, Rep.",COG,1963,150.65075197733,Sub-Saharan Africa 
"Congo, Rep.",COG,1962,149.591249938458,Sub-Saharan Africa 
"Congo, Rep.",COG,1961,139.872074436703,Sub-Saharan Africa 
"Congo, Rep.",COG,1960,124.659670363931,Sub-Saharan Africa 
Costa Rica,CRI,2025,19970.0989059622,Latin America & Caribbean 
Costa Rica,CRI,2024,18853.2828705886,Latin America & Caribbean 
Costa Rica,CRI,2023,17140.771430122,Latin America & Caribbean 
Costa Rica,CRI,2022,13971.7649991294,Latin America & Caribbean 
Costa Rica,CRI,2021,12962.2716075659,Latin America & Caribbean 
Costa Rica,CRI,2020,12475.6852076814,Latin America & Caribbean 
Costa Rica,CRI,2019,12951.8588421841,Latin America & Caribbean 
Costa Rica,CRI,2018,12620.0207321581,Latin America & Caribbean 
Costa Rica,CRI,2017,12317.0902779911,Latin America & Caribbean 
Costa Rica,CRI,2016,12091.0301560892,Latin America & Caribbean 
Costa Rica,CRI,2015,11714.7106121672,Latin America & Caribbean 
Costa Rica,CRI,2014,10911.4978703456,Latin America & Caribbean 
Costa Rica,CRI,2013,10803.2401795009,Latin America & Caribbean 
Costa Rica,CRI,2012,10126.9991155066,Latin America & Caribbean 
Costa Rica,CRI,2011,9276.39109377477,Latin America & Caribbean 
Costa Rica,CRI,2010,8265.78820580299,Latin America & Caribbean 
Costa Rica,CRI,2009,6832.69828187486,Latin America & Caribbean 
Costa Rica,CRI,2008,6937.24261660254,Latin America & Caribbean 
Costa Rica,CRI,2007,6137.71199435022,Latin America & Caribbean 
Costa Rica,CRI,2006,5256.59641275583,Latin America & Caribbean 
Costa Rica,CRI,2005,4703.00720463794,Latin America & Caribbean 
Costa Rica,CRI,2004,4431.01172024063,Latin America & Caribbean 
Costa Rica,CRI,2003,4173.14853766977,Latin America & Caribbean 
Costa Rica,CRI,2002,4067.71854177094,Latin America & Caribbean 
Costa Rica,CRI,2001,3985.12987980056,Latin America & Caribbean 
Costa Rica,CRI,2000,3812.75386183689,Latin America & Caribbean 
Costa Rica,CRI,1999,3690.9615476017,Latin America & Caribbean 
Costa Rica,CRI,1998,3617.45758013205,Latin America & Caribbean 
Costa Rica,CRI,1997,3407.77611260904,Latin America & Caribbean 
Costa Rica,CRI,1996,3226.96401664833,Latin America & Caribbean 
Costa Rica,CRI,1995,3275.25258510331,Latin America & Caribbean 
Costa Rica,CRI,1994,3039.56331706225,Latin America & Caribbean 
Costa Rica,CRI,1993,2840.38709085425,Latin America & Caribbean 
Costa Rica,CRI,1992,2612.38762395528,Latin America & Caribbean 
Costa Rica,CRI,1991,2253.3819611182,Latin America & Caribbean 
Costa Rica,CRI,1990,1829.6687089559,Latin America & Caribbean 
Costa Rica,CRI,1989,1725.13936155907,Latin America & Caribbean 
Costa Rica,CRI,1988,1554.74048522018,Latin America & Caribbean 
Costa Rica,CRI,1987,1567.0320510901,Latin America & Caribbean 
Costa Rica,CRI,1986,1568.5640969552,Latin America & Caribbean 
Costa Rica,CRI,1985,1429.37836415122,Latin America & Caribbean 
Costa Rica,CRI,1984,1372.20149843952,Latin America & Caribbean 
Costa Rica,CRI,1983,1212.55765296791,Latin America & Caribbean 
Costa Rica,CRI,1982,1032.40548167496,Latin America & Caribbean 
Costa Rica,CRI,1981,1068.04672232202,Latin America & Caribbean 
Costa Rica,CRI,1980,2020.99067534283,Latin America & Caribbean 
Costa Rica,CRI,1979,1734.59560248294,Latin America & Caribbean 
Costa Rica,CRI,1978,1555.83716115258,Latin America & Caribbean 
Costa Rica,CRI,1977,1393.37513762224,Latin America & Caribbean 
Costa Rica,CRI,1976,1123.28179124262,Latin America & Caribbean 
Costa Rica,CRI,1975,936.993196686988,Latin America & Caribbean 
Costa Rica,CRI,1974,817.076691410389,Latin America & Caribbean 
Costa Rica,CRI,1973,768.944717412776,Latin America & Caribbean 
Costa Rica,CRI,1972,638.851011611456,Latin America & Caribbean 
Costa Rica,CRI,1971,570.360229534426,Latin America & Caribbean 
Costa Rica,CRI,1970,535.539679724977,Latin America & Caribbean 
Costa Rica,CRI,1969,477.081346742249,Latin America & Caribbean 
Costa Rica,CRI,1968,444.805256869954,Latin America & Caribbean 
Costa Rica,CRI,1967,413.996506036274,Latin America & Caribbean 
Costa Rica,CRI,1966,395.15249847305,Latin America & Caribbean 
Costa Rica,CRI,1965,373.835690063441,Latin America & Caribbean 
Costa Rica,CRI,1964,353.710896791701,Latin America & Caribbean 
Costa Rica,CRI,1963,345.505369052711,Latin America & Caribbean 
Costa Rica,CRI,1962,335.221589042255,Latin America & Caribbean 
Costa Rica,CRI,1961,355.844447873806,Latin America & Caribbean 
Costa Rica,CRI,1960,382.309121831519,Latin America & Caribbean 
Cote d'Ivoire,CIV,2025,3050.10202257321,Sub-Saharan Africa 
Cote d'Ivoire,CIV,2024,2727.8935220697,Sub-Saharan Africa 
Cote d'Ivoire,CIV,2023,2591.9659048119,Sub-Saharan Africa 
Cote d'Ivoire,CIV,2022,2333.37128301259,Sub-Saharan Africa 
Cote d'Ivoire,CIV,2021,2455.98127641148,Sub-Saharan Africa 
Cote d'Ivoire,CIV,2020,2179.72934832935,Sub-Saharan Africa 
Cote d'Ivoire,CIV,2019,2141.76836170115,Sub-Saharan Africa 
Cote d'Ivoire,CIV,2018,2130.86619381144,Sub-Saharan Africa 
Cote d'Ivoire,CIV,2017,1964.29930338343,Sub-Saharan Africa 
Cote d'Ivoire,CIV,2016,1862.59597081287,Sub-Saharan Africa 
Cote d'Ivoire,CIV,2015,1814.71855088017,Sub-Saharan Africa 
Cote d'Ivoire,CIV,2014,1991.36539423404,Sub-Saharan Africa 
Cote d'Ivoire,CIV,2013,1786.15862031324,Sub-Saharan Africa 
Cote d'Ivoire,CIV,2012,1546.9460184731,Sub-Saharan Africa 
Cote d'Ivoire,CIV,2011,1596.62826565998,Sub-Saharan Africa 
Cote d'Ivoire,CIV,2010,1553.54887048143,Sub-Saharan Africa 
Cote d'Ivoire,CIV,2009,1540.45393569596,Sub-Saharan Africa 
Cote d'Ivoire,CIV,2008,1583.97066701372,Sub-Saharan Africa 
Cote d'Ivoire,CIV,2007,1367.53817722326,Sub-Saharan Africa 
Cote d'Ivoire,CIV,2006,1230.43056838584,Sub-Saharan Africa 
Cote d'Ivoire,CIV,2005,1197.74616979415,Sub-Saharan Africa 
Cote d'Ivoire,CIV,2004,1199.82524528546,Sub-Saharan Africa 
Cote d'Ivoire,CIV,2003,1111.17135087887,Sub-Saharan Africa 
Cote d'Ivoire,CIV,2002,967.815864415991,Sub-Saharan Africa 
Cote d'Ivoire,CIV,2001,924.727294962066,Sub-Saharan Africa 
Cote d'Ivoire,CIV,2000,936.636541348798,Sub-Saharan Africa 
Cote d'Ivoire,CIV,1999,1096.13520587572,Sub-Saharan Africa 
Cote d'Ivoire,CIV,1998,1177.37133815342,Sub-Saharan Africa 
Cote d'Ivoire,CIV,1997,1124.65674867927,Sub-Saharan Africa 
Cote d'Ivoire,CIV,1996,1170.23622049666,Sub-Saharan Africa 
Cote d'Ivoire,CIV,1995,740.4730999133,Sub-Saharan Africa 
Cote d'Ivoire,CIV,1994,581.888468577405,Sub-Saharan Africa 
Cote d'Ivoire,CIV,1993,804.149657211252,Sub-Saharan Africa 
Cote d'Ivoire,CIV,1992,844.902223806738,Sub-Saharan Africa 
Cote d'Ivoire,CIV,1991,827.241889166985,Sub-Saharan Africa 
Cote d'Ivoire,CIV,1990,885.647842214928,Sub-Saharan Africa 
Cote d'Ivoire,CIV,1989,832.559837958259,Sub-Saharan Africa 
Cote d'Ivoire,CIV,1988,909.534182158689,Sub-Saharan Africa 
Cote d'Ivoire,CIV,1987,929.611362954514,Sub-Saharan Africa 
Cote d'Ivoire,CIV,1986,877.154956751363,Sub-Saharan Africa 
Cote d'Ivoire,CIV,1985,694.951691466923,Sub-Saharan Africa 
Cote d'Ivoire,CIV,1984,708.940252199945,Sub-Saharan Africa 
Cote d'Ivoire,CIV,1983,737.449968695419,Sub-Saharan Africa 
Cote d'Ivoire,CIV,1982,849.479705391045,Sub-Saharan Africa 
Cote d'Ivoire,CIV,1981,985.507547907408,Sub-Saharan Africa 
Cote d'Ivoire,CIV,1980,1237.80216768229,Sub-Saharan Africa 
Cote d'Ivoire,CIV,1979,1157.00139805383,Sub-Saharan Africa 
Cote d'Ivoire,CIV,1978,1039.11498268738,Sub-Saharan Africa 
Cote d'Ivoire,CIV,1977,855.655691363342,Sub-Saharan Africa 
Cote d'Ivoire,CIV,1976,660.538618229175,Sub-Saharan Africa 
Cote d'Ivoire,CIV,1975,574.626405877437,Sub-Saharan Africa 
Cote d'Ivoire,CIV,1974,474.223861362208,Sub-Saharan Africa 
Cote d'Ivoire,CIV,1973,405.568979472686,Sub-Saharan Africa 
Cote d'Ivoire,CIV,1972,312.942348100524,Sub-Saharan Africa 
Cote d'Ivoire,CIV,1971,280.333660150746,Sub-Saharan Africa 
Cote d'Ivoire,CIV,1970,268.957733574566,Sub-Saharan Africa 
Cote d'Ivoire,CIV,1969,262.192286003745,Sub-Saharan Africa 
Cote d'Ivoire,CIV,1968,256.768714344803,Sub-Saharan Africa 
Cote d'Ivoire,CIV,1967,225.620934131463,Sub-Saharan Africa 
Cote d'Ivoire,CIV,1966,221.786392228948,Sub-Saharan Africa 
Cote d'Ivoire,CIV,1965,207.044838566402,Sub-Saharan Africa 
Cote d'Ivoire,CIV,1964,215.506240264261,Sub-Saharan Africa 
Cote d'Ivoire,CIV,1963,185.076825958966,Sub-Saharan Africa 
Cote d'Ivoire,CIV,1962,163.076679659123,Sub-Saharan Africa 
Cote d'Ivoire,CIV,1961,162.262764436326,Sub-Saharan Africa 
Cote d'Ivoire,CIV,1960,148.680788984181,Sub-Saharan Africa 
Croatia,HRV,2025,27103.9116109268,Europe & Central Asia
Croatia,HRV,2024,24049.9441746337,Europe & Central Asia
Croatia,HRV,2023,22183.4982258492,Europe & Central Asia
Croatia,HRV,2022,18465.531473659,Europe & Central Asia
Croatia,HRV,2021,17788.7601163765,Europe & Central Asia
Croatia,HRV,2020,14807.5559227544,Europe & Central Asia
Croatia,HRV,2019,15563.7354996625,Europe & Central Asia
Croatia,HRV,2018,15460.4560798984,Europe & Central Asia
Croatia,HRV,2017,13901.6498657787,Europe & Central Asia
Croatia,HRV,2016,12820.1872746645,Europe & Central Asia
Croatia,HRV,2015,12283.8750299177,Europe & Central Asia
Croatia,HRV,2014,14186.7712230471,Europe & Central Asia
Croatia,HRV,2013,14135.0903485872,Europe & Central Asia
Croatia,HRV,2012,13507.6349882758,Europe & Central Asia
Croatia,HRV,2011,14691.591757962,Europe & Central Asia
Croatia,HRV,2010,13729.7472872883,Europe & Central Asia
Croatia,HRV,2009,14474.52513863,Europe & Central Asia
Croatia,HRV,2008,15888.1184388903,Europe & Central Asia
Croatia,HRV,2007,13755.8149054063,Europe & Central Asia
Croatia,HRV,2006,11501.2327422844,Europe & Central Asia
Croatia,HRV,2005,10443.4484003498,Europe & Central Asia
Croatia,HRV,2004,9718.92771524605,Europe & Central Asia
Croatia,HRV,2003,8189.99059314699,Europe & Central Asia
Croatia,HRV,2002,6219.56093667781,Europe & Central Asia
Croatia,HRV,2001,5364.88188501029,Europe & Central Asia
Croatia,HRV,2000,4953.57515008131,Europe & Central Asia
Croatia,HRV,1999,5269.01488637462,Europe & Central Asia
Croatia,HRV,1998,5712.49829262763,Europe & Central Asia
Croatia,HRV,1997,5330.9148941072,Europe & Central Asia
Croatia,HRV,1996,5299.74887884048,Europe & Central Asia
Croatia,HRV,1995,4929.02083885825,Europe & Central Asia
Croatia,HRV,1994,3237.92646315285,Europe & Central Asia
Croatia,HRV,1993,2447.50319141761,Europe & Central Asia
Croatia,HRV,1992,2321.15204123035,Europe & Central Asia
Croatia,HRV,1991,4000.91677428625,Europe & Central Asia
Croatia,HRV,1990,5369.10978590681,Europe & Central Asia
Cuba,CUB,2020,9605.27914559614,Latin America & Caribbean 
Cuba,CUB,2019,9232.26115935183,Latin America & Caribbean 
Cuba,CUB,2018,8911.46205998726,Latin America & Caribbean 
Cuba,CUB,2017,8610.60829605429,Latin America & Caribbean 
Cuba,CUB,2016,8110.55874283616,Latin America & Caribbean 
Cuba,CUB,2015,7727.91997207998,Latin America & Caribbean 
Cuba,CUB,2014,7146.70459051328,Latin America & Caribbean 
Cuba,CUB,2013,6828.36428245396,Latin America & Caribbean 
Cuba,CUB,2012,6470.83673392653,Latin America & Caribbean 
Cuba,CUB,2011,6104.46105236166,Latin America & Caribbean 
Cuba,CUB,2010,5272.26755824835,Latin America & Caribbean 
Cuba,CUB,2009,5089.23519757167,Latin America & Caribbean 
Cuba,CUB,2008,4986.12436479175,Latin America & Caribbean 
Cuba,CUB,2007,4807.43888960684,Latin America & Caribbean 
Cuba,CUB,2006,4329.98265964383,Latin America & Caribbean 
Cuba,CUB,2005,3786.33799225291,Latin America & Caribbean 
Cuba,CUB,2004,3399.21962893402,Latin America & Caribbean 
Cuba,CUB,2003,3202.78109865637,Latin America & Caribbean 
Cuba,CUB,2002,3005.21104247868,Latin America & Caribbean 
Cuba,CUB,2001,2842.96704310394,Latin America & Caribbean 
Cuba,CUB,2000,2751.3817714814,Latin America & Caribbean 
Cuba,CUB,1999,2561.77980406838,Latin America & Caribbean 
Cuba,CUB,1998,2332.30656133119,Latin America & Caribbean 
Cuba,CUB,1997,2306.42483397336,Latin America & Caribbean 
Cuba,CUB,1996,2282.18809324202,Latin America & Caribbean 
Cuba,CUB,1995,2785.24442954103,Latin America & Caribbean 
Cuba,CUB,1994,2613.28971869122,Latin America & Caribbean 
Cuba,CUB,1993,2063.20366253587,Latin America & Caribbean 
Cuba,CUB,1992,2047.67900346421,Latin America & Caribbean 
Cuba,CUB,1991,2268.83493247194,Latin America & Caribbean 
Cuba,CUB,1990,2694.31697957692,Latin America & Caribbean 
Cuba,CUB,1989,2565.54117909344,Latin America & Caribbean 
Cuba,CUB,1988,2632.04176839158,Latin America & Caribbean 
Cuba,CUB,1987,2439.58400332393,Latin America & Caribbean 
Cuba,CUB,1986,2364.89559789307,Latin America & Caribbean 
Cuba,CUB,1985,2256.56948668495,Latin America & Caribbean 
Cuba,CUB,1984,2386.44595066854,Latin America & Caribbean 
Cuba,CUB,1983,2222.48851241339,Latin America & Caribbean 
Cuba,CUB,1982,2113.80858874548,Latin America & Caribbean 
Cuba,CUB,1981,2045.85231227999,Latin America & Caribbean 
Cuba,CUB,1980,2030.93362280165,Latin America & Caribbean 
Cuba,CUB,1979,2005.91326318373,Latin America & Caribbean 
Cuba,CUB,1978,1837.39107006762,Latin America & Caribbean 
Cuba,CUB,1977,1472.37881716617,Latin America & Caribbean 
Cuba,CUB,1976,1440.73046137146,Latin America & Caribbean 
Cuba,CUB,1975,1374.2396398274,Latin America & Caribbean 
Cuba,CUB,1974,1216.74148211883,Latin America & Caribbean 
Cuba,CUB,1973,1079.13081526456,Latin America & Caribbean 
Cuba,CUB,1972,891.631749208781,Latin America & Caribbean 
Cuba,CUB,1971,770.084969682323,Latin America & Caribbean 
Cuba,CUB,1970,645.144917797076,Latin America & Caribbean 
Curacao,CUW,2024,22832.895498987,Latin America & Caribbean 
Curacao,CUW,2023,21217.8109173312,Latin America & Caribbean 
Curacao,CUW,2022,20057.1404960105,Latin America & Caribbean 
Curacao,CUW,2021,17795.5826483092,Latin America & Caribbean 
Curacao,CUW,2020,16299.8134688605,Latin America & Caribbean 
Curacao,CUW,2019,19220.6866958303,Latin America & Caribbean 
Curacao,CUW,2018,19119.1243941688,Latin America & Caribbean 
Curacao,CUW,2017,18938.2440469703,Latin America & Caribbean 
Curacao,CUW,2016,18944.0961493998,Latin America & Caribbean 
Curacao,CUW,2015,19361.8130008678,Latin America & Caribbean 
Curacao,CUW,2014,19623.029993395,Latin America & Caribbean 
Curacao,CUW,2013,19721.2921646576,Latin America & Caribbean 
Curacao,CUW,2012,19809.8223198624,Latin America & Caribbean 
Curacao,CUW,2011,19426.326382752,Latin America & Caribbean 
Curacao,CUW,2010,19847.2310127979,Latin America & Caribbean 
Curacao,CUW,2009,19540.2476579348,Latin America & Caribbean 
Curacao,CUW,2008,19423.3352430175,Latin America & Caribbean 
Curacao,CUW,2007,18005.7165850772,Latin America & Caribbean 
Curacao,CUW,2006,17400.1637780186,Latin America & Caribbean 
Curacao,CUW,2005,17032.3356620744,Latin America & Caribbean 
Curacao,CUW,2004,16671.3403391655,Latin America & Caribbean 
Curacao,CUW,2003,16695.7351137757,Latin America & Caribbean 
Curacao,CUW,2002,16723.6925253468,Latin America & Caribbean 
Curacao,CUW,2001,16609.8454536485,Latin America & Caribbean 
Curacao,CUW,2000,15841.2612359949,Latin America & Caribbean 
Cyprus,CYP,2025,41783.08984375,Europe & Central Asia
Cyprus,CYP,2024,38674.3125,Europe & Central Asia
Cyprus,CYP,2023,36623.70703125,Europe & Central Asia
Cyprus,CYP,2022,33231.05078125,Europe & Central Asia
Cyprus,CYP,2021,32937.8359375,Europe & Central Asia
Cyprus,CYP,2020,28130.330078125,Europe & Central Asia
Cyprus,CYP,2019,29227.16796875,Europe & Central Asia
Cyprus,CYP,2018,29120.38671875,Europe & Central Asia
Cyprus,CYP,2017,26247.46484375,Europe & Central Asia
Cyprus,CYP,2016,24280.044921875,Europe & Central Asia
Cyprus,CYP,2015,23088.4296875,Europe & Central Asia
Cyprus,CYP,2014,26993.095703125,Europe & Central Asia
Cyprus,CYP,2013,27764.7265625,Europe & Central Asia
Cyprus,CYP,2012,28991.9296875,Europe & Central Asia
Cyprus,CYP,2011,32485.8046875,Europe & Central Asia
Cyprus,CYP,2010,31105.02734375,Europe & Central Asia
Cyprus,CYP,2009,32236.462890625,Europe & Central Asia
Cyprus,CYP,2008,35541.88671875,Europe & Central Asia
Cyprus,CYP,2007,31244.87890625,Europe & Central Asia
Cyprus,CYP,2006,26729.28125,Europe & Central Asia
Cyprus,CYP,2005,24959.26171875,Europe & Central Asia
Cyprus,CYP,2004,23792.619140625,Europe & Central Asia
Cyprus,CYP,2003,20252.24609375,Europe & Central Asia
Cyprus,CYP,2002,16093.2158203125,Europe & Central Asia
Cyprus,CYP,2001,14821.44921875,Europe & Central Asia
Cyprus,CYP,2000,14388.3525390625,Europe & Central Asia
Cyprus,CYP,1999,15287.91796875,Europe & Central Asia
Cyprus,CYP,1998,15092.828125,Europe & Central Asia
Cyprus,CYP,1997,14234.2412109375,Europe & Central Asia
Cyprus,CYP,1996,15139.220703125,Europe & Central Asia
Cyprus,CYP,1995,15261.4169921875,Europe & Central Asia
Cyprus,CYP,1994,11617.6923828125,Europe & Central Asia
Cyprus,CYP,1993,10526.1416015625,Europe & Central Asia
Cyprus,CYP,1992,11310.072265625,Europe & Central Asia
Cyprus,CYP,1991,9696.099609375,Europe & Central Asia
Cyprus,CYP,1990,9641.5751953125,Europe & Central Asia
Cyprus,CYP,1989,8038.9140625,Europe & Central Asia
Cyprus,CYP,1988,7645.6298828125,Europe & Central Asia
Cyprus,CYP,1987,6690.578125,Europe & Central Asia
Cyprus,CYP,1986,5642.63134765625,Europe & Central Asia
Cyprus,CYP,1985,4488.287109375,Europe & Central Asia
Cyprus,CYP,1984,4258.74365234375,Europe & Central Asia
Cyprus,CYP,1983,4091.04858398438,Europe & Central Asia
Cyprus,CYP,1982,4122.78466796875,Europe & Central Asia
Cyprus,CYP,1981,4033.24047851563,Europe & Central Asia
Cyprus,CYP,1980,4232.02294921875,Europe & Central Asia
Cyprus,CYP,1979,2559.22900390625,Europe & Central Asia
Cyprus,CYP,1978,1929.39929199219,Europe & Central Asia
Cyprus,CYP,1977,1476.24755859375,Europe & Central Asia
Cyprus,CYP,1976,1157.41162109375,Europe & Central Asia
Cyprus,CYP,1975,976.329895019531,Europe & Central Asia
Czechia,CZE,2025,35917.2724081665,Europe & Central Asia
Czechia,CZE,2024,31827.7552539413,Europe & Central Asia
Czechia,CZE,2023,31761.5944102491,Europe & Central Asia
Czechia,CZE,2022,28282.2236715857,Europe & Central Asia
Czechia,CZE,2021,27696.4619527544,Europe & Central Asia
Czechia,CZE,2020,23472.8915454417,Europe & Central Asia
Czechia,CZE,2019,24062.7190013343,Europe & Central Asia
Czechia,CZE,2018,23705.9329811299,Europe & Central Asia
Czechia,CZE,2017,20913.197632212,Europe & Central Asia
Czechia,CZE,2016,18753.9686718096,Europe & Central Asia
Czechia,CZE,2015,17931.5987670768,Europe & Central Asia
Czechia,CZE,2014,20038.4163180257,Europe & Central Asia
Czechia,CZE,2013,20260.4954999375,Europe & Central Asia
Czechia,CZE,2012,20014.0354015165,Europe & Central Asia
Czechia,CZE,2011,22049.1080788682,Europe & Central Asia
Czechia,CZE,2010,20160.4355077059,Europe & Central Asia
Czechia,CZE,2009,19817.4215836554,Europe & Central Asia
Czechia,CZE,2008,22774.7045076205,Europe & Central Asia
Czechia,CZE,2007,18452.6532812196,Europe & Central Asia
Czechia,CZE,2006,15259.0788162004,Europe & Central Asia
Czechia,CZE,2005,13442.4916284309,Europe & Central Asia
Czechia,CZE,2004,11782.5546676117,Europe & Central Asia
Czechia,CZE,2003,9852.45677945801,Europe & Central Asia
Czechia,CZE,2002,8101.26018588111,Europe & Central Asia
Czechia,CZE,2001,6669.07494847497,Europe & Central Asia
Czechia,CZE,2000,6062.92152842793,Europe & Central Asia
Czechia,CZE,1999,6377.6211077224,Europe & Central Asia
Czechia,CZE,1998,6526.59635780951,Europe & Central Asia
Czechia,CZE,1997,6069.38762357837,Europe & Central Asia
Czechia,CZE,1996,6573.19643136362,Europe & Central Asia
Czechia,CZE,1995,5865.29460556726,Europe & Central Asia
Czechia,CZE,1994,4663.28665345469,Europe & Central Asia
Czechia,CZE,1993,3984.1463439879,Europe & Central Asia
Czechia,CZE,1992,3396.70972430469,Europe & Central Asia
Czechia,CZE,1991,2917.08655474323,Europe & Central Asia
Czechia,CZE,1990,3969.36733543794,Europe & Central Asia
Denmark,DNK,2025,76970.1535217919,Europe & Central Asia
Denmark,DNK,2024,71026.4832271897,Europe & Central Asia
Denmark,DNK,2023,68043.5466971243,Europe & Central Asia
Denmark,DNK,2022,67781.0940939514,Europe & Central Asia
Denmark,DNK,2021,69340.7334922138,Europe & Central Asia
Denmark,DNK,2020,60985.4885601514,Europe & Central Asia
Denmark,DNK,2019,59404.2663247723,Europe & Central Asia
Denmark,DNK,2018,61324.7665045565,Europe & Central Asia
Denmark,DNK,2017,57521.5514992225,Europe & Central Asia
Denmark,DNK,2016,54500.9260410217,Europe & Central Asia
Denmark,DNK,2015,53094.0133607574,Europe & Central Asia
Denmark,DNK,2014,62520.4509747011,Europe & Central Asia
Denmark,DNK,2013,61377.5940590412,Europe & Central Asia
Denmark,DNK,2012,58443.7747103968,Europe & Central Asia
Denmark,DNK,2011,61809.737898222,Europe & Central Asia
Denmark,DNK,2010,58104.5445594981,Europe & Central Asia
Denmark,DNK,2009,58412.7472358513,Europe & Central Asia
Denmark,DNK,2008,64616.6657583663,Europe & Central Asia
Denmark,DNK,2007,58631.6566433635,Europe & Central Asia
Denmark,DNK,2006,52119.1787984282,Europe & Central Asia
Denmark,DNK,2005,48925.8076698784,Europe & Central Asia
Denmark,DNK,2004,46625.050098011,Europe & Central Asia
Denmark,DNK,2003,40519.0974905924,Europe & Central Asia
Denmark,DNK,2002,33257.1622586509,Europe & Central Asia
Denmark,DNK,2001,30768.4775471112,Europe & Central Asia
Denmark,DNK,2000,30722.0251837567,Europe & Central Asia
Denmark,DNK,1999,33426.2381077405,Europe & Central Asia
Denmark,DNK,1998,33346.4884298957,Europe & Central Asia
Denmark,DNK,1997,32779.879045297,Europe & Central Asia
Denmark,DNK,1996,35621.9878051732,Europe & Central Asia
Denmark,DNK,1995,35321.0980773087,Europe & Central Asia
Denmark,DNK,1994,29967.8303903163,Europe & Central Asia
Denmark,DNK,1993,27581.7241097459,Europe & Central Asia
Denmark,DNK,1992,29579.4913648682,Europe & Central Asia
Denmark,DNK,1991,27002.8057705804,Europe & Central Asia
Denmark,DNK,1990,26885.6994188191,Europe & Central Asia
Denmark,DNK,1989,21882.1517463842,Europe & Central Asia
Denmark,DNK,1988,22524.5792595476,Europe & Central Asia
Denmark,DNK,1987,21295.6768566078,Europe & Central Asia
Denmark,DNK,1986,17136.6297376226,Europe & Central Asia
Denmark,DNK,1985,12212.7873997293,Europe & Central Asia
Denmark,DNK,1984,11516.6821578436,Europe & Central Asia
Denmark,DNK,1983,11796.5691955784,Europe & Central Asia
Denmark,DNK,1982,11740.2199128271,Europe & Central Asia
Denmark,DNK,1981,12000.2103769191,Europe & Central Asia
Denmark,DNK,1980,13822.1578405912,Europe & Central Asia
Denmark,DNK,1979,13757.2343740839,Europe & Central Asia
Denmark,DNK,1978,11817.6250875179,Europe & Central Asia
Denmark,DNK,1977,9769.57864283968,Europe & Central Asia
Denmark,DNK,1976,8773.3396162771,Europe & Central Asia
Denmark,DNK,1975,7988.15613263518,Europe & Central Asia
Denmark,DNK,1974,6763.86592918646,Europe & Central Asia
Denmark,DNK,1973,6116.89199229142,Europe & Central Asia
Denmark,DNK,1972,4653.95587889115,Europe & Central Asia
Denmark,DNK,1971,3845.59906810072,Europe & Central Asia
Denmark,DNK,1970,3464.45518278408,Europe & Central Asia
Denmark,DNK,1969,3151.13324311543,Europe & Central Asia
Denmark,DNK,1968,2776.13544525805,Europe & Central Asia
Denmark,DNK,1967,2700.74637883336,Europe & Central Asia
Denmark,DNK,1966,2487.13627144432,Europe & Central Asia
Denmark,DNK,1965,2284.22850484956,Europe & Central Asia
Denmark,DNK,1964,2049.39724281483,Europe & Central Asia
Denmark,DNK,1963,1807.25279179793,Europe & Central Asia
Denmark,DNK,1962,1711.2181376602,Europe & Central Asia
Denmark,DNK,1961,1530.53779004389,Europe & Central Asia
Denmark,DNK,1960,1389.0213943225,Europe & Central Asia
Djibouti,DJI,2025,3905.604954681,"Middle East, North Africa, Afghanistan & Pakistan"
Djibouti,DJI,2024,3552.72335079222,"Middle East, North Africa, Afghanistan & Pakistan"
Djibouti,DJI,2023,3381.29779710722,"Middle East, North Africa, Afghanistan & Pakistan"
Djibouti,DJI,2022,3133.25779772463,"Middle East, North Africa, Afghanistan & Pakistan"
Djibouti,DJI,2021,3025.91126413549,"Middle East, North Africa, Afghanistan & Pakistan"
Djibouti,DJI,2020,2844.88810647853,"Middle East, North Africa, Afghanistan & Pakistan"
Djibouti,DJI,2019,2837.16902340932,"Middle East, North Africa, Afghanistan & Pakistan"
Djibouti,DJI,2018,2718.08338799203,"Middle East, North Africa, Afghanistan & Pakistan"
Djibouti,DJI,2017,2618.95521147369,"Middle East, North Africa, Afghanistan & Pakistan"
Djibouti,DJI,2016,2510.4300076241,"Middle East, North Africa, Afghanistan & Pakistan"
Djibouti,DJI,2015,2376.12554719873,"Middle East, North Africa, Afghanistan & Pakistan"
Djibouti,DJI,2014,2214.62084142432,"Middle East, North Africa, Afghanistan & Pakistan"
Djibouti,DJI,2013,2075.94498424748,"Middle East, North Africa, Afghanistan & Pakistan"
Djibouti,DJI,2012,1400.19357858954,"Middle East, North Africa, Afghanistan & Pakistan"
Djibouti,DJI,2011,1306.34552844977,"Middle East, North Africa, Afghanistan & Pakistan"
Djibouti,DJI,2010,1213.23352553429,"Middle East, North Africa, Afghanistan & Pakistan"
Djibouti,DJI,2009,1150.9375857489,"Middle East, North Africa, Afghanistan & Pakistan"
Djibouti,DJI,2008,1119.15233346969,"Middle East, North Africa, Afghanistan & Pakistan"
Djibouti,DJI,2007,969.573220191902,"Middle East, North Africa, Afghanistan & Pakistan"
Djibouti,DJI,2006,898.464628136774,"Middle East, North Africa, Afghanistan & Pakistan"
Djibouti,DJI,2005,844.4483573908,"Middle East, North Africa, Afghanistan & Pakistan"
Djibouti,DJI,2004,806.261652944964,"Middle East, North Africa, Afghanistan & Pakistan"
Djibouti,DJI,2003,764.634465224597,"Middle East, North Africa, Afghanistan & Pakistan"
Djibouti,DJI,2002,743.013270420348,"Middle East, North Africa, Afghanistan & Pakistan"
Djibouti,DJI,2001,742.133791107063,"Middle East, North Africa, Afghanistan & Pakistan"
Djibouti,DJI,2000,737.612183644052,"Middle East, North Africa, Afghanistan & Pakistan"
Djibouti,DJI,1999,740.21930978973,"Middle East, North Africa, Afghanistan & Pakistan"
Djibouti,DJI,1998,735.349107889529,"Middle East, North Africa, Afghanistan & Pakistan"
Djibouti,DJI,1997,748.232840194914,"Middle East, North Africa, Afghanistan & Pakistan"
Djibouti,DJI,1996,761.943659476655,"Middle East, North Africa, Afghanistan & Pakistan"
Djibouti,DJI,1995,786.201866748458,"Middle East, North Africa, Afghanistan & Pakistan"
Djibouti,DJI,1994,784.556207408331,"Middle East, North Africa, Afghanistan & Pakistan"
Djibouti,DJI,1993,758.733842733535,"Middle East, North Africa, Afghanistan & Pakistan"
Djibouti,DJI,1992,763.659214503152,"Middle East, North Africa, Afghanistan & Pakistan"
Djibouti,DJI,1991,732.733101553782,"Middle East, North Africa, Afghanistan & Pakistan"
Djibouti,DJI,1990,780.497719360725,"Middle East, North Africa, Afghanistan & Pakistan"
Djibouti,DJI,1989,781.9168386713,"Middle East, North Africa, Afghanistan & Pakistan"
Djibouti,DJI,1988,816.874614065329,"Middle East, North Africa, Afghanistan & Pakistan"
Djibouti,DJI,1987,821.682570354282,"Middle East, North Africa, Afghanistan & Pakistan"
Djibouti,DJI,1985,846.785538068015,"Middle East, North Africa, Afghanistan & Pakistan"
Dominica,DMA,2025,10989.0431185083,Latin America & Caribbean 
Dominica,DMA,2024,10405.2787777582,Latin America & Caribbean 
Dominica,DMA,2023,9912.96212766668,Latin America & Caribbean 
Dominica,DMA,2022,9323.66089490562,Latin America & Caribbean 
Dominica,DMA,2021,8376.40414141113,Latin America & Caribbean 
Dominica,DMA,2020,7827.74842680426,Latin America & Caribbean 
Dominica,DMA,2019,9491.14995962374,Latin America & Caribbean 
Dominica,DMA,2018,9215.3085405645,Latin America & Caribbean 
Dominica,DMA,2017,8224.64896571414,Latin America & Caribbean 
Dominica,DMA,2016,8802.56172041363,Latin America & Caribbean 
Dominica,DMA,2015,8282.59874702141,Latin America & Caribbean 
Dominica,DMA,2014,8131.74876096735,Latin America & Caribbean 
Dominica,DMA,2013,7822.21797211398,Latin America & Caribbean 
Dominica,DMA,2012,7528.51001990155,Latin America & Caribbean 
Dominica,DMA,2011,7705.40717248319,Latin America & Caribbean 
Dominica,DMA,2010,7549.61964680375,Latin America & Caribbean 
Dominica,DMA,2009,7487.49010395154,Latin America & Caribbean 
Dominica,DMA,2008,6971.32633839289,Latin America & Caribbean 
Dominica,DMA,2007,6459.03503689609,Latin America & Caribbean 
Dominica,DMA,2006,6055.78109574854,Latin America & Caribbean 
Dominica,DMA,2005,5695.22442394675,Latin America & Caribbean 
Dominica,DMA,2004,5778.83306546506,Latin America & Caribbean 
Dominica,DMA,2003,5447.44011496284,Latin America & Caribbean 
Dominica,DMA,2002,5488.02784969357,Latin America & Caribbean 
Dominica,DMA,2001,5527.51527300496,Latin America & Caribbean 
Dominica,DMA,2000,4867.39896323759,Latin America & Caribbean 
Dominica,DMA,1999,4817.18105502046,Latin America & Caribbean 
Dominica,DMA,1998,4664.24268142919,Latin America & Caribbean 
Dominica,DMA,1997,4372.19712966838,Latin America & Caribbean 
Dominica,DMA,1996,4210.99532034556,Latin America & Caribbean 
Dominica,DMA,1995,3951.72267086358,Latin America & Caribbean 
Dominica,DMA,1994,3805.20278759984,Latin America & Caribbean 
Dominica,DMA,1993,3536.15609185727,Latin America & Caribbean 
Dominica,DMA,1992,3376.26050139573,Latin America & Caribbean 
Dominica,DMA,1991,3171.36577815405,Latin America & Caribbean 
Dominica,DMA,1990,2892.9815966454,Latin America & Caribbean 
Dominica,DMA,1989,2639.0495483153,Latin America & Caribbean 
Dominica,DMA,1988,2423.32574317463,Latin America & Caribbean 
Dominica,DMA,1987,2138.30385149099,Latin America & Caribbean 
Dominica,DMA,1986,1892.86556477773,Latin America & Caribbean 
Dominica,DMA,1985,1665.53207185218,Latin America & Caribbean 
Dominica,DMA,1984,1514.89217748336,Latin America & Caribbean 
Dominica,DMA,1983,1363.43800844996,Latin America & Caribbean 
Dominica,DMA,1982,1231.66928057818,Latin America & Caribbean 
Dominica,DMA,1981,1124.97453088416,Latin America & Caribbean 
Dominica,DMA,1980,996.191362332325,Latin America & Caribbean 
Dominica,DMA,1979,754.091460805232,Latin America & Caribbean 
Dominica,DMA,1978,785.575814800555,Latin America & Caribbean 
Dominica,DMA,1977,633.551741670682,Latin America & Caribbean 
Dominican Republic,DOM,2025,11059.2081531834,Latin America & Caribbean 
Dominican Republic,DOM,2024,10875.6618443092,Latin America & Caribbean 
Dominican Republic,DOM,2023,10630.431743829,Latin America & Caribbean 
Dominican Republic,DOM,2022,10104.2464008585,Latin America & Caribbean 
Dominican Republic,DOM,2021,8527.0754858205,Latin America & Caribbean 
Dominican Republic,DOM,2020,7135.22273255899,Latin America & Caribbean 
Dominican Republic,DOM,2019,8183.01623600375,Latin America & Caribbean 
Dominican Republic,DOM,2018,7882.98221584944,Latin America & Caribbean 
Dominican Republic,DOM,2017,7412.71571571512,Latin America & Caribbean 
Dominican Republic,DOM,2016,7160.44200982307,Latin America & Caribbean 
Dominican Republic,DOM,2015,6800.95309395474,Latin America & Caribbean 
Dominican Republic,DOM,2014,6496.45166971142,Latin America & Caribbean 
Dominican Republic,DOM,2013,6136.59429329301,Latin America & Caribbean 
Dominican Republic,DOM,2012,6013.81965002603,Latin America & Caribbean 
Dominican Republic,DOM,2011,5826.51014109195,Latin America & Caribbean 
Dominican Republic,DOM,2010,5478.62470398954,Latin America & Caribbean 
Dominican Republic,DOM,2009,4973.95186999952,Latin America & Caribbean 
Dominican Republic,DOM,2008,5023.58513403515,Latin America & Caribbean 
Dominican Republic,DOM,2007,4649.64558875814,Latin America & Caribbean 
Dominican Republic,DOM,2006,4055.14270347371,Latin America & Caribbean 
Dominican Republic,DOM,2005,3878.31206735244,Latin America & Caribbean 
Dominican Republic,DOM,2004,2451.69161616569,Latin America & Caribbean 
Dominican Republic,DOM,2003,2383.26171780393,Latin America & Caribbean 
Dominican Republic,DOM,2002,3065.60329524196,Latin America & Caribbean 
Dominican Republic,DOM,2001,2935.89367312668,Latin America & Caribbean 
Dominican Republic,DOM,2000,2831.45883638033,Latin America & Caribbean 
Dominican Republic,DOM,1999,2620.8896817272,Latin America & Caribbean 
Dominican Republic,DOM,1998,2607.85457321405,Latin America & Caribbean 
Dominican Republic,DOM,1997,2448.89393535363,Latin America & Caribbean 
Dominican Republic,DOM,1996,2270.86558687203,Latin America & Caribbean 
Dominican Republic,DOM,1995,2109.16940728689,Latin America & Caribbean 
Dominican Republic,DOM,1994,1891.67055679,Latin America & Caribbean 
Dominican Republic,DOM,1993,1722.41995993981,Latin America & Caribbean 
Dominican Republic,DOM,1992,1558.29782071075,Latin America & Caribbean 
Dominican Republic,DOM,1991,1345.84673690623,Latin America & Caribbean 
Dominican Republic,DOM,1990,989.163941207659,Latin America & Caribbean 
Dominican Republic,DOM,1989,954.914504449885,Latin America & Caribbean 
Dominican Republic,DOM,1988,783.913142122635,Latin America & Caribbean 
Dominican Republic,DOM,1987,868.087557831807,Latin America & Caribbean 
Dominican Republic,DOM,1986,931.659530115685,Latin America & Caribbean 
Dominican Republic,DOM,1985,784.488809604008,Latin America & Caribbean 
Dominican Republic,DOM,1984,1843.52460788928,Latin America & Caribbean 
Dominican Republic,DOM,1983,1499.95575255789,Latin America & Caribbean 
Dominican Republic,DOM,1982,1376.26820466534,Latin America & Caribbean 
Dominican Republic,DOM,1981,1288.46563140235,Latin America & Caribbean 
Dominican Republic,DOM,1980,1180.18089253045,Latin America & Caribbean 
Dominican Republic,DOM,1979,983.739706495351,Latin America & Caribbean 
Dominican Republic,DOM,1978,868.397371769969,Latin America & Caribbean 
Dominican Republic,DOM,1977,862.976049221109,Latin America & Caribbean 
Dominican Republic,DOM,1976,762.778347016951,Latin America & Caribbean 
Dominican Republic,DOM,1975,713.168169144024,Latin America & Caribbean 
Dominican Republic,DOM,1974,595.356677805143,Latin America & Caribbean 
Dominican Republic,DOM,1973,490.3154952703,Latin America & Caribbean 
Dominican Republic,DOM,1972,427.224846368664,Latin America & Caribbean 
Dominican Republic,DOM,1971,368.349647697268,Latin America & Caribbean 
Dominican Republic,DOM,1970,337.668123719964,Latin America & Caribbean 
Dominican Republic,DOM,1969,287.699305710615,Latin America & Caribbean 
Dominican Republic,DOM,1968,259.574438400563,Latin America & Caribbean 
Dominican Republic,DOM,1967,256.20659739416,Latin America & Caribbean 
Dominican Republic,DOM,1966,250.876691518053,Latin America & Caribbean 
Dominican Republic,DOM,1965,233.160574151022,Latin America & Caribbean 
Dominican Republic,DOM,1964,277.29715816349,Latin America & Caribbean 
Dominican Republic,DOM,1963,262.186358003136,Latin America & Caribbean 
Dominican Republic,DOM,1962,236.814700040461,Latin America & Caribbean 
Dominican Republic,DOM,1961,193.908988795022,Latin America & Caribbean 
Dominican Republic,DOM,1960,205.731509857004,Latin America & Caribbean 
Ecuador,ECU,2025,7125.27618527738,Latin America & Caribbean 
Ecuador,ECU,2024,6826.5294137822,Latin America & Caribbean 
Ecuador,ECU,2023,6718.1447938811,Latin America & Caribbean 
Ecuador,ECU,2022,6515.58528418336,Latin America & Caribbean 
Ecuador,ECU,2021,6061.32350181711,Latin America & Caribbean 
Ecuador,ECU,2020,5463.64515348598,Latin America & Caribbean 
Ecuador,ECU,2019,6205.05765246766,Latin America & Caribbean 
Ecuador,ECU,2018,6303.91886658338,Latin America & Caribbean 
Ecuador,ECU,2017,6233.32244797718,Latin America & Caribbean 
Ecuador,ECU,2016,5917.63771271481,Latin America & Caribbean 
Ecuador,ECU,2015,5976.1596805651,Latin America & Caribbean 
Ecuador,ECU,2014,6405.79979300441,Latin America & Caribbean 
Ecuador,ECU,2013,6109.29031510341,Latin America & Caribbean 
Ecuador,ECU,2012,5634.08393191094,Latin America & Caribbean 
Ecuador,ECU,2011,5153.6916424375,Latin America & Caribbean 
Ecuador,ECU,2010,4520.30959039763,Latin America & Caribbean 
Ecuador,ECU,2009,4053.36331139298,Latin America & Caribbean 
Ecuador,ECU,2008,4194.75750661981,Latin America & Caribbean 
Ecuador,ECU,2007,3478.92488770671,Latin America & Caribbean 
Ecuador,ECU,2006,3243.67010359339,Latin America & Caribbean 
Ecuador,ECU,2005,2909.02606014388,Latin America & Caribbean 
Ecuador,ECU,2004,2586.20914663347,Latin America & Caribbean 
Ecuador,ECU,2003,2315.62215223014,Latin America & Caribbean 
Ecuador,ECU,2002,2059.1585535974,Latin America & Caribbean 
Ecuador,ECU,2001,1791.30359685037,Latin America & Caribbean 
Ecuador,ECU,2000,1382.23421759909,Latin America & Caribbean 
Ecuador,ECU,1999,1575.30234730971,Latin America & Caribbean 
Ecuador,ECU,1998,2284.01572847769,Latin America & Caribbean 
Ecuador,ECU,1997,2340.76600026857,Latin America & Caribbean 
Ecuador,ECU,1996,2135.8479374308,Latin America & Caribbean 
Ecuador,ECU,1995,2108.00698245316,Latin America & Caribbean 
Ecuador,ECU,1994,1996.85894789444,Latin America & Caribbean 
Ecuador,ECU,1993,1697.88884141445,Latin America & Caribbean 
Ecuador,ECU,1992,1655.44613192632,Latin America & Caribbean 
Ecuador,ECU,1991,1587.36049996672,Latin America & Caribbean 
Ecuador,ECU,1990,1455.00748510871,Latin America & Caribbean 
Ecuador,ECU,1989,1356.28045636224,Latin America & Caribbean 
Ecuador,ECU,1988,1303.77906073184,Latin America & Caribbean 
Ecuador,ECU,1987,1426.01629151663,Latin America & Caribbean 
Ecuador,ECU,1986,1604.24698102055,Latin America & Caribbean 
Ecuador,ECU,1985,1841.77905481426,Latin America & Caribbean 
Ecuador,ECU,1984,1863.68213493779,Latin America & Caribbean 
Ecuador,ECU,1983,1940.23393200801,Latin America & Caribbean 
Ecuador,ECU,1982,2314.38354547989,Latin America & Caribbean 
Ecuador,ECU,1981,2600.57152797996,Latin America & Caribbean 
Ecuador,ECU,1980,2189.78417657382,Latin America & Caribbean 
Ecuador,ECU,1979,1783.29280581578,Latin America & Caribbean 
Ecuador,ECU,1978,1541.13760425322,Latin America & Caribbean 
Ecuador,ECU,1977,1464.94058354719,Latin America & Caribbean 
Ecuador,ECU,1976,1241.91098461141,Latin America & Caribbean 
Ecuador,ECU,1975,1086.17615086517,Latin America & Caribbean 
Ecuador,ECU,1974,953.846558260516,Latin America & Caribbean 
Ecuador,ECU,1973,578.954930783286,Latin America & Caribbean 
Ecuador,ECU,1972,487.972047217986,Latin America & Caribbean 
Ecuador,ECU,1971,434.415880347799,Latin America & Caribbean 
Ecuador,ECU,1970,465.040319805007,Latin America & Caribbean 
Ecuador,ECU,1969,520.843984636492,Latin America & Caribbean 
Ecuador,ECU,1968,445.227989157148,Latin America & Caribbean 
Ecuador,ECU,1967,453.645285895565,Latin America & Caribbean 
Ecuador,ECU,1966,444.623111980641,Latin America & Caribbean 
Ecuador,ECU,1965,450.049782719552,Latin America & Caribbean 
Ecuador,ECU,1964,435.763463220837,Latin America & Caribbean 
Ecuador,ECU,1963,364.743594141305,Latin America & Caribbean 
Ecuador,ECU,1962,312.43541024174,Latin America & Caribbean 
Ecuador,ECU,1961,371.395176462235,Latin America & Caribbean 
Ecuador,ECU,1960,450.776317102259,Latin America & Caribbean 
"Egypt, Arab Rep.",EGY,2025,3085.80712036204,"Middle East, North Africa, Afghanistan & Pakistan"
"Egypt, Arab Rep.",EGY,2024,3338.47371043679,"Middle East, North Africa, Afghanistan & Pakistan"
"Egypt, Arab Rep.",EGY,2023,3456.78965212363,"Middle East, North Africa, Afghanistan & Pakistan"
"Egypt, Arab Rep.",EGY,2022,4233.30783744856,"Middle East, North Africa, Afghanistan & Pakistan"
"Egypt, Arab Rep.",EGY,2021,3827.35415374308,"Middle East, North Africa, Afghanistan & Pakistan"
"Egypt, Arab Rep.",EGY,2020,3511.11381026379,"Middle East, North Africa, Afghanistan & Pakistan"
"Egypt, Arab Rep.",EGY,2019,2962.98892023003,"Middle East, North Africa, Afghanistan & Pakistan"
"Egypt, Arab Rep.",EGY,2018,2484.70315630508,"Middle East, North Africa, Afghanistan & Pakistan"
"Egypt, Arab Rep.",EGY,2017,2395.10333299491,"Middle East, North Africa, Afghanistan & Pakistan"
"Egypt, Arab Rep.",EGY,2016,3270.6287768197,"Middle East, North Africa, Afghanistan & Pakistan"
"Egypt, Arab Rep.",EGY,2015,3306.98159414141,"Middle East, North Africa, Afghanistan & Pakistan"
"Egypt, Arab Rep.",EGY,2014,3133.39102265541,"Middle East, North Africa, Afghanistan & Pakistan"
"Egypt, Arab Rep.",EGY,2013,3025.52563552448,"Middle East, North Africa, Afghanistan & Pakistan"
"Egypt, Arab Rep.",EGY,2012,2996.0677072015,"Middle East, North Africa, Afghanistan & Pakistan"
"Egypt, Arab Rep.",EGY,2011,2590.64384891965,"Middle East, North Africa, Afghanistan & Pakistan"
"Egypt, Arab Rep.",EGY,2010,2455.08194645282,"Middle East, North Africa, Afghanistan & Pakistan"
"Egypt, Arab Rep.",EGY,2009,2161.63964573927,"Middle East, North Africa, Afghanistan & Pakistan"
"Egypt, Arab Rep.",EGY,2008,1896.21594269779,"Middle East, North Africa, Afghanistan & Pakistan"
"Egypt, Arab Rep.",EGY,2007,1547.74170735909,"Middle East, North Africa, Afghanistan & Pakistan"
"Egypt, Arab Rep.",EGY,2006,1298.97900203124,"Middle East, North Africa, Afghanistan & Pakistan"
"Egypt, Arab Rep.",EGY,2005,1105.53920713903,"Middle East, North Africa, Afghanistan & Pakistan"
"Egypt, Arab Rep.",EGY,2004,991.255689145253,"Middle East, North Africa, Afghanistan & Pakistan"
"Egypt, Arab Rep.",EGY,2003,1031.27556291284,"Middle East, North Africa, Afghanistan & Pakistan"
"Egypt, Arab Rep.",EGY,2002,1116.82884626213,"Middle East, North Africa, Afghanistan & Pakistan"
"Egypt, Arab Rep.",EGY,2001,1295.1374184163,"Middle East, North Africa, Afghanistan & Pakistan"
"Egypt, Arab Rep.",EGY,2000,1366.09274372613,"Middle East, North Africa, Afghanistan & Pakistan"
"Egypt, Arab Rep.",EGY,1999,1268.30949160496,"Middle East, North Africa, Afghanistan & Pakistan"
"Egypt, Arab Rep.",EGY,1998,1212.82259820477,"Middle East, North Africa, Afghanistan & Pakistan"
"Egypt, Arab Rep.",EGY,1997,1146.20172117634,"Middle East, North Africa, Afghanistan & Pakistan"
"Egypt, Arab Rep.",EGY,1996,1008.97637629447,"Middle East, North Africa, Afghanistan & Pakistan"
"Egypt, Arab Rep.",EGY,1995,916.326617700876,"Middle East, North Africa, Afghanistan & Pakistan"
"Egypt, Arab Rep.",EGY,1994,807.303537230487,"Middle East, North Africa, Afghanistan & Pakistan"
"Egypt, Arab Rep.",EGY,1993,740.334217356418,"Middle East, North Africa, Afghanistan & Pakistan"
"Egypt, Arab Rep.",EGY,1992,680.79923864551,"Middle East, North Africa, Afghanistan & Pakistan"
"Egypt, Arab Rep.",EGY,1991,622.829605007867,"Middle East, North Africa, Afghanistan & Pakistan"
"Egypt, Arab Rep.",EGY,1990,735.982935028025,"Middle East, North Africa, Afghanistan & Pakistan"
"Egypt, Arab Rep.",EGY,1989,701.037717929191,"Middle East, North Africa, Afghanistan & Pakistan"
"Egypt, Arab Rep.",EGY,1988,633.839369496566,"Middle East, North Africa, Afghanistan & Pakistan"
"Egypt, Arab Rep.",EGY,1987,753.722263747615,"Middle East, North Africa, Afghanistan & Pakistan"
"Egypt, Arab Rep.",EGY,1986,790.201793698565,"Middle East, North Africa, Afghanistan & Pakistan"
"Egypt, Arab Rep.",EGY,1985,769.755137148666,"Middle East, North Africa, Afghanistan & Pakistan"
"Egypt, Arab Rep.",EGY,1984,689.807675510205,"Middle East, North Africa, Afghanistan & Pakistan"
"Egypt, Arab Rep.",EGY,1983,648.013629771434,"Middle East, North Africa, Afghanistan & Pakistan"
"Egypt, Arab Rep.",EGY,1982,595.918898169378,"Middle East, North Africa, Afghanistan & Pakistan"
"Egypt, Arab Rep.",EGY,1981,490.308796861598,"Middle East, North Africa, Afghanistan & Pakistan"
"Egypt, Arab Rep.",EGY,1980,493.053573271061,"Middle East, North Africa, Afghanistan & Pakistan"
"Egypt, Arab Rep.",EGY,1979,420.85821686233,"Middle East, North Africa, Afghanistan & Pakistan"
"Egypt, Arab Rep.",EGY,1978,354.674246269687,"Middle East, North Africa, Afghanistan & Pakistan"
"Egypt, Arab Rep.",EGY,1977,353.403833676533,"Middle East, North Africa, Afghanistan & Pakistan"
"Egypt, Arab Rep.",EGY,1976,334.609918474469,"Middle East, North Africa, Afghanistan & Pakistan"
"Egypt, Arab Rep.",EGY,1975,299.217518322538,"Middle East, North Africa, Afghanistan & Pakistan"
"Egypt, Arab Rep.",EGY,1974,243.061473902314,"Middle East, North Africa, Afghanistan & Pakistan"
"Egypt, Arab Rep.",EGY,1973,272.182710085295,"Middle East, North Africa, Afghanistan & Pakistan"
"Egypt, Arab Rep.",EGY,1972,256.482815640115,"Middle East, North Africa, Afghanistan & Pakistan"
"Egypt, Arab Rep.",EGY,1971,242.971070265891,"Middle East, North Africa, Afghanistan & Pakistan"
"Egypt, Arab Rep.",EGY,1970,232.272492342671,"Middle East, North Africa, Afghanistan & Pakistan"
"Egypt, Arab Rep.",EGY,1969,192.964908828257,"Middle East, North Africa, Afghanistan & Pakistan"
"Egypt, Arab Rep.",EGY,1968,179.774096694265,"Middle East, North Africa, Afghanistan & Pakistan"
"Egypt, Arab Rep.",EGY,1967,174.103044536176,"Middle East, North Africa, Afghanistan & Pakistan"
"Egypt, Arab Rep.",EGY,1966,168.054342944501,"Middle East, North Africa, Afghanistan & Pakistan"
"Egypt, Arab Rep.",EGY,1965,161.567123566919,"Middle East, North Africa, Afghanistan & Pakistan"
"Egypt, Arab Rep.",EGY,1964,157.716536507206,"Middle East, North Africa, Afghanistan & Pakistan"
"Egypt, Arab Rep.",EGY,1963,143.928402522656,"Middle East, North Africa, Afghanistan & Pakistan"
"Egypt, Arab Rep.",EGY,1962,142.409576739705,"Middle East, North Africa, Afghanistan & Pakistan"
"Egypt, Arab Rep.",EGY,1961,162.841644181754,"Middle East, North Africa, Afghanistan & Pakistan"
"Egypt, Arab Rep.",EGY,1960,156.387397481519,"Middle East, North Africa, Afghanistan & Pakistan"
El Salvador,SLV,2025,5766.72574029107,Latin America & Caribbean 
El Salvador,SLV,2024,5503.10317151907,Latin America & Caribbean 
El Salvador,SLV,2023,5319.7195268688,Latin America & Caribbean 
El Salvador,SLV,2022,5074.60050994225,Latin America & Caribbean 
El Salvador,SLV,2021,4642.60743101342,Latin America & Caribbean 
El Salvador,SLV,2020,3997.19279583709,Latin America & Caribbean 
El Salvador,SLV,2019,4320.11671534627,Latin America & Caribbean 
El Salvador,SLV,2018,4183.54620971358,Latin America & Caribbean 
El Salvador,SLV,2017,4020.12671373919,Latin America & Caribbean 
El Salvador,SLV,2016,3901.34014965811,Latin America & Caribbean 
El Salvador,SLV,2015,3790.34089108162,Latin America & Caribbean 
El Salvador,SLV,2014,3666.01248913873,Latin America & Caribbean 
El Salvador,SLV,2013,3582.26694005169,Latin America & Caribbean 
El Salvador,SLV,2012,3497.91256915509,Latin America & Caribbean 
El Salvador,SLV,2011,3330.60049486653,Latin America & Caribbean 
El Salvador,SLV,2010,3040.07300952878,Latin America & Caribbean 
El Salvador,SLV,2009,2910.18651752011,Latin America & Caribbean 
El Salvador,SLV,2008,2983.24829577976,Latin America & Caribbean 
El Salvador,SLV,2007,2830.65693770733,Latin America & Caribbean 
El Salvador,SLV,2006,2665.61807194853,Latin America & Caribbean 
El Salvador,SLV,2005,2447.39140845394,Latin America & Caribbean 
El Salvador,SLV,2004,2285.68907438892,Latin America & Caribbean 
El Salvador,SLV,2003,2207.83089518069,Latin America & Caribbean 
El Salvador,SLV,2002,2115.41187355626,Latin America & Caribbean 
El Salvador,SLV,2001,2058.04459070452,Latin America & Caribbean 
El Salvador,SLV,2000,1982.87093542615,Latin America & Caribbean 
El Salvador,SLV,1999,1908.0804545224,Latin America & Caribbean 
El Salvador,SLV,1998,1859.73085887742,Latin America & Caribbean 
El Salvador,SLV,1997,1748.92111971129,Latin America & Caribbean 
El Salvador,SLV,1996,1651.31016800895,Latin America & Caribbean 
El Salvador,SLV,1995,1548.3763038362,Latin America & Caribbean 
El Salvador,SLV,1994,1343.9290572544,Latin America & Caribbean 
El Salvador,SLV,1993,1180.26854267621,Latin America & Caribbean 
El Salvador,SLV,1992,1040.78164082019,Latin America & Caribbean 
El Salvador,SLV,1991,955.826897421092,Latin America & Caribbean 
El Salvador,SLV,1990,892.18271519703,Latin America & Caribbean 
El Salvador,SLV,1989,825.105232536306,Latin America & Caribbean 
El Salvador,SLV,1988,806.392353256927,Latin America & Caribbean 
El Salvador,SLV,1987,777.239402479086,Latin America & Caribbean 
El Salvador,SLV,1986,755.425135831439,Latin America & Caribbean 
El Salvador,SLV,1985,776.424283705702,Latin America & Caribbean 
El Salvador,SLV,1984,763.168218110743,Latin America & Caribbean 
El Salvador,SLV,1983,744.863912246485,Latin America & Caribbean 
El Salvador,SLV,1982,735.360954743528,Latin America & Caribbean 
El Salvador,SLV,1981,752.024012607538,Latin America & Caribbean 
El Salvador,SLV,1980,787.149605473724,Latin America & Caribbean 
El Salvador,SLV,1979,773.066953129952,Latin America & Caribbean 
El Salvador,SLV,1978,711.852264187957,Latin America & Caribbean 
El Salvador,SLV,1977,683.90258566335,Latin America & Caribbean 
El Salvador,SLV,1976,552.994933864727,Latin America & Caribbean 
El Salvador,SLV,1975,457.260871327372,Latin America & Caribbean 
El Salvador,SLV,1974,413.403476363207,Latin America & Caribbean 
El Salvador,SLV,1973,366.250658952563,Latin America & Caribbean 
El Salvador,SLV,1972,328.509448039035,Latin America & Caribbean 
El Salvador,SLV,1971,315.665399785976,Latin America & Caribbean 
El Salvador,SLV,1970,308.798853901934,Latin America & Caribbean 
El Salvador,SLV,1969,293.416580804896,Latin America & Caribbean 
El Salvador,SLV,1968,290.096510171735,Latin America & Caribbean 
El Salvador,SLV,1967,288.374280393621,Latin America & Caribbean 
El Salvador,SLV,1966,282.44637356687,Latin America & Caribbean 
El Salvador,SLV,1965,274.333279365994,Latin America & Caribbean 
Equatorial Guinea,GNQ,2025,6615.25245207167,Sub-Saharan Africa 
Equatorial Guinea,GNQ,2024,7003.58055684906,Sub-Saharan Africa 
Equatorial Guinea,GNQ,2023,6788.35271638376,Sub-Saharan Africa 
Equatorial Guinea,GNQ,2022,7589.29964909381,Sub-Saharan Africa 
Equatorial Guinea,GNQ,2021,6945.63069794539,Sub-Saharan Africa 
Equatorial Guinea,GNQ,2020,5764.05502912947,Sub-Saharan Africa 
Equatorial Guinea,GNQ,2019,6804.14923073888,Sub-Saharan Africa 
Equatorial Guinea,GNQ,2018,8102.47084834031,Sub-Saharan Africa 
Equatorial Guinea,GNQ,2017,7809.10465655488,Sub-Saharan Africa 
Equatorial Guinea,GNQ,2016,7453.19797948517,Sub-Saharan Africa 
Equatorial Guinea,GNQ,2015,9068.91003238645,Sub-Saharan Africa 
Equatorial Guinea,GNQ,2014,15548.6624656619,Sub-Saharan Africa 
Equatorial Guinea,GNQ,2013,16304.0713196418,Sub-Saharan Africa 
Equatorial Guinea,GNQ,2012,17308.5723924575,Sub-Saharan Africa 
Equatorial Guinea,GNQ,2011,17198.2136668275,Sub-Saharan Africa 
Equatorial Guinea,GNQ,2010,13720.1658723222,Sub-Saharan Africa 
Equatorial Guinea,GNQ,2009,13232.5019378102,Sub-Saharan Africa 
Equatorial Guinea,GNQ,2008,18210.5552970599,Sub-Saharan Africa 
Equatorial Guinea,GNQ,2007,12616.9532942011,Sub-Saharan Africa 
Equatorial Guinea,GNQ,2006,10184.8841248541,Sub-Saharan Africa 
Equatorial Guinea,GNQ,2005,8673.9026086535,Sub-Saharan Africa 
Equatorial Guinea,GNQ,2004,4901.30127408119,Sub-Saharan Africa 
Equatorial Guinea,GNQ,2003,2930.60183743733,Sub-Saharan Africa 
Equatorial Guinea,GNQ,2002,2264.21065580365,Sub-Saharan Africa 
Equatorial Guinea,GNQ,2001,1948.61145907844,Sub-Saharan Africa 
Equatorial Guinea,GNQ,2000,1487.3165506701,Sub-Saharan Africa 
Equatorial Guinea,GNQ,1999,930.912549299779,Sub-Saharan Africa 
Equatorial Guinea,GNQ,1998,577.868525342745,Sub-Saharan Africa 
Equatorial Guinea,GNQ,1997,717.041481576821,Sub-Saharan Africa 
Equatorial Guinea,GNQ,1996,391.686868235732,Sub-Saharan Africa 
Equatorial Guinea,GNQ,1995,248.314896208855,Sub-Saharan Africa 
Equatorial Guinea,GNQ,1994,183.239482711964,Sub-Saharan Africa 
Equatorial Guinea,GNQ,1993,256.683023652574,Sub-Saharan Africa 
Equatorial Guinea,GNQ,1992,263.733547088944,Sub-Saharan Africa 
Equatorial Guinea,GNQ,1991,225.319378519763,Sub-Saharan Africa 
Equatorial Guinea,GNQ,1990,236.402188376265,Sub-Saharan Africa 
Equatorial Guinea,GNQ,1989,193.2233561169,Sub-Saharan Africa 
Equatorial Guinea,GNQ,1988,228.669232827247,Sub-Saharan Africa 
Equatorial Guinea,GNQ,1987,220.925441822509,Sub-Saharan Africa 
Equatorial Guinea,GNQ,1986,188.78702702248,Sub-Saharan Africa 
Equatorial Guinea,GNQ,1985,161.11802183767,Sub-Saharan Africa 
Equatorial Guinea,GNQ,1984,137.903678570149,Sub-Saharan Africa 
Equatorial Guinea,GNQ,1983,129.411005581021,Sub-Saharan Africa 
Equatorial Guinea,GNQ,1982,137.468802708366,Sub-Saharan Africa 
Equatorial Guinea,GNQ,1981,121.125080282047,Sub-Saharan Africa 
Equatorial Guinea,GNQ,1980,175.451008071362,Sub-Saharan Africa 
Equatorial Guinea,GNQ,1977,375.705960625002,Sub-Saharan Africa 
Equatorial Guinea,GNQ,1976,368.831374253979,Sub-Saharan Africa 
Equatorial Guinea,GNQ,1975,362.262178278078,Sub-Saharan Africa 
Equatorial Guinea,GNQ,1974,319.236836741342,Sub-Saharan Africa 
Equatorial Guinea,GNQ,1973,268.634902338667,Sub-Saharan Africa 
Equatorial Guinea,GNQ,1972,211.424761974446,Sub-Saharan Africa 
Equatorial Guinea,GNQ,1971,205.56736961701,Sub-Saharan Africa 
Equatorial Guinea,GNQ,1970,206.766858699665,Sub-Saharan Africa 
Equatorial Guinea,GNQ,1969,208.44083966338,Sub-Saharan Africa 
Equatorial Guinea,GNQ,1968,211.743758689178,Sub-Saharan Africa 
Equatorial Guinea,GNQ,1967,231.931646165774,Sub-Saharan Africa 
Equatorial Guinea,GNQ,1966,226.694963901345,Sub-Saharan Africa 
Equatorial Guinea,GNQ,1965,217.10289545039,Sub-Saharan Africa 
Equatorial Guinea,GNQ,1964,177.826417576094,Sub-Saharan Africa 
Equatorial Guinea,GNQ,1963,154.797498528375,Sub-Saharan Africa 
Equatorial Guinea,GNQ,1962,132.911859077276,Sub-Saharan Africa 
Eritrea,ERI,2011,688.68165957684,Sub-Saharan Africa 
Eritrea,ERI,2010,539.699512069686,Sub-Saharan Africa 
Eritrea,ERI,2009,642.92572288007,Sub-Saharan Africa 
Eritrea,ERI,2008,490.066956003333,Sub-Saharan Africa 
Eritrea,ERI,2007,480.44762365456,Sub-Saharan Africa 
Eritrea,ERI,2006,447.997404727201,Sub-Saharan Africa 
Eritrea,ERI,2005,412.753079199423,Sub-Saharan Africa 
Eritrea,ERI,2004,426.840947887032,Sub-Saharan Africa 
Eritrea,ERI,2003,348.950327077742,Sub-Saharan Africa 
Eritrea,ERI,2002,304.775756465092,Sub-Saharan Africa 
Eritrea,ERI,2001,325.409161513593,Sub-Saharan Africa 
Eritrea,ERI,2000,314.357396753501,Sub-Saharan Africa 
Eritrea,ERI,1999,311.336209255125,Sub-Saharan Africa 
Eritrea,ERI,1998,341.91736400208,Sub-Saharan Africa 
Eritrea,ERI,1997,318.980960831984,Sub-Saharan Africa 
Eritrea,ERI,1996,325.838705371605,Sub-Saharan Africa 
Eritrea,ERI,1995,285.402184008331,Sub-Saharan Africa 
Eritrea,ERI,1994,277.801423620334,Sub-Saharan Africa 
Eritrea,ERI,1993,252.085777069472,Sub-Saharan Africa 
Eritrea,ERI,1992,265.240962963337,Sub-Saharan Africa 
Estonia,EST,2025,34417.6320815138,Europe & Central Asia
Estonia,EST,2024,31428.3547816104,Europe & Central Asia
Estonia,EST,2023,30264.0064885057,Europe & Central Asia
Estonia,EST,2022,28340.3826549406,Europe & Central Asia
Estonia,EST,2021,27951.1659277744,Europe & Central Asia
Estonia,EST,2020,23933.9939421065,Europe & Central Asia
Estonia,EST,2019,24021.2501413306,Europe & Central Asia
Estonia,EST,2018,23618.1361254581,Europe & Central Asia
Estonia,EST,2017,20851.5223496861,Europe & Central Asia
Estonia,EST,2016,18666.3736521706,Europe & Central Asia
Estonia,EST,2015,17722.1557669523,Europe & Central Asia
Estonia,EST,2014,20581.7898991695,Europe & Central Asia
Estonia,EST,2013,19310.3874900757,Europe & Central Asia
Estonia,EST,2012,17568.2137969714,Europe & Central Asia
Estonia,EST,2011,17555.5455239426,Europe & Central Asia
Estonia,EST,2010,14663.7041018705,Europe & Central Asia
Estonia,EST,2009,14712.4494217916,Europe & Central Asia
Estonia,EST,2008,18205.9064113446,Europe & Central Asia
Estonia,EST,2007,16745.4308011148,Europe & Central Asia
Estonia,EST,2006,12641.4800976473,Europe & Central Asia
Estonia,EST,2005,10414.6381183565,Europe & Central Asia
Estonia,EST,2004,8916.0728274602,Europe & Central Asia
Estonia,EST,2003,7205.40703313243,Europe & Central Asia
Estonia,EST,2002,5343.18310760735,Europe & Central Asia
Estonia,EST,2001,4502.66614992392,Europe & Central Asia
Estonia,EST,2000,4070.60902410208,Europe & Central Asia
Estonia,EST,1999,4140.93660232167,Europe & Central Asia
Estonia,EST,1998,4093.39247738765,Europe & Central Asia
Estonia,EST,1997,3682.95230146695,Europe & Central Asia
Estonia,EST,1996,3380.92630243199,Europe & Central Asia
Estonia,EST,1995,3134.38975345407,Europe & Central Asia
Estonia,EST,1994,2819.12612100926,Europe & Central Asia
Estonia,EST,1993,2685.90889287357,Europe & Central Asia
Eswatini,SWZ,2025,4108.25221093363,Sub-Saharan Africa 
Eswatini,SWZ,2024,3909.55892378182,Sub-Saharan Africa 
Eswatini,SWZ,2023,3755.52111232464,Sub-Saharan Africa 
Eswatini,SWZ,2022,3894.1620089869,Sub-Saharan Africa 
Eswatini,SWZ,2021,3984.00229174306,Sub-Saharan Africa 
Eswatini,SWZ,2020,3466.56936278145,Sub-Saharan Africa 
Eswatini,SWZ,2019,3913.14577547336,Sub-Saharan Africa 
Eswatini,SWZ,2018,3972.65450620357,Sub-Saharan Africa 
Eswatini,SWZ,2017,3853.09956569679,Sub-Saharan Africa 
Eswatini,SWZ,2016,3238.17611961364,Sub-Saharan Africa 
Eswatini,SWZ,2015,3419.82276559528,Sub-Saharan Africa 
Eswatini,SWZ,2014,3771.07228381938,Sub-Saharan Africa 
Eswatini,SWZ,2013,3949.94310039907,Sub-Saharan Africa 
Eswatini,SWZ,2012,4224.54789174487,Sub-Saharan Africa 
Eswatini,SWZ,2011,4225.06049411911,Sub-Saharan Africa 
Eswatini,SWZ,2010,3922.74039390733,Sub-Saharan Africa 
Eswatini,SWZ,2009,3189.79679956637,Sub-Saharan Africa 
Eswatini,SWZ,2008,2946.8606613746,Sub-Saharan Africa 
Eswatini,SWZ,2007,3109.11097608864,Sub-Saharan Africa 
Eswatini,SWZ,2006,2964.95865200682,Sub-Saharan Africa 
Eswatini,SWZ,2005,2871.06877437449,Sub-Saharan Africa 
Eswatini,SWZ,2004,2525.5640452625,Sub-Saharan Africa 
Eswatini,SWZ,2003,2015.21743065251,Sub-Saharan Africa 
Eswatini,SWZ,2002,1315.73634647994,Sub-Saharan Africa 
Eswatini,SWZ,2001,1429.85630359447,Sub-Saharan Africa 
Eswatini,SWZ,2000,1629.67038842815,Sub-Saharan Africa 
Eswatini,SWZ,1999,1501.66426653189,Sub-Saharan Africa 
Eswatini,SWZ,1998,1546.51519325373,Sub-Saharan Africa 
Eswatini,SWZ,1997,1705.39874942229,Sub-Saharan Africa 
Eswatini,SWZ,1996,1619.19119707662,Sub-Saharan Africa 
Eswatini,SWZ,1995,1750.75400773784,Sub-Saharan Africa 
Eswatini,SWZ,1994,1461.36400128736,Sub-Saharan Africa 
Eswatini,SWZ,1993,1397.26593317978,Sub-Saharan Africa 
Eswatini,SWZ,1992,1361.8169795148,Sub-Saharan Africa 
Eswatini,SWZ,1991,1273.01224518903,Sub-Saharan Africa 
Eswatini,SWZ,1990,1277.69173005665,Sub-Saharan Africa 
Eswatini,SWZ,1989,831.847150129225,Sub-Saharan Africa 
Eswatini,SWZ,1988,865.25154443731,Sub-Saharan Africa 
Eswatini,SWZ,1987,764.752134047322,Sub-Saharan Africa 
Eswatini,SWZ,1986,611.298158219647,Sub-Saharan Africa 
Eswatini,SWZ,1985,509.885951472336,Sub-Saharan Africa 
Eswatini,SWZ,1984,726.345118603826,Sub-Saharan Africa 
Eswatini,SWZ,1983,842.750203378801,Sub-Saharan Africa 
Eswatini,SWZ,1982,843.043006864844,Sub-Saharan Africa 
Eswatini,SWZ,1981,925.368712517647,Sub-Saharan Africa 
Eswatini,SWZ,1980,908.375601827987,Sub-Saharan Africa 
Eswatini,SWZ,1979,713.953305118319,Sub-Saharan Africa 
Eswatini,SWZ,1978,609.960650013647,Sub-Saharan Africa 
Eswatini,SWZ,1977,562.711578492044,Sub-Saharan Africa 
Eswatini,SWZ,1976,520.799625738095,Sub-Saharan Africa 
Eswatini,SWZ,1975,567.884816620216,Sub-Saharan Africa 
Eswatini,SWZ,1974,536.161003835798,Sub-Saharan Africa 
Eswatini,SWZ,1973,463.251615844177,Sub-Saharan Africa 
Eswatini,SWZ,1972,315.028466244508,Sub-Saharan Africa 
Eswatini,SWZ,1971,301.119152172814,Sub-Saharan Africa 
Eswatini,SWZ,1970,254.161125489597,Sub-Saharan Africa 
Eswatini,SWZ,1969,245.233981580731,Sub-Saharan Africa 
Eswatini,SWZ,1968,190.386590098492,Sub-Saharan Africa 
Eswatini,SWZ,1967,182.773359711151,Sub-Saharan Africa 
Eswatini,SWZ,1966,192.744540046073,Sub-Saharan Africa 
Eswatini,SWZ,1965,180.977225619081,Sub-Saharan Africa 
Eswatini,SWZ,1964,171.608409764479,Sub-Saharan Africa 
Eswatini,SWZ,1963,146.391131380777,Sub-Saharan Africa 
Eswatini,SWZ,1962,127.095766410182,Sub-Saharan Africa 
Eswatini,SWZ,1961,121.795718753065,Sub-Saharan Africa 
Eswatini,SWZ,1960,101.572799813694,Sub-Saharan Africa 
Ethiopia,ETH,2025,932.729352775179,Sub-Saharan Africa 
Ethiopia,ETH,2024,1133.88279681256,Sub-Saharan Africa 
Ethiopia,ETH,2023,1055.81091593061,Sub-Saharan Africa 
Ethiopia,ETH,2022,982.103161502198,Sub-Saharan Africa 
Ethiopia,ETH,2021,893.009835441784,Sub-Saharan Africa 
Ethiopia,ETH,2020,829.790982552951,Sub-Saharan Africa 
Ethiopia,ETH,2019,793.473247218996,Sub-Saharan Africa 
Ethiopia,ETH,2018,739.702022272086,Sub-Saharan Africa 
Ethiopia,ETH,2017,696.348429076216,Sub-Saharan Africa 
Ethiopia,ETH,2016,641.651523286233,Sub-Saharan Africa 
Ethiopia,ETH,2015,597.912113218663,Sub-Saharan Africa 
Ethiopia,ETH,2014,549.986577082588,Sub-Saharan Africa 
Ethiopia,ETH,2013,484.039833104062,Sub-Saharan Africa 
Ethiopia,ETH,2012,452.101031885754,Sub-Saharan Africa 
Ethiopia,ETH,2011,343.024942351887,Sub-Saharan Africa 
Ethiopia,ETH,2010,330.619412798644,Sub-Saharan Africa 
Ethiopia,ETH,2009,368.574712267445,Sub-Saharan Africa 
Ethiopia,ETH,2008,316.410475118075,Sub-Saharan Africa 
Ethiopia,ETH,2007,237.146255996319,Sub-Saharan Africa 
Ethiopia,ETH,2006,189.345737521418,Sub-Saharan Africa 
Ethiopia,ETH,2005,158.243458082465,Sub-Saharan Africa 
Ethiopia,ETH,2004,133.169812538096,Sub-Saharan Africa 
Ethiopia,ETH,2003,116.800491132777,Sub-Saharan Africa 
Ethiopia,ETH,2002,109.593813612988,Sub-Saharan Africa 
Ethiopia,ETH,2001,118.457204255261,Sub-Saharan Africa 
Ethiopia,ETH,2000,122.269202606069,Sub-Saharan Africa 
Ethiopia,ETH,1999,120.734631499865,Sub-Saharan Africa 
Ethiopia,ETH,1998,126.465095781244,Sub-Saharan Africa 
Ethiopia,ETH,1997,143.369531498844,Sub-Saharan Africa 
Ethiopia,ETH,1996,147.327458851964,Sub-Saharan Africa 
Ethiopia,ETH,1995,136.523619088963,Sub-Saharan Africa 
Ethiopia,ETH,1994,127.685923459033,Sub-Saharan Africa 
Ethiopia,ETH,1993,168.520401400989,Sub-Saharan Africa 
Ethiopia,ETH,1992,207.406400863847,Sub-Saharan Africa 
Ethiopia,ETH,1991,277.565910365091,Sub-Saharan Africa 
Ethiopia,ETH,1990,262.108971053707,Sub-Saharan Africa 
Ethiopia,ETH,1989,256.386475306315,Sub-Saharan Africa 
Ethiopia,ETH,1988,253.248262470167,Sub-Saharan Africa 
Ethiopia,ETH,1987,254.121329421554,Sub-Saharan Africa 
Ethiopia,ETH,1986,245.977228769295,Sub-Saharan Africa 
Ethiopia,ETH,1985,243.897382584019,Sub-Saharan Africa 
Ethiopia,ETH,1984,214.228860396002,Sub-Saharan Africa 
Ethiopia,ETH,1983,232.683474421159,Sub-Saharan Africa 
Ethiopia,ETH,1982,215.25098547162,Sub-Saharan Africa 
Ethiopia,ETH,1981,212.657517980298,Sub-Saharan Africa 
Ethiopia,ETH,1980,203.685394440965,Sub-Saharan Africa 
Ethiopia,ETH,1979,192.357117273999,Sub-Saharan Africa 
Ethiopia,ETH,1978,178.302480574913,Sub-Saharan Africa 
Ethiopia,ETH,1977,170.40414371556,Sub-Saharan Africa 
Ethiopia,ETH,1976,151.95618662171,Sub-Saharan Africa 
Ethiopia,ETH,1975,144.280537635495,Sub-Saharan Africa 
Ethiopia,ETH,1974,147.855722504485,Sub-Saharan Africa 
Ethiopia,ETH,1973,134.935511021947,Sub-Saharan Africa 
Ethiopia,ETH,1972,119.839997124757,Sub-Saharan Africa 
Ethiopia,ETH,1971,112.736674296624,Sub-Saharan Africa 
Ethiopia,ETH,1970,109.430466337285,Sub-Saharan Africa 
Ethiopia,ETH,1969,102.280177675035,Sub-Saharan Africa 
Ethiopia,ETH,1968,99.4743651000667,Sub-Saharan Africa 
Ethiopia,ETH,1967,96.0864747436757,Sub-Saharan Africa 
Ethiopia,ETH,1966,93.1549467874985,Sub-Saharan Africa 
Ethiopia,ETH,1965,88.8500294110243,Sub-Saharan Africa 
Ethiopia,ETH,1964,83.8368648270969,Sub-Saharan Africa 
Ethiopia,ETH,1963,79.1726343703284,Sub-Saharan Africa 
Ethiopia,ETH,1962,77.7901849782504,Sub-Saharan Africa 
Ethiopia,ETH,1961,76.7301966411733,Sub-Saharan Africa 
Ethiopia,ETH,1960,75.3396090705961,Sub-Saharan Africa 
Faroe Islands,FRO,2024,74175.2776311377,Europe & Central Asia
Faroe Islands,FRO,2023,72486.6910957957,Europe & Central Asia
Faroe Islands,FRO,2022,67069.3987440509,Europe & Central Asia
Faroe Islands,FRO,2021,69421.6981686515,Europe & Central Asia
Faroe Islands,FRO,2020,62247.9273907098,Europe & Central Asia
Faroe Islands,FRO,2019,63070.7228080361,Europe & Central Asia
Faroe Islands,FRO,2018,62525.2647698273,Europe & Central Asia
Faroe Islands,FRO,2017,59388.5365965776,Europe & Central Asia
Faroe Islands,FRO,2016,56876.4302363804,Europe & Central Asia
Faroe Islands,FRO,2015,52638.2668218454,Europe & Central Asia
Faroe Islands,FRO,2014,60173.3057854661,Europe & Central Asia
Faroe Islands,FRO,2013,55759.364098362,Europe & Central Asia
Faroe Islands,FRO,2012,50263.0024625867,Europe & Central Asia
Faroe Islands,FRO,2011,51620.0541648551,Europe & Central Asia
Faroe Islands,FRO,2010,47924.1364756678,Europe & Central Asia
Faroe Islands,FRO,2009,47060.1592550833,Europe & Central Asia
Faroe Islands,FRO,2008,51287.8911081663,Europe & Central Asia
Faroe Islands,FRO,2007,48348.7393711011,Europe & Central Asia
Faroe Islands,FRO,2006,41743.6812847661,Europe & Central Asia
Faroe Islands,FRO,2005,36389.081644098,Europe & Central Asia
Faroe Islands,FRO,2004,35647.5440400531,Europe & Central Asia
Faroe Islands,FRO,2003,31269.6031997217,Europe & Central Asia
Faroe Islands,FRO,2002,26937.6505602847,Europe & Central Asia
Faroe Islands,FRO,2001,24879.7729617864,Europe & Central Asia
Faroe Islands,FRO,2000,23322.7593357515,Europe & Central Asia
Faroe Islands,FRO,1999,24978.6210817538,Europe & Central Asia
Faroe Islands,FRO,1998,24729.019906458,Europe & Central Asia
Faroe Islands,FRO,1997,21158.4130199317,Europe & Central Asia
Faroe Islands,FRO,1996,22705.6954787426,Europe & Central Asia
Faroe Islands,FRO,1995,20669.2052425004,Europe & Central Asia
Faroe Islands,FRO,1994,16975.9297150055,Europe & Central Asia
Faroe Islands,FRO,1993,16373.8260050275,Europe & Central Asia
Faroe Islands,FRO,1992,19300.6621973456,Europe & Central Asia
Faroe Islands,FRO,1991,19163.5554371421,Europe & Central Asia
Faroe Islands,FRO,1990,20125.3725089519,Europe & Central Asia
Faroe Islands,FRO,1989,18180.8492751081,Europe & Central Asia
Faroe Islands,FRO,1988,20453.0990144916,Europe & Central Asia
Faroe Islands,FRO,1987,18982.2410674985,Europe & Central Asia
Faroe Islands,FRO,1986,14933.5448035702,Europe & Central Asia
Faroe Islands,FRO,1985,10048.5086349589,Europe & Central Asia
Faroe Islands,FRO,1984,9437.29347360867,Europe & Central Asia
Faroe Islands,FRO,1983,10893.3317148574,Europe & Central Asia
Faroe Islands,FRO,1982,10052.9192302665,Europe & Central Asia
Faroe Islands,FRO,1981,10458.0965252581,Europe & Central Asia
Faroe Islands,FRO,1980,11446.2829681746,Europe & Central Asia
Faroe Islands,FRO,1979,10549.3401533022,Europe & Central Asia
Faroe Islands,FRO,1978,9479.43754490354,Europe & Central Asia
Faroe Islands,FRO,1977,8387.1492388171,Europe & Central Asia
Faroe Islands,FRO,1976,6593.6212932559,Europe & Central Asia
Faroe Islands,FRO,1975,5605.51262112203,Europe & Central Asia
Faroe Islands,FRO,1974,4906.27514325385,Europe & Central Asia
Faroe Islands,FRO,1973,4067.92980683272,Europe & Central Asia
Faroe Islands,FRO,1972,3046.4591497805,Europe & Central Asia
Faroe Islands,FRO,1971,2563.60186171096,Europe & Central Asia
Faroe Islands,FRO,1970,2219.37686726419,Europe & Central Asia
Faroe Islands,FRO,1969,1849.43853817677,Europe & Central Asia
Faroe Islands,FRO,1968,1735.53425630103,Europe & Central Asia
Faroe Islands,FRO,1967,1780.15707646919,Europe & Central Asia
Faroe Islands,FRO,1966,1749.16153532827,Europe & Central Asia
Faroe Islands,FRO,1965,1594.47884066707,Europe & Central Asia
Fiji,FJI,2025,6642.00449450523,East Asia & Pacific
Fiji,FJI,2024,6425.74151715712,East Asia & Pacific
Fiji,FJI,2023,5926.20586394763,East Asia & Pacific
Fiji,FJI,2022,5414.12092119088,East Asia & Pacific
Fiji,FJI,2021,4536.73312110335,East Asia & Pacific
Fiji,FJI,2020,4620.6457238014,East Asia & Pacific
Fiji,FJI,2019,5842.07344577597,East Asia & Pacific
Fiji,FJI,2018,6085.41979485376,East Asia & Pacific
Fiji,FJI,2017,5826.84814459328,East Asia & Pacific
Fiji,FJI,2016,5363.79026679243,East Asia & Pacific
Fiji,FJI,2015,5097.53106864695,East Asia & Pacific
Fiji,FJI,2014,5293.35676680464,East Asia & Pacific
Fiji,FJI,2013,4572.44377544245,East Asia & Pacific
Fiji,FJI,2012,4341.40338748749,East Asia & Pacific
Fiji,FJI,2011,4139.60288609702,East Asia & Pacific
Fiji,FJI,2010,3449.14452883369,East Asia & Pacific
Fiji,FJI,2009,3164.13275408169,East Asia & Pacific
Fiji,FJI,2008,3899.92231512129,East Asia & Pacific
Fiji,FJI,2007,3762.74692789299,East Asia & Pacific
Fiji,FJI,2006,3455.10599907349,East Asia & Pacific
Fiji,FJI,2005,3377.69126953493,East Asia & Pacific
Fiji,FJI,2004,3097.19096651759,East Asia & Pacific
Fiji,FJI,2003,2655.58079586044,East Asia & Pacific
Fiji,FJI,2002,2136.56794118683,East Asia & Pacific
Fiji,FJI,2001,1944.997414609,East Asia & Pacific
Fiji,FJI,2000,1995.72071163264,East Asia & Pacific
Fiji,FJI,1999,2327.95720514091,East Asia & Pacific
Fiji,FJI,1998,2010.49636073149,East Asia & Pacific
Fiji,FJI,1997,2573.72338605678,East Asia & Pacific
Fiji,FJI,1996,2648.32766264,East Asia & Pacific
Fiji,FJI,1995,2466.74347815903,East Asia & Pacific
Fiji,FJI,1994,2297.18005884304,East Asia & Pacific
Fiji,FJI,1993,2070.04734110195,East Asia & Pacific
Fiji,FJI,1992,1951.25592930351,East Asia & Pacific
Fiji,FJI,1991,1774.99211138118,East Asia & Pacific
Fiji,FJI,1990,1728.94076871199,East Asia & Pacific
Fiji,FJI,1989,1543.2961719258,East Asia & Pacific
Fiji,FJI,1988,1463.04720165947,East Asia & Pacific
Fiji,FJI,1987,1569.46727039388,East Asia & Pacific
Fiji,FJI,1986,1745.24126633634,East Asia & Pacific
Fiji,FJI,1985,1576.72069091401,East Asia & Pacific
Fiji,FJI,1984,1666.86572541062,East Asia & Pacific
Fiji,FJI,1983,1628.04901181455,East Asia & Pacific
Fiji,FJI,1982,1773.14392517051,East Asia & Pacific
Fiji,FJI,1981,1879.36315139259,East Asia & Pacific
Fiji,FJI,1980,1873.31097972432,East Asia & Pacific
Fiji,FJI,1979,1626.66019023926,East Asia & Pacific
Fiji,FJI,1978,1354.81144050374,East Asia & Pacific
Fiji,FJI,1977,1203.57267969162,East Asia & Pacific
Fiji,FJI,1976,1186.16648457757,East Asia & Pacific
Fiji,FJI,1975,1188.18424249981,East Asia & Pacific
Fiji,FJI,1974,984.313523932329,East Asia & Pacific
Fiji,FJI,1973,761.684067364828,East Asia & Pacific
Fiji,FJI,1972,575.217482137037,East Asia & Pacific
Fiji,FJI,1971,457.844599860784,East Asia & Pacific
Fiji,FJI,1970,413.93721652892,East Asia & Pacific
Fiji,FJI,1969,349.813973013608,East Asia & Pacific
Fiji,FJI,1968,327.357416510141,East Asia & Pacific
Fiji,FJI,1967,325.9865454003,East Asia & Pacific
Fiji,FJI,1966,309.5744090096,East Asia & Pacific
Fiji,FJI,1965,311.241072912198,East Asia & Pacific
Fiji,FJI,1964,305.532203132127,East Asia & Pacific
Fiji,FJI,1963,291.38357377756,East Asia & Pacific
Fiji,FJI,1962,285.473073001593,East Asia & Pacific
Fiji,FJI,1961,280.273366731046,East Asia & Pacific
Fiji,FJI,1960,277.431535497766,East Asia & Pacific
Finland,FIN,2025,56148.580949046,Europe & Central Asia
Finland,FIN,2024,53155.5451165897,Europe & Central Asia
Finland,FIN,2023,52864.6931581216,Europe & Central Asia
Finland,FIN,2022,50440.560224974,Europe & Central Asia
Finland,FIN,2021,53099.1351400148,Europe & Central Asia
Finland,FIN,2020,48828.6846862799,Europe & Central Asia
Finland,FIN,2019,48358.1807773701,Europe & Central Asia
Finland,FIN,2018,49654.2497035329,Europe & Central Asia
Finland,FIN,2017,46085.0174739036,Europe & Central Asia
Finland,FIN,2016,43451.2562442158,Europe & Central Asia
Finland,FIN,2015,42560.3456767103,Europe & Central Asia
Finland,FIN,2014,50073.7760815871,Europe & Central Asia
Finland,FIN,2013,49691.0145200739,Europe & Central Asia
Finland,FIN,2012,47551.6740841369,Europe & Central Asia
Finland,FIN,2011,51060.3242589767,Europe & Central Asia
Finland,FIN,2010,46506.2919016566,Europe & Central Asia
Finland,FIN,2009,47478.3495310999,Europe & Central Asia
Finland,FIN,2008,53769.4726240385,Europe & Central Asia
Finland,FIN,2007,48473.0240091455,Europe & Central Asia
Finland,FIN,2006,41214.0187765069,Europe & Central Asia
Finland,FIN,2005,39049.8703780223,Europe & Central Asia
Finland,FIN,2004,37768.1334202029,Europe & Central Asia
Finland,FIN,2003,32920.0857192568,Europe & Central Asia
Finland,FIN,2002,26989.389260959,Europe & Central Asia
Finland,FIN,2001,24965.202996776,Europe & Central Asia
Finland,FIN,2000,24335.9225082659,Europe & Central Asia
Finland,FIN,1999,26180.4128562349,Europe & Central Asia
Finland,FIN,1998,25999.9861694953,Europe & Central Asia
Finland,FIN,1997,24682.29083271,Europe & Central Asia
Finland,FIN,1996,25756.6777073618,Europe & Central Asia
Finland,FIN,1995,26246.2743214462,Europe & Central Asia
Finland,FIN,1994,20278.29109854,Europe & Central Asia
Finland,FIN,1993,17588.6781715509,Europe & Central Asia
Finland,FIN,1992,22320.1124695857,Europe & Central Asia
Finland,FIN,1991,25488.8450525604,Europe & Central Asia
Finland,FIN,1990,28366.204276071,Europe & Central Asia
Finland,FIN,1989,23969.052798644,Europe & Central Asia
Finland,FIN,1988,22043.7701596288,Europe & Central Asia
Finland,FIN,1987,18565.0264426011,Europe & Central Asia
Finland,FIN,1986,14946.9926198261,Europe & Central Asia
Finland,FIN,1985,11394.1921044246,Europe & Central Asia
Finland,FIN,1984,10830.2185222663,Europe & Central Asia
Finland,FIN,1983,10493.9626636806,Europe & Central Asia
Finland,FIN,1982,10935.3110588486,Europe & Central Asia
Finland,FIN,1981,10925.0957161181,Europe & Central Asia
Finland,FIN,1980,11224.9380036353,Europe & Central Asia
Finland,FIN,1979,9333.07695567452,Europe & Central Asia
Finland,FIN,1978,7629.49572475149,Europe & Central Asia
Finland,FIN,1977,7069.73565139858,Europe & Central Asia
Finland,FIN,1976,6740.29145314637,Europe & Central Asia
Finland,FIN,1975,6256.10245136117,Europe & Central Asia
Finland,FIN,1974,5298.08008790754,Europe & Central Asia
Finland,FIN,1973,4173.54485169644,Europe & Central Asia
Finland,FIN,1972,3177.9287929756,Europe & Central Asia
Finland,FIN,1971,2716.43223544591,Europe & Central Asia
Finland,FIN,1970,2465.86455526041,Europe & Central Asia
Finland,FIN,1969,2201.12415237742,Europe & Central Asia
Finland,FIN,1968,1927.29380452918,Europe & Central Asia
Finland,FIN,1967,2055.75306771186,Europe & Central Asia
Finland,FIN,1966,2031.52331393903,Europe & Central Asia
Finland,FIN,1965,1902.03847177709,Europe & Central Asia
Finland,FIN,1964,1725.60483489826,Europe & Central Asia
Finland,FIN,1963,1538.45703402737,Europe & Central Asia
Finland,FIN,1962,1426.6675637882,Europe & Central Asia
Finland,FIN,1961,1341.49900625891,Europe & Central Asia
Finland,FIN,1960,1191.85508873415,Europe & Central Asia
France,FRA,2025,48985.7307807924,Europe & Central Asia
France,FRA,2024,46103.0840855884,Europe & Central Asia
France,FRA,2023,44700.1384177544,Europe & Central Asia
France,FRA,2022,40988.6396406579,Europe & Central Asia
France,FRA,2021,43725.0999521245,Europe & Central Asia
France,FRA,2020,39169.8606000707,Europe & Central Asia
France,FRA,2019,40408.2848574751,Europe & Central Asia
France,FRA,2018,41418.1766484844,Europe & Central Asia
France,FRA,2017,38687.1626407164,Europe & Central Asia
France,FRA,2016,37024.2157133669,Europe & Central Asia
France,FRA,2015,36702.4323733379,Europe & Central Asia
France,FRA,2014,43148.0459288416,Europe & Central Asia
France,FRA,2013,42669.1795111893,Europe & Central Asia
France,FRA,2012,40863.5814412333,Europe & Central Asia
France,FRA,2011,43929.7840873812,Europe & Central Asia
France,FRA,2010,40694.8211697025,Europe & Central Asia
France,FRA,2009,41728.0884164132,Europe & Central Asia
France,FRA,2008,45464.8181385158,Europe & Central Asia
France,FRA,2007,41486.1907828787,Europe & Central Asia
France,FRA,2006,36431.5658906555,Europe & Central Asia
France,FRA,2005,34696.3718316971,Europe & Central Asia
France,FRA,2004,33644.9282220364,Europe & Central Asia
France,FRA,2003,29479.5222101175,Europe & Central Asia
France,FRA,2002,24144.5727019529,Europe & Central Asia
France,FRA,2001,22331.7948343036,Europe & Central Asia
France,FRA,2000,22340.5939516217,Europe & Central Asia
France,FRA,1999,24576.3152254528,Europe & Central Asia
France,FRA,1998,24869.4030795939,Europe & Central Asia
France,FRA,1997,24169.4008102822,Europe & Central Asia
France,FRA,1996,26757.6351494145,Europe & Central Asia
France,FRA,1995,26791.8151982369,Europe & Central Asia
France,FRA,1994,23359.8985104774,Europe & Central Asia
France,FRA,1993,22238.8250618434,Europe & Central Asia
France,FRA,1992,23615.0168565483,Europe & Central Asia
France,FRA,1991,21500.7778366233,Europe & Central Asia
France,FRA,1990,21586.4674617483,Europe & Central Asia
France,FRA,1989,17547.2645422514,Europe & Central Asia
France,FRA,1988,17549.6440487161,Europe & Central Asia
France,FRA,1987,16175.7090467566,Europe & Central Asia
France,FRA,1986,13430.4824599685,Europe & Central Asia
France,FRA,1985,9657.01938533723,Europe & Central Asia
France,FRA,1984,9311.89426452129,Europe & Central Asia
France,FRA,1983,9862.28449386586,Europe & Central Asia
France,FRA,1982,10359.8920663549,Europe & Central Asia
France,FRA,1981,10955.9002996167,Europe & Central Asia
France,FRA,1980,12565.1639377144,Europe & Central Asia
France,FRA,1979,11062.5731730373,Europe & Central Asia
France,FRA,1978,9166.59011961391,Europe & Central Asia
France,FRA,1977,7458.76424117602,Europe & Central Asia
France,FRA,1976,6792.3099035538,Europe & Central Asia
France,FRA,1975,6616.76722499173,Europe & Central Asia
France,FRA,1974,5260.60025882755,Europe & Central Asia
France,FRA,1973,4906.53555379458,Europe & Central Asia
France,FRA,1972,3809.09946046394,Europe & Central Asia
France,FRA,1971,3137.05929958055,Europe & Central Asia
France,FRA,1970,2832.54913756906,Europe & Central Asia
France,FRA,1969,2729.37124785377,Europe & Central Asia
France,FRA,1968,2518.15825593491,Europe & Central Asia
France,FRA,1967,2328.11785496887,Europe & Central Asia
France,FRA,1966,2172.59339649824,Europe & Central Asia
France,FRA,1965,2023.50184544884,Europe & Central Asia
France,FRA,1964,1891.12061521027,Europe & Central Asia
France,FRA,1963,1723.23648290171,Europe & Central Asia
France,FRA,1962,1553.99323202639,Europe & Central Asia
France,FRA,1961,1401.87190432812,Europe & Central Asia
France,FRA,1960,1306.79629911648,Europe & Central Asia
French Polynesia,PYF,2024,22439.8838746025,East Asia & Pacific
French Polynesia,PYF,2023,21832.2831795569,East Asia & Pacific
French Polynesia,PYF,2022,20053.9569369322,East Asia & Pacific
French Polynesia,PYF,2021,21426.3854449835,East Asia & Pacific
French Polynesia,PYF,2020,19966.4838503859,East Asia & Pacific
French Polynesia,PYF,2019,21582.5892046801,East Asia & Pacific
French Polynesia,PYF,2018,21925.616043938,East Asia & Pacific
French Polynesia,PYF,2017,20826.9312492172,East Asia & Pacific
French Polynesia,PYF,2016,19690.0775734589,East Asia & Pacific
French Polynesia,PYF,2015,19166.9594761931,East Asia & Pacific
French Polynesia,PYF,2014,22258.6321384251,East Asia & Pacific
French Polynesia,PYF,2013,21955.6329264095,East Asia & Pacific
French Polynesia,PYF,2012,20846.5457478364,East Asia & Pacific
French Polynesia,PYF,2011,22831.5185348524,East Asia & Pacific
French Polynesia,PYF,2010,22494.806706186,East Asia & Pacific
French Polynesia,PYF,2009,24434.2197555208,East Asia & Pacific
French Polynesia,PYF,2008,26592.0262835732,East Asia & Pacific
French Polynesia,PYF,2007,24888.1781337361,East Asia & Pacific
French Polynesia,PYF,2006,22330.8676659055,East Asia & Pacific
French Polynesia,PYF,2005,21984.1936230719,East Asia & Pacific
French Polynesia,PYF,2004,21764.2203208782,East Asia & Pacific
French Polynesia,PYF,2003,19582.8936395312,East Asia & Pacific
French Polynesia,PYF,2002,16004.0583292112,East Asia & Pacific
French Polynesia,PYF,2001,14640.9360062298,East Asia & Pacific
French Polynesia,PYF,2000,14978.324104668,East Asia & Pacific
French Polynesia,PYF,1999,16532.9022343754,East Asia & Pacific
French Polynesia,PYF,1998,16759.7141702526,East Asia & Pacific
French Polynesia,PYF,1997,16423.0214308681,East Asia & Pacific
French Polynesia,PYF,1996,18475.7253329475,East Asia & Pacific
French Polynesia,PYF,1995,18850.3149185956,East Asia & Pacific
French Polynesia,PYF,1994,16806.0592491122,East Asia & Pacific
French Polynesia,PYF,1993,16469.7751983669,East Asia & Pacific
French Polynesia,PYF,1992,17554.3737937032,East Asia & Pacific
French Polynesia,PYF,1991,16414.8132696888,East Asia & Pacific
French Polynesia,PYF,1990,16293.1823294474,East Asia & Pacific
French Polynesia,PYF,1989,13682.8412939782,East Asia & Pacific
French Polynesia,PYF,1988,13952.8382782589,East Asia & Pacific
French Polynesia,PYF,1987,14061.3873698969,East Asia & Pacific
French Polynesia,PYF,1986,11913.8267538469,East Asia & Pacific
French Polynesia,PYF,1985,8002.08427164997,East Asia & Pacific
French Polynesia,PYF,1984,7511.32179070332,East Asia & Pacific
French Polynesia,PYF,1983,7477.03464924524,East Asia & Pacific
French Polynesia,PYF,1982,7416.30736944627,East Asia & Pacific
French Polynesia,PYF,1981,7645.18391267409,East Asia & Pacific
French Polynesia,PYF,1980,8438.72682447341,East Asia & Pacific
French Polynesia,PYF,1979,8016.36524403648,East Asia & Pacific
French Polynesia,PYF,1978,6848.95100426122,East Asia & Pacific
French Polynesia,PYF,1977,5573.60451054244,East Asia & Pacific
French Polynesia,PYF,1976,5302.06138605756,East Asia & Pacific
French Polynesia,PYF,1975,5149.93762191732,East Asia & Pacific
French Polynesia,PYF,1974,4273.16745814336,East Asia & Pacific
French Polynesia,PYF,1973,3425.44252890097,East Asia & Pacific
French Polynesia,PYF,1972,2678.18747088327,East Asia & Pacific
French Polynesia,PYF,1971,2516.98260839219,East Asia & Pacific
French Polynesia,PYF,1970,2228.19051620548,East Asia & Pacific
French Polynesia,PYF,1969,2206.35343555808,East Asia & Pacific
French Polynesia,PYF,1968,2440.8345277325,East Asia & Pacific
French Polynesia,PYF,1967,2150.61571935477,East Asia & Pacific
French Polynesia,PYF,1966,2171.35978202717,East Asia & Pacific
French Polynesia,PYF,1965,1838.57638129761,East Asia & Pacific
Gabon,GAB,2025,8263.03321595,Sub-Saharan Africa 
Gabon,GAB,2024,8230.04311451151,Sub-Saharan Africa 
Gabon,GAB,2023,7802.82433276138,Sub-Saharan Africa 
Gabon,GAB,2022,8409.20741452279,Sub-Saharan Africa 
Gabon,GAB,2021,8181.40914134398,Sub-Saharan Africa 
Gabon,GAB,2020,6605.80346077904,Sub-Saharan Africa 
Gabon,GAB,2019,7441.1786472281,Sub-Saharan Africa 
Gabon,GAB,2018,7624.2775233771,Sub-Saharan Africa 
Gabon,GAB,2017,6921.73373135624,Sub-Saharan Africa 
Gabon,GAB,2016,6677.07003901644,Sub-Saharan Africa 
Gabon,GAB,2015,7047.12654634355,Sub-Saharan Africa 
Gabon,GAB,2014,9201.36276648105,Sub-Saharan Africa 
Gabon,GAB,2013,9197.70106323947,Sub-Saharan Africa 
Gabon,GAB,2012,9296.96587941088,Sub-Saharan Africa 
Gabon,GAB,2011,10219.1139339454,Sub-Saharan Africa 
Gabon,GAB,2010,8356.74662013345,Sub-Saharan Africa 
Gabon,GAB,2009,7290.57526093114,Sub-Saharan Africa 
Gabon,GAB,2008,9688.64519690633,Sub-Saharan Africa 
Gabon,GAB,2007,8003.54289696049,Sub-Saharan Africa 
Gabon,GAB,2006,6847.00985685394,Sub-Saharan Africa 
Gabon,GAB,2005,6547.87613955186,Sub-Saharan Africa 
Gabon,GAB,2004,5465.79193590708,Sub-Saharan Africa 
Gabon,GAB,2003,4710.74862768151,Sub-Saharan Africa 
Gabon,GAB,2002,3966.48001864663,Sub-Saharan Africa 
Gabon,GAB,2001,3835.75718279727,Sub-Saharan Africa 
Gabon,GAB,2000,3982.906200928,Sub-Saharan Africa 
Gabon,GAB,1999,3751.35318950625,Sub-Saharan Africa 
Gabon,GAB,1998,3699.99513906504,Sub-Saharan Africa 
Gabon,GAB,1997,4508.75340541142,Sub-Saharan Africa 
Gabon,GAB,1996,4942.67870027615,Sub-Saharan Africa 
Gabon,GAB,1995,4414.8755828572,Sub-Saharan Africa 
Gabon,GAB,1994,3828.21118114454,Sub-Saharan Africa 
Gabon,GAB,1993,4105.98701339331,Sub-Saharan Africa 
Gabon,GAB,1992,5385.68811745078,Sub-Saharan Africa 
Gabon,GAB,1991,5345.0965303052,Sub-Saharan Africa 
Gabon,GAB,1990,6050.71468999523,Sub-Saharan Africa 
Gabon,GAB,1989,4373.88491926948,Sub-Saharan Africa 
Gabon,GAB,1988,4118.60473032795,Sub-Saharan Africa 
Gabon,GAB,1987,3624.37675865476,Sub-Saharan Africa 
Gabon,GAB,1986,3864.67453823981,Sub-Saharan Africa 
Gabon,GAB,1985,3898.46316935487,Sub-Saharan Africa 
Gabon,GAB,1984,4272.88216871705,Sub-Saharan Africa 
Gabon,GAB,1983,4181.57191575578,Sub-Saharan Africa 
Gabon,GAB,1982,4583.89967785445,Sub-Saharan Africa 
Gabon,GAB,1981,5026.47646757156,Sub-Saharan Africa 
Gabon,GAB,1980,5718.46719052717,Sub-Saharan Africa 
Gabon,GAB,1979,4154.58594015093,Sub-Saharan Africa 
Gabon,GAB,1978,3359.57268123664,Sub-Saharan Africa 
Gabon,GAB,1977,4048.1467428949,Sub-Saharan Africa 
Gabon,GAB,1976,4441.09448586623,Sub-Saharan Africa 
Gabon,GAB,1975,3258.23424153589,Sub-Saharan Africa 
Gabon,GAB,1974,2384.18628892572,Sub-Saharan Africa 
Gabon,GAB,1973,1140.0416427509,Sub-Saharan Africa 
Gabon,GAB,1972,693.294831412979,Sub-Saharan Africa 
Gabon,GAB,1971,627.415677576616,Sub-Saharan Africa 
Gabon,GAB,1970,543.433161441757,Sub-Saharan Africa 
Gabon,GAB,1969,545.410237141201,Sub-Saharan Africa 
Gabon,GAB,1968,514.573983796217,Sub-Saharan Africa 
Gabon,GAB,1967,482.22309050643,Sub-Saharan Africa 
Gabon,GAB,1966,443.401599878142,Sub-Saharan Africa 
Gabon,GAB,1965,414.554218095035,Sub-Saharan Africa 
Gabon,GAB,1964,400.402956504958,Sub-Saharan Africa 
Gabon,GAB,1963,290.675816546409,Sub-Saharan Africa 
Gabon,GAB,1962,348.416820133128,Sub-Saharan Africa 
Gabon,GAB,1961,323.4592026542,Sub-Saharan Africa 
Gabon,GAB,1960,276.136169473227,Sub-Saharan Africa 
"Gambia, The",GMB,2025,919.060423427951,Sub-Saharan Africa 
"Gambia, The",GMB,2024,871.340287547821,Sub-Saharan Africa 
"Gambia, The",GMB,2023,883.024111978927,Sub-Saharan Africa 
"Gambia, The",GMB,2022,836.244875868476,Sub-Saharan Africa 
"Gambia, The",GMB,2021,781.890925169531,Sub-Saharan Africa 
"Gambia, The",GMB,2020,720.335143352133,Sub-Saharan Africa 
"Gambia, The",GMB,2019,738.186751987483,Sub-Saharan Africa 
"Gambia, The",GMB,2018,696.219806960615,Sub-Saharan Africa 
"Gambia, The",GMB,2017,642.522641296331,Sub-Saharan Africa 
"Gambia, The",GMB,2016,650.056501323611,Sub-Saharan Africa 
"Gambia, The",GMB,2015,619.536364296461,Sub-Saharan Africa 
"Gambia, The",GMB,2014,568.00453558864,Sub-Saharan Africa 
"Gambia, The",GMB,2013,653.862713272743,Sub-Saharan Africa 
"Gambia, The",GMB,2012,692.579361628102,Sub-Saharan Africa 
"Gambia, The",GMB,2011,710.608411468152,Sub-Saharan Africa 
"Gambia, The",GMB,2010,801.033372714536,Sub-Saharan Africa 
"Gambia, The",GMB,2009,774.888030908091,Sub-Saharan Africa 
"Gambia, The",GMB,2008,859.127671411226,Sub-Saharan Africa 
"Gambia, The",GMB,2007,724.726407242432,Sub-Saharan Africa 
"Gambia, The",GMB,2006,614.544307904464,Sub-Saharan Africa 
"Gambia, The",GMB,2005,616.483657865348,Sub-Saharan Africa 
"Gambia, The",GMB,2004,593.285346326581,Sub-Saharan Africa 
"Gambia, The",GMB,2003,308.719123437587,Sub-Saharan Africa 
"Gambia, The",GMB,2002,376.531026962584,Sub-Saharan Africa 
"Gambia, The",GMB,2001,459.803068381399,Sub-Saharan Africa 
"Gambia, The",GMB,2000,538.054072348854,Sub-Saharan Africa 
"Gambia, The",GMB,1999,575.459893151216,Sub-Saharan Africa 
"Gambia, The",GMB,1998,610.234711461724,Sub-Saharan Africa 
"Gambia, The",GMB,1997,600.224023405754,Sub-Saharan Africa 
"Gambia, The",GMB,1996,651.784945724837,Sub-Saharan Africa 
"Gambia, The",GMB,1995,621.681391269646,Sub-Saharan Africa 
"Gambia, The",GMB,1994,608.2774907808,Sub-Saharan Africa 
"Gambia, The",GMB,1993,635.3611677282,Sub-Saharan Africa 
"Gambia, The",GMB,1992,623.485927783598,Sub-Saharan Africa 
"Gambia, The",GMB,1991,627.578919318827,Sub-Saharan Africa 
"Gambia, The",GMB,1990,300.639895740381,Sub-Saharan Africa 
"Gambia, The",GMB,1989,280.929809553919,Sub-Saharan Africa 
"Gambia, The",GMB,1988,274.874465999589,Sub-Saharan Africa 
"Gambia, The",GMB,1987,236.954802725846,Sub-Saharan Africa 
"Gambia, The",GMB,1986,207.654408714945,Sub-Saharan Africa 
"Gambia, The",GMB,1985,262.816616745779,Sub-Saharan Africa 
"Gambia, The",GMB,1984,214.794357389928,Sub-Saharan Africa 
"Gambia, The",GMB,1983,268.649299816803,Sub-Saharan Africa 
"Gambia, The",GMB,1982,282.141307055388,Sub-Saharan Africa 
"Gambia, The",GMB,1981,295.982064548083,Sub-Saharan Africa 
"Gambia, The",GMB,1980,337.692534389517,Sub-Saharan Africa 
"Gambia, The",GMB,1979,300.258528034397,Sub-Saharan Africa 
"Gambia, The",GMB,1978,257.581042237291,Sub-Saharan Africa 
"Gambia, The",GMB,1977,213.842543162023,Sub-Saharan Africa 
"Gambia, The",GMB,1976,179.313963291107,Sub-Saharan Africa 
"Gambia, The",GMB,1975,189.808393377344,Sub-Saharan Africa 
"Gambia, The",GMB,1974,162.618334686551,Sub-Saharan Africa 
"Gambia, The",GMB,1973,131.449182060787,Sub-Saharan Africa 
"Gambia, The",GMB,1972,106.524604282625,Sub-Saharan Africa 
"Gambia, The",GMB,1971,103.318322288749,Sub-Saharan Africa 
"Gambia, The",GMB,1970,99.7816919772448,Sub-Saharan Africa 
"Gambia, The",GMB,1969,88.662202161031,Sub-Saharan Africa 
"Gambia, The",GMB,1968,83.1064852758912,Sub-Saharan Africa 
"Gambia, The",GMB,1967,96.9604868849254,Sub-Saharan Africa 
"Gambia, The",GMB,1966,94.3662144947658,Sub-Saharan Africa 
Georgia,GEO,2025,9691.53472415196,Europe & Central Asia
Georgia,GEO,2024,8967.67525638987,Europe & Central Asia
Georgia,GEO,2023,8283.66960652261,Europe & Central Asia
Georgia,GEO,2022,6729.84659930283,Europe & Central Asia
Georgia,GEO,2021,5083.60695484577,Europe & Central Asia
Georgia,GEO,2020,4300.85701291207,Europe & Central Asia
Georgia,GEO,2019,4741.2832715876,Europe & Central Asia
Georgia,GEO,2018,4804.0546040444,Europe & Central Asia
Georgia,GEO,2017,4418.75206546679,Europe & Central Asia
Georgia,GEO,2016,4143.40125686315,Europe & Central Asia
Georgia,GEO,2015,4086.6223465965,Europe & Central Asia
Georgia,GEO,2014,4830.33486170249,Europe & Central Asia
Georgia,GEO,2013,4712.00229382665,Europe & Central Asia
Georgia,GEO,2012,4530.69533409431,Europe & Central Asia
Georgia,GEO,2011,4119.66818307193,Europe & Central Asia
Georgia,GEO,2010,3281.72930937343,Europe & Central Asia
Georgia,GEO,2009,2822.68939668797,Europe & Central Asia
Georgia,GEO,2008,3324.7537205015,Europe & Central Asia
Georgia,GEO,2007,2635.36650276116,Europe & Central Asia
Georgia,GEO,2006,1996.02013272284,Europe & Central Asia
Georgia,GEO,2005,1642.78359414797,Europe & Central Asia
Georgia,GEO,2004,1305.04748557208,Europe & Central Asia
Georgia,GEO,2003,1010.03151630868,Europe & Central Asia
Georgia,GEO,2002,853.526171868939,Europe & Central Asia
Georgia,GEO,2001,801.98383707929,Europe & Central Asia
Georgia,GEO,2000,749.908534993961,Europe & Central Asia
Georgia,GEO,1999,673.537782887275,Europe & Central Asia
Georgia,GEO,1998,851.515542450841,Europe & Central Asia
Georgia,GEO,1997,807.032285752352,Europe & Central Asia
Georgia,GEO,1996,689.034634153312,Europe & Central Asia
Georgia,GEO,1995,578.336923460866,Europe & Central Asia
Georgia,GEO,1994,519.815578814965,Europe & Central Asia
Georgia,GEO,1993,550.015542609224,Europe & Central Asia
Georgia,GEO,1992,757.223548505358,Europe & Central Asia
Georgia,GEO,1991,1307.82342713006,Europe & Central Asia
Georgia,GEO,1990,1610.98027146868,Europe & Central Asia
Georgia,GEO,1989,1853.44090838675,Europe & Central Asia
Georgia,GEO,1988,1843.90343235858,Europe & Central Asia
Georgia,GEO,1987,1543.58202459728,Europe & Central Asia
Germany,DEU,2025,60496.4350820414,Europe & Central Asia
Germany,DEU,2024,56103.7323182554,Europe & Central Asia
Germany,DEU,2023,54776.7668235491,Europe & Central Asia
Germany,DEU,2022,50506.5179638543,Europe & Central Asia
Germany,DEU,2021,52349.2459994422,Europe & Central Asia
Germany,DEU,2020,47394.8734504469,Europe & Central Asia
Germany,DEU,2019,47656.199739747,Europe & Central Asia
Germany,DEU,2018,48916.1686612154,Europe & Central Asia
Germany,DEU,2017,45553.9341495339,Europe & Central Asia
Germany,DEU,2016,42948.9381932694,Europe & Central Asia
Germany,DEU,2015,41929.7549110722,Europe & Central Asia
Germany,DEU,2014,48959.5991203133,Europe & Central Asia
Germany,DEU,2013,47206.8353514242,Europe & Central Asia
Germany,DEU,2012,44718.0159214069,Europe & Central Asia
Germany,DEU,2011,47630.9761883572,Europe & Central Asia
Germany,DEU,2010,42396.9665976293,Europe & Central Asia
Germany,DEU,2009,42471.8868625226,Europe & Central Asia
Germany,DEU,2008,46379.1647953479,Europe & Central Asia
Germany,DEU,2007,42350.9217211489,Europe & Central Asia
Germany,DEU,2006,36980.3349948954,Europe & Central Asia
Germany,DEU,2005,35084.4363546269,Europe & Central Asia
Germany,DEU,2004,34566.7359143735,Europe & Central Asia
Germany,DEU,2003,30711.1022511331,Europe & Central Asia
Germany,DEU,2002,25486.5942008748,Europe & Central Asia
Germany,DEU,2001,23878.3641471651,Europe & Central Asia
Germany,DEU,2000,23925.8559901991,Europe & Central Asia
Germany,DEU,1999,26965.4922773722,Europe & Central Asia
Germany,DEU,1998,27395.9440608051,Europe & Central Asia
Germany,DEU,1997,27046.9565464237,Europe & Central Asia
Germany,DEU,1996,30599.7891048363,Europe & Central Asia
Germany,DEU,1995,31747.2449398447,Europe & Central Asia
Germany,DEU,1994,27201.9593555204,Europe & Central Asia
Germany,DEU,1993,25616.6508772405,Europe & Central Asia
Germany,DEU,1992,26559.8543879632,Europe & Central Asia
Germany,DEU,1991,23443.3350818536,Europe & Central Asia
Germany,DEU,1990,22385.6778250275,Europe & Central Asia
Germany,DEU,1989,17829.4609524705,Europe & Central Asia
Germany,DEU,1988,17996.9783507619,Europe & Central Asia
Germany,DEU,1987,16738.6132825523,Europe & Central Asia
Germany,DEU,1986,13511.1520027486,Europe & Central Asia
Germany,DEU,1985,9464.11694710857,Europe & Central Asia
Germany,DEU,1984,9347.29068412377,Europe & Central Asia
Germany,DEU,1983,9900.48559233526,Europe & Central Asia
Germany,DEU,1982,9950.05926025365,Europe & Central Asia
Germany,DEU,1981,10246.4767623188,Europe & Central Asia
Germany,DEU,1980,12182.7800196802,Europe & Central Asia
Germany,DEU,1979,11322.3543443813,Europe & Central Asia
Germany,DEU,1978,9516.78283228907,Europe & Central Asia
Germany,DEU,1977,7711.10232025365,Europe & Central Asia
Germany,DEU,1976,6659.16546576017,Europe & Central Asia
Germany,DEU,1975,6259.20744498342,Europe & Central Asia
Germany,DEU,1974,5659.73787773336,Europe & Central Asia
Germany,DEU,1973,5065.24523302283,Europe & Central Asia
Germany,DEU,1972,3823.94032602696,Europe & Central Asia
Germany,DEU,1971,3203.82884836051,Europe & Central Asia
Germany,DEU,1970,2771.28310514754,Europe & Central Asia
Germany,DEU,1969,2281.27598218229,Europe & Central Asia
Germany,DEU,1968,2025.08159465853,Europe & Central Asia
Germany,DEU,1967,1885.61596607874,Europe & Central Asia
Germany,DEU,1966,1870.80540291774,Europe & Central Asia
Germany,DEU,1965,1774.1986904555,Europe & Central Asia
Germany,DEU,1964,1637.45522773672,Europe & Central Asia
Germany,DEU,1963,1502.15452905146,Europe & Central Asia
Germany,DEU,1962,1430.52095516263,Europe & Central Asia
Germany,DEU,1961,1315.90787834504,Europe & Central Asia
Germany,DEU,1960,1162.12266831735,Europe & Central Asia
Ghana,GHA,2025,3257.1588903576,Sub-Saharan Africa 
Ghana,GHA,2024,2419.2518672482,Sub-Saharan Africa 
Ghana,GHA,2023,2383.90410476221,Sub-Saharan Africa 
Ghana,GHA,2022,2229.89122654479,Sub-Saharan Africa 
Ghana,GHA,2021,2445.18662529344,Sub-Saharan Africa 
Ghana,GHA,2020,2195.45481659987,Sub-Saharan Africa 
Ghana,GHA,2019,2186.65822682613,Sub-Saharan Africa 
Ghana,GHA,2018,2195.32166016377,Sub-Saharan Africa 
Ghana,GHA,2017,2012.28662641265,Sub-Saharan Africa 
Ghana,GHA,2016,1912.47991339951,Sub-Saharan Africa 
Ghana,GHA,2015,1722.77282833606,Sub-Saharan Africa 
Ghana,GHA,2014,1949.90832923846,Sub-Saharan Africa 
Ghana,GHA,2013,2294.79584693743,Sub-Saharan Africa 
Ghana,GHA,2012,1543.77524235764,Sub-Saharan Africa 
Ghana,GHA,2011,1507.43573198753,Sub-Saharan Africa 
Ghana,GHA,2010,1263.89251760539,Sub-Saharan Africa 
Ghana,GHA,2009,1047.70430093586,Sub-Saharan Africa 
Ghana,GHA,2008,1182.65761256016,Sub-Saharan Africa 
Ghana,GHA,2007,1050.12461524926,Sub-Saharan Africa 
Ghana,GHA,2006,906.441027564887,Sub-Saharan Africa 
Ghana,GHA,2005,478.611909191028,Sub-Saharan Africa 
Ghana,GHA,2004,406.132105329565,Sub-Saharan Africa 
Ghana,GHA,2003,358.39927142073,Sub-Saharan Africa 
Ghana,GHA,2002,297.46164468774,Sub-Saharan Africa 
Ghana,GHA,2001,263.542156494853,Sub-Saharan Africa 
Ghana,GHA,2000,253.746936203344,Sub-Saharan Africa 
Ghana,GHA,1999,403.037326127273,Sub-Saharan Africa 
Ghana,GHA,1998,400.366799508524,Sub-Saharan Africa 
Ghana,GHA,1997,377.841935501461,Sub-Saharan Africa 
Ghana,GHA,1996,389.271267898831,Sub-Saharan Africa 
Ghana,GHA,1995,371.537243033836,Sub-Saharan Africa 
Ghana,GHA,1994,320.50390343252,Sub-Saharan Africa 
Ghana,GHA,1993,359.800844097528,Sub-Saharan Africa 
Ghana,GHA,1992,396.426407640517,Sub-Saharan Africa 
Ghana,GHA,1991,418.254121349986,Sub-Saharan Africa 
Ghana,GHA,1990,382.54246368354,Sub-Saharan Africa 
Ghana,GHA,1989,349.964941914982,Sub-Saharan Africa 
Ghana,GHA,1988,355.121844932881,Sub-Saharan Africa 
Ghana,GHA,1987,355.153724919203,Sub-Saharan Africa 
Ghana,GHA,1986,410.711658388611,Sub-Saharan Africa 
Ghana,GHA,1985,329.714604937014,Sub-Saharan Africa 
Ghana,GHA,1984,329.998888863111,Sub-Saharan Africa 
Ghana,GHA,1983,311.383438154949,Sub-Saharan Africa 
Ghana,GHA,1982,319.206910329791,Sub-Saharan Africa 
Ghana,GHA,1981,343.799126739425,Sub-Saharan Africa 
Ghana,GHA,1980,372.252026367961,Sub-Saharan Africa 
Ghana,GHA,1979,346.653403777697,Sub-Saharan Africa 
Ghana,GHA,1978,325.598476678233,Sub-Saharan Africa 
Ghana,GHA,1977,292.28979809499,Sub-Saharan Africa 
Ghana,GHA,1976,260.998295813107,Sub-Saharan Africa 
Ghana,GHA,1975,272.976715188503,Sub-Saharan Africa 
Ghana,GHA,1974,289.425856816508,Sub-Saharan Africa 
Ghana,GHA,1973,309.509552300391,Sub-Saharan Africa 
Ghana,GHA,1972,223.80286383233,Sub-Saharan Africa 
Ghana,GHA,1971,263.408787882235,Sub-Saharan Africa 
Ghana,GHA,1970,248.159869409818,Sub-Saharan Africa 
Ghana,GHA,1969,225.772621963554,Sub-Saharan Africa 
Ghana,GHA,1968,196.668571830464,Sub-Saharan Africa 
Ghana,GHA,1967,211.219296540365,Sub-Saharan Africa 
Ghana,GHA,1966,263.334589411514,Sub-Saharan Africa 
Ghana,GHA,1965,260.50559523622,Sub-Saharan Africa 
Ghana,GHA,1964,224.968154393354,Sub-Saharan Africa 
Ghana,GHA,1963,205.037422391885,Sub-Saharan Africa 
Ghana,GHA,1962,188.421016299893,Sub-Saharan Africa 
Ghana,GHA,1961,181.870010833085,Sub-Saharan Africa 
Ghana,GHA,1960,174.858856531804,Sub-Saharan Africa 
Greece,GRC,2025,26948.0070432791,Europe & Central Asia
Greece,GRC,2024,24626.1481858973,Europe & Central Asia
Greece,GRC,2023,23343.7103964562,Europe & Central Asia
Greece,GRC,2022,20884.6773436263,Europe & Central Asia
Greece,GRC,2021,20652.89659591,Europe & Central Asia
Greece,GRC,2020,17886.733165236,Europe & Central Asia
Greece,GRC,2019,19335.3602002969,Europe & Central Asia
Greece,GRC,2018,19873.4015238771,Europe & Central Asia
Greece,GRC,2017,18631.9930129293,Europe & Central Asia
Greece,GRC,2016,17919.2426377048,Europe & Central Asia
Greece,GRC,2015,17980.7298238137,Europe & Central Asia
Greece,GRC,2014,21474.7257123892,Europe & Central Asia
Greece,GRC,2013,21573.3449762805,Europe & Central Asia
Greece,GRC,2012,21624.346052551,Europe & Central Asia
Greece,GRC,2011,25504.7866510124,Europe & Central Asia
Greece,GRC,2010,26653.0488008626,Europe & Central Asia
Greece,GRC,2009,29425.4573200263,Europe & Central Asia
Greece,GRC,2008,31695.8331092209,Europe & Central Asia
Greece,GRC,2007,28440.7625328955,Europe & Central Asia
Greece,GRC,2006,24416.0232970275,Europe & Central Asia
Greece,GRC,2005,22054.1315756886,Europe & Central Asia
Greece,GRC,2004,21449.2552764245,Europe & Central Asia
Greece,GRC,2003,18020.612039764,Europe & Central Asia
Greece,GRC,2002,13782.195640943,Europe & Central Asia
Greece,GRC,2001,12156.9572824221,Europe & Central Asia
Greece,GRC,2000,11638.2010697215,Europe & Central Asia
Greece,GRC,1999,12742.5404388143,Europe & Central Asia
Greece,GRC,1998,13022.9648774809,Europe & Central Asia
Greece,GRC,1997,13015.9175046854,Europe & Central Asia
Greece,GRC,1996,13432.5262183244,Europe & Central Asia
Greece,GRC,1995,12779.081491606,Europe & Central Asia
Greece,GRC,1994,10937.0223808611,Europe & Central Asia
Greece,GRC,1993,10257.3085789073,Europe & Central Asia
Greece,GRC,1992,11021.012224607,Europe & Central Asia
Greece,GRC,1991,10046.6663875475,Europe & Central Asia
Greece,GRC,1990,9466.66238502174,Europe & Central Asia
Greece,GRC,1989,7737.54385772032,Europe & Central Asia
Greece,GRC,1988,7492.35204811251,Europe & Central Asia
Greece,GRC,1987,6473.57783168117,Europe & Central Asia
Greece,GRC,1986,5577.83258692769,Europe & Central Asia
Greece,GRC,1985,4746.76035816355,Europe & Central Asia
Greece,GRC,1984,4785.07463033775,Europe & Central Asia
Greece,GRC,1983,4950.06026518761,Europe & Central Asia
Greece,GRC,1982,5501.63700061234,Europe & Central Asia
Greece,GRC,1981,5305.43729381339,Europe & Central Asia
Greece,GRC,1980,5811.69069600941,Europe & Central Asia
Greece,GRC,1979,5626.58879087082,Europe & Central Asia
Greece,GRC,1978,4629.33937671209,Europe & Central Asia
Greece,GRC,1977,3832.32110004611,Europe & Central Asia
Greece,GRC,1976,3343.38819444676,Europe & Central Asia
Greece,GRC,1975,3109.3794397892,Europe & Central Asia
Greece,GRC,1974,2789.40577350635,Europe & Central Asia
Greece,GRC,1973,2468.00395502023,Europe & Central Asia
Greece,GRC,1972,1873.25412773592,Europe & Central Asia
Greece,GRC,1971,1629.3452793287,Europe & Central Asia
Greece,GRC,1970,1473.60394808707,Europe & Central Asia
Greece,GRC,1969,1305.64395976862,Europe & Central Asia
Greece,GRC,1968,1138.38219032671,Europe & Central Asia
Greece,GRC,1967,1053.2588863313,Europe & Central Asia
Greece,GRC,1966,983.55754915871,Europe & Central Asia
Greece,GRC,1965,886.773611071551,Europe & Central Asia
Greece,GRC,1964,772.805500770312,Europe & Central Asia
Greece,GRC,1963,685.559282001744,Europe & Central Asia
Greece,GRC,1962,608.475515462307,Europe & Central Asia
Greece,GRC,1961,582.563503591063,Europe & Central Asia
Greece,GRC,1960,513.085862390915,Europe & Central Asia
Greenland,GRL,2023,58498.9707973609,Europe & Central Asia
Greenland,GRL,2022,55635.0006491223,Europe & Central Asia
Greenland,GRL,2021,58135.9939910203,Europe & Central Asia
Greenland,GRL,2020,54812.6661771023,Europe & Central Asia
Greenland,GRL,2019,53309.2035905065,Europe & Central Asia
Greenland,GRL,2018,54545.135857765,Europe & Central Asia
Greenland,GRL,2017,50765.7494665372,Europe & Central Asia
Greenland,GRL,2016,48181.7453541266,Europe & Central Asia
Greenland,GRL,2015,44536.3549705377,Europe & Central Asia
Greenland,GRL,2014,50485.2244135291,Europe & Central Asia
Greenland,GRL,2013,47535.4883792376,Europe & Central Asia
Greenland,GRL,2012,45936.9562817724,Europe & Central Asia
Greenland,GRL,2011,47186.8759969388,Europe & Central Asia
Greenland,GRL,2010,44277.1993400972,Europe & Central Asia
Greenland,GRL,2009,44918.8413832155,Europe & Central Asia
Greenland,GRL,2008,44366.7858688175,Europe & Central Asia
Greenland,GRL,2007,39780.9441368721,Europe & Central Asia
Greenland,GRL,2006,35457.6297578214,Europe & Central Asia
Greenland,GRL,2005,32489.7277309899,Europe & Central Asia
Greenland,GRL,2004,32030.9987915109,Europe & Central Asia
Greenland,GRL,2003,27466.6494525504,Europe & Central Asia
Greenland,GRL,2002,20657.9506323097,Europe & Central Asia
Greenland,GRL,2001,19265.5191468738,Europe & Central Asia
Greenland,GRL,2000,19009.0774407515,Europe & Central Asia
Greenland,GRL,1999,20170.322763798,Europe & Central Asia
Greenland,GRL,1998,20496.578783559,Europe & Central Asia
Greenland,GRL,1997,19145.614890096,Europe & Central Asia
Greenland,GRL,1996,21422.4609853672,Europe & Central Asia
Greenland,GRL,1995,21665.8295173116,Europe & Central Asia
Greenland,GRL,1994,18124.0998075763,Europe & Central Asia
Greenland,GRL,1993,16797.3578218828,Europe & Central Asia
Greenland,GRL,1992,18768.8275325455,Europe & Central Asia
Greenland,GRL,1991,18315.3165631906,Europe & Central Asia
Greenland,GRL,1990,18326.9295023252,Europe & Central Asia
Greenland,GRL,1989,16813.7414501107,Europe & Central Asia
Greenland,GRL,1988,16397.9501938761,Europe & Central Asia
Greenland,GRL,1987,14554.3513669736,Europe & Central Asia
Greenland,GRL,1986,11271.3325735884,Europe & Central Asia
Greenland,GRL,1985,7760.83426370628,Europe & Central Asia
Greenland,GRL,1984,7198.7078081665,Europe & Central Asia
Greenland,GRL,1983,7988.17794662988,Europe & Central Asia
Greenland,GRL,1982,7813.65128212172,Europe & Central Asia
Greenland,GRL,1981,8544.09791016512,Europe & Central Asia
Greenland,GRL,1980,9483.10240585198,Europe & Central Asia
Greenland,GRL,1979,8480.76253105822,Europe & Central Asia
Greenland,GRL,1978,7235.5169393433,Europe & Central Asia
Greenland,GRL,1977,5713.96253360554,Europe & Central Asia
Greenland,GRL,1976,4844.65629347485,Europe & Central Asia
Greenland,GRL,1975,4257.87561148406,Europe & Central Asia
Greenland,GRL,1974,3432.70603291276,Europe & Central Asia
Greenland,GRL,1973,2860.28057640115,Europe & Central Asia
Greenland,GRL,1972,2196.71424019198,Europe & Central Asia
Greenland,GRL,1971,1874.29530190099,Europe & Central Asia
Greenland,GRL,1970,1498.27643678161,Europe & Central Asia
Grenada,GRD,2025,12106.8790105068,Latin America & Caribbean 
Grenada,GRD,2024,11528.9220811928,Latin America & Caribbean 
Grenada,GRD,2023,11414.4781691181,Latin America & Caribbean 
Grenada,GRD,2022,10469.3867012856,Latin America & Caribbean 
Grenada,GRD,2021,9617.28902905373,Latin America & Caribbean 
Grenada,GRD,2020,8968.55890108484,Latin America & Caribbean 
Grenada,GRD,2019,10462.7929159533,Latin America & Caribbean 
Grenada,GRD,2018,10083.021279225,Latin America & Caribbean 
Grenada,GRD,2017,9751.42661155932,Latin America & Caribbean 
Grenada,GRD,2016,9221.23461079424,Latin America & Caribbean 
Grenada,GRD,2015,8694.12438005692,Latin America & Caribbean 
Grenada,GRD,2014,7986.33421210788,Latin America & Caribbean 
Grenada,GRD,2013,7424.80212287327,Latin America & Caribbean 
Grenada,GRD,2012,7092.71985352677,Latin America & Caribbean 
Grenada,GRD,2011,6947.38136096464,Latin America & Caribbean 
Grenada,GRD,2010,6909.60169568597,Latin America & Caribbean 
Grenada,GRD,2009,6932.56472176781,Latin America & Caribbean 
Grenada,GRD,2008,7448.2040563865,Latin America & Caribbean 
Grenada,GRD,2007,6864.54816771858,Latin America & Caribbean 
Grenada,GRD,2006,6344.0383771432,Latin America & Caribbean 
Grenada,GRD,2005,6338.56011405358,Latin America & Caribbean 
Grenada,GRD,2004,5480.26117644588,Latin America & Caribbean 
Grenada,GRD,2003,5427.96377252312,Latin America & Caribbean 
Grenada,GRD,2002,4984.47405931447,Latin America & Caribbean 
Grenada,GRD,2001,4819.50776653843,Latin America & Caribbean 
Grenada,GRD,2000,4839.82811114248,Latin America & Caribbean 
Grenada,GRD,1999,4516.28332446682,Latin America & Caribbean 
Grenada,GRD,1998,4206.28052894181,Latin America & Caribbean 
Grenada,GRD,1997,3724.75466168304,Latin America & Caribbean 
Grenada,GRD,1996,3508.294236637,Latin America & Caribbean 
Grenada,GRD,1995,3294.26988339657,Latin America & Caribbean 
Grenada,GRD,1994,3152.2020478855,Latin America & Caribbean 
Grenada,GRD,1993,3026.04154231393,Latin America & Caribbean 
Grenada,GRD,1992,3052.70018744163,Latin America & Caribbean 
Grenada,GRD,1991,2983.91643158641,Latin America & Caribbean 
Grenada,GRD,1990,2782.18396873619,Latin America & Caribbean 
Grenada,GRD,1989,2696.98290193019,Latin America & Caribbean 
Grenada,GRD,1988,2404.25523562379,Latin America & Caribbean 
Grenada,GRD,1987,2204.6384515886,Latin America & Caribbean 
Grenada,GRD,1986,1938.10850906698,Latin America & Caribbean 
Grenada,GRD,1985,1745.15357435866,Latin America & Caribbean 
Grenada,GRD,1984,1523.94092798531,Latin America & Caribbean 
Grenada,GRD,1983,1388.16565090599,Latin America & Caribbean 
Grenada,GRD,1982,1329.00617695983,Latin America & Caribbean 
Grenada,GRD,1981,1229.65932557403,Latin America & Caribbean 
Grenada,GRD,1980,1173.07809597238,Latin America & Caribbean 
Grenada,GRD,1979,1070.73371266334,Latin America & Caribbean 
Grenada,GRD,1978,917.111118802723,Latin America & Caribbean 
Grenada,GRD,1977,736.927499151542,Latin America & Caribbean 
Guam,GUM,2022,41833.1517132825,East Asia & Pacific
Guam,GUM,2021,38074.8793745801,East Asia & Pacific
Guam,GUM,2020,36482.9363953675,East Asia & Pacific
Guam,GUM,2019,39274.9431424899,East Asia & Pacific
Guam,GUM,2018,37195.9503070464,East Asia & Pacific
Guam,GUM,2017,36779.0078903909,East Asia & Pacific
Guam,GUM,2016,35930.6594898711,East Asia & Pacific
Guam,GUM,2015,35165.7014644795,East Asia & Pacific
Guam,GUM,2014,33900.1486530583,East Asia & Pacific
Guam,GUM,2013,32530.7593121483,East Asia & Pacific
Guam,GUM,2012,31653.7506538168,East Asia & Pacific
Guam,GUM,2011,29926.2052442913,East Asia & Pacific
Guam,GUM,2010,29719.7967836082,East Asia & Pacific
Guam,GUM,2009,29054.0581201519,East Asia & Pacific
Guam,GUM,2008,28112.2316573422,East Asia & Pacific
Guam,GUM,2007,26605.4324214756,East Asia & Pacific
Guam,GUM,2006,25709.9351488422,East Asia & Pacific
Guam,GUM,2005,25631.9776108052,East Asia & Pacific
Guam,GUM,2004,23618.8266894573,East Asia & Pacific
Guam,GUM,2003,21877.3178371553,East Asia & Pacific
Guam,GUM,2002,20909.9590302806,East Asia & Pacific
Guatemala,GTM,2025,6598.18032988711,Latin America & Caribbean 
Guatemala,GTM,2024,6150.89465281457,Latin America & Caribbean 
Guatemala,GTM,2023,5754.42833909847,Latin America & Caribbean 
Guatemala,GTM,2022,5356.92435887895,Latin America & Caribbean 
Guatemala,GTM,2021,4912.62240414681,Latin America & Caribbean 
Guatemala,GTM,2020,4477.61785000665,Latin America & Caribbean 
Guatemala,GTM,2019,4511.99839552697,Latin America & Caribbean 
Guatemala,GTM,2018,4352.94593289707,Latin America & Caribbean 
Guatemala,GTM,2017,4324.99768915601,Latin America & Caribbean 
Guatemala,GTM,2016,4060.13784737643,Latin America & Caribbean 
Guatemala,GTM,2015,3893.50533299068,Latin America & Caribbean 
Guatemala,GTM,2014,3689.14510410202,Latin America & Caribbean 
Guatemala,GTM,2013,3444.15802275864,Latin America & Caribbean 
Guatemala,GTM,2012,3286.61959336267,Latin America & Caribbean 
Guatemala,GTM,2011,3168.98370607705,Latin America & Caribbean 
Guatemala,GTM,2010,2805.25960237322,Latin America & Caribbean 
Guatemala,GTM,2009,2611.64632773352,Latin America & Caribbean 
Guatemala,GTM,2008,2763.05988172926,Latin America & Caribbean 
Guatemala,GTM,2007,2458.81573919384,Latin America & Caribbean 
Guatemala,GTM,2006,2225.1234753878,Latin America & Caribbean 
Guatemala,GTM,2005,2046.46611650758,Latin America & Caribbean 
Guatemala,GTM,2004,1840.91184884,Latin America & Caribbean 
Guatemala,GTM,2003,1722.54701910774,Latin America & Caribbean 
Guatemala,GTM,2002,1669.33517469705,Latin America & Caribbean 
Guatemala,GTM,2001,1537.68663578252,Latin America & Caribbean 
Guatemala,GTM,2000,1648.96578971559,Latin America & Caribbean 
Guatemala,GTM,1999,1603.64776144934,Latin America & Caribbean 
Guatemala,GTM,1998,1741.20114182856,Latin America & Caribbean 
Guatemala,GTM,1997,1638.46281851789,Latin America & Caribbean 
Guatemala,GTM,1996,1481.05986750672,Latin America & Caribbean 
Guatemala,GTM,1995,1421.06177809796,Latin America & Caribbean 
Guatemala,GTM,1994,1292.67202750483,Latin America & Caribbean 
Guatemala,GTM,1993,1165.67442716224,Latin America & Caribbean 
Guatemala,GTM,1992,1096.45976992698,Latin America & Caribbean 
Guatemala,GTM,1991,1014.40279682682,Latin America & Caribbean 
Guatemala,GTM,1990,847.688561830359,Latin America & Caribbean 
Guatemala,GTM,1989,958.427471156263,Latin America & Caribbean 
Guatemala,GTM,1988,919.070773138882,Latin America & Caribbean 
Guatemala,GTM,1987,853.903772501246,Latin America & Caribbean 
Guatemala,GTM,1986,896.063263473632,Latin America & Caribbean 
Guatemala,GTM,1985,1238.47545209176,Latin America & Caribbean 
Guatemala,GTM,1984,1241.04242582773,Latin America & Caribbean 
Guatemala,GTM,1983,1219.73545354345,Latin America & Caribbean 
Guatemala,GTM,1982,1203.96540667638,Latin America & Caribbean 
Guatemala,GTM,1981,1216.49639722044,Latin America & Caribbean 
Guatemala,GTM,1980,1141.80549814991,Latin America & Caribbean 
Guatemala,GTM,1979,1025.98223460072,Latin America & Caribbean 
Guatemala,GTM,1978,925.180026499901,Latin America & Caribbean 
Guatemala,GTM,1977,856.125495292911,Latin America & Caribbean 
Guatemala,GTM,1976,697.064609693019,Latin America & Caribbean 
Guatemala,GTM,1975,594.88660866336,Latin America & Caribbean 
Guatemala,GTM,1974,528.57311003132,Latin America & Caribbean 
Guatemala,GTM,1973,440.562871690613,Latin America & Caribbean 
Guatemala,GTM,1972,369.762757413424,Latin America & Caribbean 
Guatemala,GTM,1971,358.373560380293,Latin America & Caribbean 
Guatemala,GTM,1970,352.790808761812,Latin America & Caribbean 
Guatemala,GTM,1969,326.30273339901,Latin America & Caribbean 
Guatemala,GTM,1968,314.666876118943,Latin America & Caribbean 
Guatemala,GTM,1967,291.934180943356,Latin America & Caribbean 
Guatemala,GTM,1966,287.277848723331,Latin America & Caribbean 
Guatemala,GTM,1965,282.97764170403,Latin America & Caribbean 
Guatemala,GTM,1964,284.197970339364,Latin America & Caribbean 
Guatemala,GTM,1963,284.397504292538,Latin America & Caribbean 
Guatemala,GTM,1962,265.21065183936,Latin America & Caribbean 
Guatemala,GTM,1961,257.20215058952,Latin America & Caribbean 
Guatemala,GTM,1960,256.813115286608,Latin America & Caribbean 
Guinea,GIN,2025,1877.2541220972,Sub-Saharan Africa 
Guinea,GIN,2024,1694.95375862185,Sub-Saharan Africa 
Guinea,GIN,2023,1555.49375806861,Sub-Saharan Africa 
Guinea,GIN,2022,1416.59612011764,Sub-Saharan Africa 
Guinea,GIN,2021,1244.96550477914,Sub-Saharan Africa 
Guinea,GIN,2020,1053.66097696415,Sub-Saharan Africa 
Guinea,GIN,2019,1031.34146480732,Sub-Saharan Africa 
Guinea,GIN,2018,933.273615633705,Sub-Saharan Africa 
Guinea,GIN,2017,833.598621691121,Sub-Saharan Africa 
Guinea,GIN,2016,711.996509782316,Sub-Saharan Africa 
Guinea,GIN,2015,747.356966759448,Sub-Saharan Africa 
Guinea,GIN,2014,765.146999389279,Sub-Saharan Africa 
Guinea,GIN,2013,748.455020824734,Sub-Saharan Africa 
Guinea,GIN,2012,699.353377212197,Sub-Saharan Africa 
Guinea,GIN,2011,636.694958747648,Sub-Saharan Africa 
Guinea,GIN,2010,659.235326211315,Sub-Saharan Africa 
Guinea,GIN,2009,662.185914665575,Sub-Saharan Africa 
Guinea,GIN,2008,703.532825784369,Sub-Saharan Africa 
Guinea,GIN,2007,650.148575304743,Sub-Saharan Africa 
Guinea,GIN,2006,446.980554135013,Sub-Saharan Africa 
Guinea,GIN,2005,463.17768685098,Sub-Saharan Africa 
Guinea,GIN,2004,584.897740538081,Sub-Saharan Africa 
Guinea,GIN,2003,566.48540588068,Sub-Saharan Africa 
Guinea,GIN,2002,495.916073559269,Sub-Saharan Africa 
Guinea,GIN,2001,483.085120214741,Sub-Saharan Africa 
Guinea,GIN,2000,518.157066924026,Sub-Saharan Africa 
Guinea,GIN,1999,610.614842942762,Sub-Saharan Africa 
Guinea,GIN,1998,647.379920832778,Sub-Saharan Africa 
Guinea,GIN,1997,695.58174225826,Sub-Saharan Africa 
Guinea,GIN,1996,726.025442583799,Sub-Saharan Africa 
Guinea,GIN,1995,713.031460558683,Sub-Saharan Africa 
Guinea,GIN,1994,671.576385058752,Sub-Saharan Africa 
Guinea,GIN,1993,670.741778229959,Sub-Saharan Africa 
Guinea,GIN,1992,692.647802662806,Sub-Saharan Africa 
Guinea,GIN,1991,656.42373119518,Sub-Saharan Africa 
Guinea,GIN,1990,604.304422702532,Sub-Saharan Africa 
Guinea,GIN,1989,570.493417986787,Sub-Saharan Africa 
Guinea,GIN,1988,574.001127225182,Sub-Saharan Africa 
Guinea,GIN,1987,504.510868799406,Sub-Saharan Africa 
Guinea,GIN,1986,505.876944250303,Sub-Saharan Africa 
Guinea,GIN,1985,4061.69867242443,Sub-Saharan Africa 
Guinea,GIN,1984,3361.5282015455,Sub-Saharan Africa 
Guinea,GIN,1983,2822.83932284682,Sub-Saharan Africa 
Guinea,GIN,1982,2272.63298724274,Sub-Saharan Africa 
Guinea,GIN,1981,1875.53966772396,Sub-Saharan Africa 
Guinea,GIN,1980,1930.99184257949,Sub-Saharan Africa 
Guinea,GIN,1979,1789.99554924567,Sub-Saharan Africa 
Guinea,GIN,1978,1657.96393230706,Sub-Saharan Africa 
Guinea,GIN,1977,1440.15766515101,Sub-Saharan Africa 
Guinea,GIN,1976,1430.66435286764,Sub-Saharan Africa 
Guinea,GIN,1975,1311.33051362563,Sub-Saharan Africa 
Guinea,GIN,1974,1242.5292252039,Sub-Saharan Africa 
Guinea,GIN,1973,1143.30003514078,Sub-Saharan Africa 
Guinea,GIN,1972,948.497421297055,Sub-Saharan Africa 
Guinea,GIN,1971,825.289977053096,Sub-Saharan Africa 
Guinea,GIN,1970,752.822503572388,Sub-Saharan Africa 
Guinea-Bissau,GNB,2025,1123.76679992349,Sub-Saharan Africa 
Guinea-Bissau,GNB,2024,998.376093392688,Sub-Saharan Africa 
Guinea-Bissau,GNB,2023,964.431832665395,Sub-Saharan Africa 
Guinea-Bissau,GNB,2022,881.602654162231,Sub-Saharan Africa 
Guinea-Bissau,GNB,2021,926.54619187706,Sub-Saharan Africa 
Guinea-Bissau,GNB,2020,846.918134967613,Sub-Saharan Africa 
Guinea-Bissau,GNB,2019,811.210004050041,Sub-Saharan Africa 
Guinea-Bissau,GNB,2018,808.531613218504,Sub-Saharan Africa 
Guinea-Bissau,GNB,2017,783.123186602022,Sub-Saharan Africa 
Guinea-Bissau,GNB,2016,679.665386626818,Sub-Saharan Africa 
Guinea-Bissau,GNB,2015,645.066837207039,Sub-Saharan Africa 
Guinea-Bissau,GNB,2014,652.022501029449,Sub-Saharan Africa 
Guinea-Bissau,GNB,2013,654.304534409417,Sub-Saharan Africa 
Guinea-Bissau,GNB,2012,635.461653303881,Sub-Saharan Africa 
Guinea-Bissau,GNB,2011,719.539573498937,Sub-Saharan Africa 
Guinea-Bissau,GNB,2010,600.194298540768,Sub-Saharan Africa 
Guinea-Bissau,GNB,2009,583.190020139094,Sub-Saharan Africa 
Guinea-Bissau,GNB,2008,640.210331101753,Sub-Saharan Africa 
Guinea-Bissau,GNB,2007,519.069789794741,Sub-Saharan Africa 
Guinea-Bissau,GNB,2006,448.513075469701,Sub-Saharan Africa 
Guinea-Bissau,GNB,2005,463.073962650452,Sub-Saharan Africa 
Guinea-Bissau,GNB,2004,431.376557669634,Sub-Saharan Africa 
Guinea-Bissau,GNB,2003,419.78486611807,Sub-Saharan Africa 
Guinea-Bissau,GNB,2002,362.034574570354,Sub-Saharan Africa 
Guinea-Bissau,GNB,2001,327.138431972397,Sub-Saharan Africa 
Guinea-Bissau,GNB,2000,316.945495037639,Sub-Saharan Africa 
Guinea-Bissau,GNB,1999,478.733190989909,Sub-Saharan Africa 
Guinea-Bissau,GNB,1998,497.724279563733,Sub-Saharan Africa 
Guinea-Bissau,GNB,1997,598.953470198484,Sub-Saharan Africa 
Guinea-Bissau,GNB,1996,614.729892454585,Sub-Saharan Africa 
Guinea-Bissau,GNB,1995,589.487023081945,Sub-Saharan Africa 
Guinea-Bissau,GNB,1994,560.883422537973,Sub-Saharan Africa 
Guinea-Bissau,GNB,1993,581.612681813953,Sub-Saharan Africa 
Guinea-Bissau,GNB,1992,574.32110641811,Sub-Saharan Africa 
Guinea-Bissau,GNB,1991,672.07387884966,Sub-Saharan Africa 
Guinea-Bissau,GNB,1990,651.337640650994,Sub-Saharan Africa 
Guinea-Bissau,GNB,1989,578.490985831256,Sub-Saharan Africa 
Guinea-Bissau,GNB,1988,453.807472688208,Sub-Saharan Africa 
Guinea-Bissau,GNB,1987,487.551949436993,Sub-Saharan Africa 
Guinea-Bissau,GNB,1986,371.137575913103,Sub-Saharan Africa 
Guinea-Bissau,GNB,1985,416.576139998898,Sub-Saharan Africa 
Guinea-Bissau,GNB,1984,407.439444684912,Sub-Saharan Africa 
Guinea-Bissau,GNB,1983,488.993892322107,Sub-Saharan Africa 
Guinea-Bissau,GNB,1982,502.732266005568,Sub-Saharan Africa 
Guinea-Bissau,GNB,1981,477.46389637563,Sub-Saharan Africa 
Guinea-Bissau,GNB,1980,346.855441567554,Sub-Saharan Africa 
Guinea-Bissau,GNB,1979,375.845330171625,Sub-Saharan Africa 
Guinea-Bissau,GNB,1978,402.777525700936,Sub-Saharan Africa 
Guinea-Bissau,GNB,1977,402.906587803326,Sub-Saharan Africa 
Guinea-Bissau,GNB,1976,420.852937438178,Sub-Saharan Africa 
Guinea-Bissau,GNB,1975,435.217809874848,Sub-Saharan Africa 
Guinea-Bissau,GNB,1974,418.643114014064,Sub-Saharan Africa 
Guinea-Bissau,GNB,1973,391.9165756129,Sub-Saharan Africa 
Guinea-Bissau,GNB,1972,388.643761374553,Sub-Saharan Africa 
Guinea-Bissau,GNB,1971,348.277009620267,Sub-Saharan Africa 
Guinea-Bissau,GNB,1970,350.221594962107,Sub-Saharan Africa 
Guyana,GUY,2025,32413.7930757518,Latin America & Caribbean 
Guyana,GUY,2024,29675.2501582835,Latin America & Caribbean 
Guyana,GUY,2023,20473.7002190617,Latin America & Caribbean 
Guyana,GUY,2022,17913.4928066879,Latin America & Caribbean 
Guyana,GUY,2021,9860.87014834386,Latin America & Caribbean 
Guyana,GUY,2020,6775.70939096303,Latin America & Caribbean 
Guyana,GUY,2019,6405.82443444562,Latin America & Caribbean 
Guyana,GUY,2018,6048.38697180418,Latin America & Caribbean 
Guyana,GUY,2017,6178.6650437298,Latin America & Caribbean 
Guyana,GUY,2016,5870.87823759835,Latin America & Caribbean 
Guyana,GUY,2015,5640.41560569466,Latin America & Caribbean 
Guyana,GUY,2014,5472.68820452237,Latin America & Caribbean 
Guyana,GUY,2013,5556.91231156932,Latin America & Caribbean 
Guyana,GUY,2012,5444.39751913913,Latin America & Caribbean 
Guyana,GUY,2011,4947.22170589917,Latin America & Caribbean 
Guyana,GUY,2010,4581.76179693492,Latin America & Caribbean 
Guyana,GUY,2009,4209.13230624565,Latin America & Caribbean 
Guyana,GUY,2008,4008.9628671603,Latin America & Caribbean 
Guyana,GUY,2007,3608.28685240188,Latin America & Caribbean 
Guyana,GUY,2006,3135.60553528326,Latin America & Caribbean 
Guyana,GUY,2005,1084.06541388904,Latin America & Caribbean 
Guyana,GUY,2004,1033.31030902188,Latin America & Caribbean 
Guyana,GUY,2003,973.742598054188,Latin America & Caribbean 
Guyana,GUY,2002,950.866932470993,Latin America & Caribbean 
Guyana,GUY,2001,931.574723847673,Latin America & Caribbean 
Guyana,GUY,2000,931.796651718955,Latin America & Caribbean 
Guyana,GUY,1999,908.790631391797,Latin America & Caribbean 
Guyana,GUY,1998,939.685488169724,Latin America & Caribbean 
Guyana,GUY,1997,982.804753805587,Latin America & Caribbean 
Guyana,GUY,1996,927.523847211669,Latin America & Caribbean 
Guyana,GUY,1995,819.668541584905,Latin America & Caribbean 
Guyana,GUY,1994,721.437561135572,Latin America & Caribbean 
Guyana,GUY,1993,603.084316652805,Latin America & Caribbean 
Guyana,GUY,1992,498.156636569954,Latin America & Caribbean 
Guyana,GUY,1991,466.039938988882,Latin America & Caribbean 
Guyana,GUY,1990,528.851095342994,Latin America & Caribbean 
Guyana,GUY,1989,503.109019103922,Latin America & Caribbean 
Guyana,GUY,1988,544.715209244099,Latin America & Caribbean 
Guyana,GUY,1987,464.052566270711,Latin America & Caribbean 
Guyana,GUY,1986,657.014000212061,Latin America & Caribbean 
Guyana,GUY,1985,587.818395225034,Latin America & Caribbean 
Guyana,GUY,1984,565.33443558244,Latin America & Caribbean 
Guyana,GUY,1983,630.672779209107,Latin America & Caribbean 
Guyana,GUY,1982,620.564636570569,Latin America & Caribbean 
Guyana,GUY,1981,734.567458871119,Latin America & Caribbean 
Guyana,GUY,1980,778.958814102357,Latin America & Caribbean 
Guyana,GUY,1979,688.827652838343,Latin America & Caribbean 
Guyana,GUY,1978,663.208586084495,Latin America & Caribbean 
Guyana,GUY,1977,592.99759837818,Latin America & Caribbean 
Guyana,GUY,1976,604.105267775602,Latin America & Caribbean 
Guyana,GUY,1975,663.799722651899,Latin America & Caribbean 
Guyana,GUY,1974,587.968877003464,Latin America & Caribbean 
Guyana,GUY,1973,420.533678630093,Latin America & Caribbean 
Guyana,GUY,1972,395.474264576572,Latin America & Caribbean 
Guyana,GUY,1971,395.769663599294,Latin America & Caribbean 
Guyana,GUY,1970,381.098754100227,Latin America & Caribbean 
Guyana,GUY,1969,361.187616176221,Latin America & Caribbean 
Guyana,GUY,1968,339.786441079035,Latin America & Caribbean 
Guyana,GUY,1967,377.732621967981,Latin America & Caribbean 
Guyana,GUY,1966,352.589675035291,Latin America & Caribbean 
Guyana,GUY,1965,335.73593687831,Latin America & Caribbean 
Guyana,GUY,1964,313.261161893769,Latin America & Caribbean 
Guyana,GUY,1963,288.820390442321,Latin America & Caribbean 
Guyana,GUY,1962,327.392579238974,Latin America & Caribbean 
Guyana,GUY,1961,319.017754796284,Latin America & Caribbean 
Guyana,GUY,1960,299.074645785091,Latin America & Caribbean 
Haiti,HTI,2025,2694.18969101404,Latin America & Caribbean 
Haiti,HTI,2024,2060.35591768638,Latin America & Caribbean 
Haiti,HTI,2023,1681.84407667059,Latin America & Caribbean 
Haiti,HTI,2022,1748.40890116803,Latin America & Caribbean 
Haiti,HTI,2021,1824.6798742577,Latin America & Caribbean 
Haiti,HTI,2020,1290.32538667383,Latin America & Caribbean 
Haiti,HTI,2019,1352.17204191532,Latin America & Caribbean 
Haiti,HTI,2018,1496.38048970156,Latin America & Caribbean 
Haiti,HTI,2017,1395.23945184461,Latin America & Caribbean 
Haiti,HTI,2016,1318.40268167953,Latin America & Caribbean 
Haiti,HTI,2015,1411.12684746796,Latin America & Caribbean 
Haiti,HTI,2014,1460.18898613914,Latin America & Caribbean 
Haiti,HTI,2013,1457.83221179626,Latin America & Caribbean 
Haiti,HTI,2012,1361.39396587374,Latin America & Caribbean 
Haiti,HTI,2011,1312.03953552013,Latin America & Caribbean 
Haiti,HTI,2010,1209.72733503094,Latin America & Caribbean 
Haiti,HTI,2009,1196.8528706018,Latin America & Caribbean 
Haiti,HTI,2008,1094.66058421644,Latin America & Caribbean 
Haiti,HTI,2007,984.566983448521,Latin America & Caribbean 
Haiti,HTI,2006,828.805700289589,Latin America & Caribbean 
Haiti,HTI,2005,775.845704056916,Latin America & Caribbean 
Haiti,HTI,2004,683.185298155273,Latin America & Caribbean 
Haiti,HTI,2003,578.995291079709,Latin America & Caribbean 
Haiti,HTI,2002,720.969568042522,Latin America & Caribbean 
Haiti,HTI,2001,748.821159844528,Latin America & Caribbean 
Haiti,HTI,2000,820.600046761464,Latin America & Caribbean 
Haiti,HTI,1999,509.578585275375,Latin America & Caribbean 
Haiti,HTI,1998,465.363306259051,Latin America & Caribbean 
Haiti,HTI,1997,425.111085879256,Latin America & Caribbean 
Haiti,HTI,1996,377.229465025972,Latin America & Caribbean 
Haiti,HTI,1995,372.006104665125,Latin America & Caribbean 
Haiti,HTI,1994,292.134224374091,Latin America & Caribbean 
Haiti,HTI,1993,258.066372258817,Latin America & Caribbean 
Haiti,HTI,1992,316.276513134354,Latin America & Caribbean 
Haiti,HTI,1991,496.545987433864,Latin America & Caribbean 
Haiti,HTI,1990,451.720249689216,Latin America & Caribbean 
Haiti,HTI,1989,407.498708064211,Latin America & Caribbean 
Haiti,HTI,1988,397.365336276412,Latin America & Caribbean 
Haiti,HTI,1987,317.635520687503,Latin America & Caribbean 
Haiti,HTI,1986,366.997344256492,Latin America & Caribbean 
Haiti,HTI,1985,324.575156092964,Latin America & Caribbean 
Haiti,HTI,1984,299.247186216373,Latin America & Caribbean 
Haiti,HTI,1983,272.823694996686,Latin America & Caribbean 
Haiti,HTI,1982,252.607250558051,Latin America & Caribbean 
Haiti,HTI,1981,258.468043101302,Latin America & Caribbean 
Haiti,HTI,1980,246.46927157982,Latin America & Caribbean 
Haiti,HTI,1979,196.20196855612,Latin America & Caribbean 
Haiti,HTI,1978,180.321253919424,Latin America & Caribbean 
Haiti,HTI,1977,178.696912675895,Latin America & Caribbean 
Haiti,HTI,1976,169.091888071558,Latin America & Caribbean 
Haiti,HTI,1975,133.631792050575,Latin America & Caribbean 
Haiti,HTI,1974,113.039260601755,Latin America & Caribbean 
Haiti,HTI,1973,95.1341802581181,Latin America & Caribbean 
Haiti,HTI,1972,77.2765182599349,Latin America & Caribbean 
Haiti,HTI,1971,76.8116150679491,Latin America & Caribbean 
Haiti,HTI,1970,71.4543990624631,Latin America & Caribbean 
Haiti,HTI,1969,86.1269803448153,Latin America & Caribbean 
Haiti,HTI,1968,82.4057717596557,Latin America & Caribbean 
Haiti,HTI,1967,84.217267674485,Latin America & Caribbean 
Haiti,HTI,1966,85.7493738145357,Latin America & Caribbean 
Haiti,HTI,1965,83.6332514169638,Latin America & Caribbean 
Haiti,HTI,1964,78.4520158485608,Latin America & Caribbean 
Haiti,HTI,1963,72.3983493523801,Latin America & Caribbean 
Haiti,HTI,1962,70.4464617057034,Latin America & Caribbean 
Haiti,HTI,1961,68.99056510131,Latin America & Caribbean 
Haiti,HTI,1960,70.8024454423715,Latin America & Caribbean 
Honduras,HND,2025,3598.21450440452,Latin America & Caribbean 
Honduras,HND,2024,3415.96027916712,Latin America & Caribbean 
Honduras,HND,2023,3227.45762509776,Latin America & Caribbean 
Honduras,HND,2022,3003.28996826399,Latin America & Caribbean 
Honduras,HND,2021,2735.14751503977,Latin America & Caribbean 
Honduras,HND,2020,2307.61494319511,Latin America & Caribbean 
Honduras,HND,2019,2502.32744328073,Latin America & Caribbean 
Honduras,HND,2018,2464.64241531918,Latin America & Caribbean 
Honduras,HND,2017,2413.0076562942,Latin America & Caribbean 
Honduras,HND,2016,2307.34468351082,Latin America & Caribbean 
Honduras,HND,2015,2271.20265980349,Latin America & Caribbean 
Honduras,HND,2014,2179.88171977271,Latin America & Caribbean 
Honduras,HND,2013,2081.12843527945,Latin America & Caribbean 
Honduras,HND,2012,2126.03474686503,Latin America & Caribbean 
Honduras,HND,2011,2073.66121088074,Latin America & Caribbean 
Honduras,HND,2010,1893.32722662035,Latin America & Caribbean 
Honduras,HND,2009,1781.15703614674,Latin America & Caribbean 
Honduras,HND,2008,1732.49062702803,Latin America & Caribbean 
Honduras,HND,2007,1577.73789197407,Latin America & Caribbean 
Honduras,HND,2006,1425.84780051892,Latin America & Caribbean 
Honduras,HND,2005,1304.70039153826,Latin America & Caribbean 
Honduras,HND,2004,1215.13995412761,Latin America & Caribbean 
Honduras,HND,2003,1156.08162681357,Latin America & Caribbean 
Honduras,HND,2002,1132.49965345317,Latin America & Caribbean 
Honduras,HND,2001,1132.1648753329,Latin America & Caribbean 
Honduras,HND,2000,1092.56400746252,Latin America & Caribbean 
Honduras,HND,1999,999.004383328908,Latin America & Caribbean 
Honduras,HND,1998,988.655986927253,Latin America & Caribbean 
Honduras,HND,1997,917.272651200904,Latin America & Caribbean 
Honduras,HND,1996,812.817047602244,Latin America & Caribbean 
Honduras,HND,1995,814.049075569071,Latin America & Caribbean 
Honduras,HND,1994,735.886147157389,Latin America & Caribbean 
Honduras,HND,1993,772.74224772986,Latin America & Caribbean 
Honduras,HND,1992,782.111518709432,Latin America & Caribbean 
Honduras,HND,1991,722.000657931123,Latin America & Caribbean 
Honduras,HND,1990,749.818113552631,Latin America & Caribbean 
Honduras,HND,1989,903.767650161806,Latin America & Caribbean 
Honduras,HND,1988,1039.29410284648,Latin America & Caribbean 
Honduras,HND,1987,1097.85859892373,Latin America & Caribbean 
Honduras,HND,1986,1057.81228119586,Latin America & Caribbean 
Honduras,HND,1985,1001.1467980095,Latin America & Caribbean 
Honduras,HND,1984,959.534269081039,Latin America & Caribbean 
Honduras,HND,1983,941.732746077043,Latin America & Caribbean 
Honduras,HND,1982,914.30883859664,Latin America & Caribbean 
Honduras,HND,1981,911.505037511277,Latin America & Caribbean 
Honduras,HND,1980,854.374079228412,Latin America & Caribbean 
Honduras,HND,1979,768.717733232899,Latin America & Caribbean 
Honduras,HND,1978,682.834193371888,Latin America & Caribbean 
Honduras,HND,1977,559.250644740346,Latin America & Caribbean 
Honduras,HND,1976,482.416373927479,Latin America & Caribbean 
Honduras,HND,1975,416.521307238993,Latin America & Caribbean 
Honduras,HND,1974,400.988955544745,Latin America & Caribbean 
Honduras,HND,1973,374.668702396507,Latin America & Caribbean 
Honduras,HND,1972,352.711426613473,Latin America & Caribbean 
Honduras,HND,1971,338.123400136033,Latin America & Caribbean 
Honduras,HND,1970,328.787242589654,Latin America & Caribbean 
Honduras,HND,1969,316.220454040742,Latin America & Caribbean 
Honduras,HND,1968,314.474382938748,Latin America & Caribbean 
Honduras,HND,1967,298.155994803561,Latin America & Caribbean 
Honduras,HND,1966,282.88534468771,Latin America & Caribbean 
Honduras,HND,1965,273.877577290856,Latin America & Caribbean 
Honduras,HND,1964,255.903509094727,Latin America & Caribbean 
Honduras,HND,1963,246.561283063044,Latin America & Caribbean 
Honduras,HND,1962,244.01209130438,Latin America & Caribbean 
Honduras,HND,1961,237.266657929647,Latin America & Caribbean 
Honduras,HND,1960,230.667390861566,Latin America & Caribbean 
"Hong Kong SAR, China",HKG,2025,56983.0663059906,East Asia & Pacific
"Hong Kong SAR, China",HKG,2024,54274.7547767073,East Asia & Pacific
"Hong Kong SAR, China",HKG,2023,50525.1119312663,East Asia & Pacific
"Hong Kong SAR, China",HKG,2022,48825.0272275805,East Asia & Pacific
"Hong Kong SAR, China",HKG,2021,49770.5642374739,East Asia & Pacific
"Hong Kong SAR, China",HKG,2020,46109.2299946609,East Asia & Pacific
"Hong Kong SAR, China",HKG,2019,48359.0011950597,East Asia & Pacific
"Hong Kong SAR, China",HKG,2018,48537.5668888343,East Asia & Pacific
"Hong Kong SAR, China",HKG,2017,46160.429791493,East Asia & Pacific
"Hong Kong SAR, China",HKG,2016,43734.1980702999,East Asia & Pacific
"Hong Kong SAR, China",HKG,2015,42432.1619740441,East Asia & Pacific
"Hong Kong SAR, China",HKG,2014,40315.3739510191,East Asia & Pacific
"Hong Kong SAR, China",HKG,2013,38403.7777145477,East Asia & Pacific
"Hong Kong SAR, China",HKG,2012,36730.796195815,East Asia & Pacific
"Hong Kong SAR, China",HKG,2011,35142.4879344543,East Asia & Pacific
"Hong Kong SAR, China",HKG,2010,32550.136489179,East Asia & Pacific
"Hong Kong SAR, China",HKG,2009,30697.5383861641,East Asia & Pacific
"Hong Kong SAR, China",HKG,2008,31515.5292103443,East Asia & Pacific
"Hong Kong SAR, China",HKG,2007,30593.9511738646,East Asia & Pacific
"Hong Kong SAR, China",HKG,2006,28224.0951563146,East Asia & Pacific
"Hong Kong SAR, China",HKG,2005,26649.637724155,East Asia & Pacific
"Hong Kong SAR, China",HKG,2004,24928.1003722551,East Asia & Pacific
"Hong Kong SAR, China",HKG,2003,23977.1734120477,East Asia & Pacific
"Hong Kong SAR, China",HKG,2002,24665.8362318216,East Asia & Pacific
"Hong Kong SAR, China",HKG,2001,25230.3780910304,East Asia & Pacific
"Hong Kong SAR, China",HKG,2000,25756.7728723704,East Asia & Pacific
"Hong Kong SAR, China",HKG,1999,25091.6665997966,East Asia & Pacific
"Hong Kong SAR, China",HKG,1998,25808.8609899709,East Asia & Pacific
"Hong Kong SAR, China",HKG,1997,27330.0933613355,East Asia & Pacific
"Hong Kong SAR, China",HKG,1996,24818.3021600084,East Asia & Pacific
"Hong Kong SAR, China",HKG,1995,23497.3920767477,East Asia & Pacific
"Hong Kong SAR, China",HKG,1994,22502.5302426236,East Asia & Pacific
"Hong Kong SAR, China",HKG,1993,20395.5621886121,East Asia & Pacific
"Hong Kong SAR, China",HKG,1992,17976.4688629053,East Asia & Pacific
"Hong Kong SAR, China",HKG,1991,15465.9245305858,East Asia & Pacific
"Hong Kong SAR, China",HKG,1990,13485.6314525052,East Asia & Pacific
"Hong Kong SAR, China",HKG,1989,12097.7487914553,East Asia & Pacific
"Hong Kong SAR, China",HKG,1988,10609.7456394545,East Asia & Pacific
"Hong Kong SAR, China",HKG,1987,9071.39076473445,East Asia & Pacific
"Hong Kong SAR, China",HKG,1986,7434.99925513073,East Asia & Pacific
"Hong Kong SAR, China",HKG,1985,6542.97352840976,East Asia & Pacific
"Hong Kong SAR, China",HKG,1984,6208.22615937199,East Asia & Pacific
"Hong Kong SAR, China",HKG,1983,5595.26055343754,East Asia & Pacific
"Hong Kong SAR, China",HKG,1982,6133.7668997328,East Asia & Pacific
"Hong Kong SAR, China",HKG,1981,5991.28488804536,East Asia & Pacific
"Hong Kong SAR, China",HKG,1980,5700.43210891578,East Asia & Pacific
"Hong Kong SAR, China",HKG,1979,4569.4838495588,East Asia & Pacific
"Hong Kong SAR, China",HKG,1978,3923.9713784987,East Asia & Pacific
"Hong Kong SAR, China",HKG,1977,3429.42027607254,East Asia & Pacific
"Hong Kong SAR, China",HKG,1976,2850.0146101832,East Asia & Pacific
"Hong Kong SAR, China",HKG,1975,2252.12694057369,East Asia & Pacific
"Hong Kong SAR, China",HKG,1974,2144.61495884823,East Asia & Pacific
"Hong Kong SAR, China",HKG,1973,1893.18124189464,East Asia & Pacific
"Hong Kong SAR, China",HKG,1972,1384.7342645141,East Asia & Pacific
"Hong Kong SAR, China",HKG,1971,1106.46971695915,East Asia & Pacific
"Hong Kong SAR, China",HKG,1970,960.031961510704,East Asia & Pacific
"Hong Kong SAR, China",HKG,1969,825.523449142012,East Asia & Pacific
"Hong Kong SAR, China",HKG,1968,714.48296958061,East Asia & Pacific
"Hong Kong SAR, China",HKG,1967,723.239225616661,East Asia & Pacific
"Hong Kong SAR, China",HKG,1966,685.926614135084,East Asia & Pacific
"Hong Kong SAR, China",HKG,1965,676.805507110096,East Asia & Pacific
"Hong Kong SAR, China",HKG,1964,629.591525784494,East Asia & Pacific
"Hong Kong SAR, China",HKG,1963,565.727810358046,East Asia & Pacific
"Hong Kong SAR, China",HKG,1962,487.821134050813,East Asia & Pacific
"Hong Kong SAR, China",HKG,1961,436.754411520393,East Asia & Pacific
"Hong Kong SAR, China",HKG,1960,426.773807917233,East Asia & Pacific
Hungary,HUN,2025,25907.4743259406,Europe & Central Asia
Hungary,HUN,2024,23305.4482514359,Europe & Central Asia
Hungary,HUN,2023,22208.6509820466,Europe & Central Asia
Hungary,HUN,2022,18428.028825614,Europe & Central Asia
Hungary,HUN,2021,19030.628130329,Europe & Central Asia
Hungary,HUN,2020,16386.9308821258,Europe & Central Asia
Hungary,HUN,2019,17012.8598553199,Europe & Central Asia
Hungary,HUN,2018,16605.0570511887,Europe & Central Asia
Hungary,HUN,2017,14736.1668157258,Europe & Central Asia
Hungary,HUN,2016,13215.8605277789,Europe & Central Asia
Hungary,HUN,2015,12782.9412577973,Europe & Central Asia
Hungary,HUN,2014,14352.501883174,Europe & Central Asia
Hungary,HUN,2013,13739.4620151401,Europe & Central Asia
Hungary,HUN,2012,12950.1594488143,Europe & Central Asia
Hungary,HUN,2011,14211.460557822,Europe & Central Asia
Hungary,HUN,2010,13189.8433874768,Europe & Central Asia
Hungary,HUN,2009,13051.1831777184,Europe & Central Asia
Hungary,HUN,2008,15762.6322515113,Europe & Central Asia
Hungary,HUN,2007,13934.605460375,Europe & Central Asia
Hungary,HUN,2006,11478.4891640501,Europe & Central Asia
Hungary,HUN,2005,11212.2046968994,Europe & Central Asia
Hungary,HUN,2004,10291.2694721409,Europe & Central Asia
Hungary,HUN,2003,8410.09248198479,Europe & Central Asia
Hungary,HUN,2002,6658.04494326809,Europe & Central Asia
Hungary,HUN,2001,5280.94887987063,Europe & Central Asia
Hungary,HUN,2000,4629.91760812548,Europe & Central Asia
Hungary,HUN,1999,4801.95949584162,Europe & Central Asia
Hungary,HUN,1998,4751.7732430202,Europe & Central Asia
Hungary,HUN,1997,4606.0569733295,Europe & Central Asia
Hungary,HUN,1996,4542.0120380978,Europe & Central Asia
Hungary,HUN,1995,4509.41740910077,Europe & Central Asia
Hungary,HUN,1994,4187.0311799663,Europe & Central Asia
Hungary,HUN,1993,3886.66608419616,Europe & Central Asia
Hungary,HUN,1992,3747.32966394956,Europe & Central Asia
Hungary,HUN,1991,3361.22268037924,Europe & Central Asia
Hungary,HUN,1990,3323.53967237633,Europe & Central Asia
Hungary,HUN,1989,2902.43508126549,Europe & Central Asia
Hungary,HUN,1988,2812.23754602897,Europe & Central Asia
Hungary,HUN,1987,2565.9739107384,Europe & Central Asia
Hungary,HUN,1986,2330.84188308476,Europe & Central Asia
Hungary,HUN,1985,2020.02286569062,Europe & Central Asia
Hungary,HUN,1984,1991.23894795513,Europe & Central Asia
Hungary,HUN,1983,2049.71617921793,Europe & Central Asia
Hungary,HUN,1982,2255.06405686887,Europe & Central Asia
Hungary,HUN,1981,2213.05267699322,Europe & Central Asia
Hungary,HUN,1980,2158.22181355246,Europe & Central Asia
Hungary,HUN,1979,1864.67188851588,Europe & Central Asia
Hungary,HUN,1978,1617.87853402771,Europe & Central Asia
Hungary,HUN,1977,1388.39509904029,Europe & Central Asia
Hungary,HUN,1976,1248.79851313891,Europe & Central Asia
Hungary,HUN,1975,1083.47473343284,Europe & Central Asia
Hungary,HUN,1974,955.874207823024,Europe & Central Asia
Hungary,HUN,1973,875.981999921224,Europe & Central Asia
Hungary,HUN,1972,709.652502602719,Europe & Central Asia
Hungary,HUN,1971,606.852738581394,Europe & Central Asia
Hungary,HUN,1970,559.197091346639,Europe & Central Asia
Hungary,HUN,1969,527.231617602682,Europe & Central Asia
Hungary,HUN,1968,476.434350138292,Europe & Central Asia
Iceland,ISL,2025,98323.4849517418,Europe & Central Asia
Iceland,ISL,2024,85863.1479330343,Europe & Central Asia
Iceland,ISL,2023,82201.2908518078,Europe & Central Asia
Iceland,ISL,2022,76376.9599334915,Europe & Central Asia
Iceland,ISL,2021,70425.4064277273,Europe & Central Asia
Iceland,ISL,2020,60127.9393575616,Europe & Central Asia
Iceland,ISL,2019,69296.3144361601,Europe & Central Asia
Iceland,ISL,2018,75633.8651351915,Europe & Central Asia
Iceland,ISL,2017,72976.3729990975,Europe & Central Asia
Iceland,ISL,2016,62854.0906407932,Europe & Central Asia
Iceland,ISL,2015,53505.6964079339,Europe & Central Asia
Iceland,ISL,2014,55140.364935793,Europe & Central Asia
Iceland,ISL,2013,50173.3360061057,Europe & Central Asia
Iceland,ISL,2012,46594.9869146614,Europe & Central Asia
Iceland,ISL,2011,48254.953927254,Europe & Central Asia
Iceland,ISL,2010,43776.4677400475,Europe & Central Asia
Iceland,ISL,2009,41483.7843682814,Europe & Central Asia
Iceland,ISL,2008,57489.3399795216,Europe & Central Asia
Iceland,ISL,2007,70483.0117228535,Europe & Central Asia
Iceland,ISL,2006,58172.1426656622,Europe & Central Asia
Iceland,ISL,2005,57783.7745608117,Europe & Central Asia
Iceland,ISL,2004,47809.6073050042,Europe & Central Asia
Iceland,ISL,2003,39944.2104095591,Europe & Central Asia
Iceland,ISL,2002,32749.379004627,Europe & Central Asia
Iceland,ISL,2001,29208.1981853568,Europe & Central Asia
Iceland,ISL,2000,32503.578963236,Europe & Central Asia
Iceland,ISL,1999,32834.4215745364,Europe & Central Asia
Iceland,ISL,1998,31519.1647473126,Europe & Central Asia
Iceland,ISL,1997,28461.7664095122,Europe & Central Asia
Iceland,ISL,1996,28583.5208959793,Europe & Central Asia
Iceland,ISL,1995,27564.569102386,Europe & Central Asia
Iceland,ISL,1994,24858.2031335605,Europe & Central Asia
Iceland,ISL,1993,24404.0275812365,Europe & Central Asia
Iceland,ISL,1992,28072.4041083276,Europe & Central Asia
Iceland,ISL,1991,27739.8886025504,Europe & Central Asia
Iceland,ISL,1990,26272.2452156659,Europe & Central Asia
Iceland,ISL,1989,23218.5398304599,Europe & Central Asia
Iceland,ISL,1988,25306.6926061001,Europe & Central Asia
Iceland,ISL,1987,23238.0398336304,Europe & Central Asia
Iceland,ISL,1986,16979.5217287811,Europe & Central Asia
Iceland,ISL,1985,12793.2725790514,Europe & Central Asia
Iceland,ISL,1984,12377.5860216394,Europe & Central Asia
Iceland,ISL,1983,12079.7974639769,Europe & Central Asia
Iceland,ISL,1982,14191.030215493,Europe & Central Asia
Iceland,ISL,1981,15666.3769807272,Europe & Central Asia
Iceland,ISL,1980,15339.9112964156,Europe & Central Asia
Iceland,ISL,1979,13082.4948327554,Europe & Central Asia
Iceland,ISL,1978,11629.5158682259,Europe & Central Asia
Iceland,ISL,1977,10305.3113349502,Europe & Central Asia
Iceland,ISL,1976,7848.3489698757,Europe & Central Asia
Iceland,ISL,1975,6679.78429144579,Europe & Central Asia
Iceland,ISL,1974,7286.65658517311,Europe & Central Asia
Iceland,ISL,1973,5627.40706667636,Europe & Central Asia
Iceland,ISL,1972,4155.18509800672,Europe & Central Asia
Iceland,ISL,1971,3365.77524019906,Europe & Central Asia
Iceland,ISL,1970,2666.41186614479,Europe & Central Asia
Iceland,ISL,1969,2142.21248048432,Europe & Central Asia
Iceland,ISL,1968,2473.42372591393,Europe & Central Asia
Iceland,ISL,1967,3283.55115538008,Europe & Central Asia
Iceland,ISL,1966,3378.14472198321,Europe & Central Asia
Iceland,ISL,1965,2861.10787055081,Europe & Central Asia
Iceland,ISL,1964,2414.00707361378,Europe & Central Asia
Iceland,ISL,1963,1924.23982220827,Europe & Central Asia
Iceland,ISL,1962,1641.15155373051,Europe & Central Asia
Iceland,ISL,1961,1489.76679890669,Europe & Central Asia
Iceland,ISL,1960,1486.46439009414,Europe & Central Asia
India,IND,2025,2702.47987141553,South Asia
India,IND,2024,2591.9916607122,South Asia
India,IND,2023,2434.44826340989,South Asia
India,IND,2022,2279.98145719369,South Asia
India,IND,2021,2239.61384367482,South Asia
India,IND,2020,1907.04251637669,South Asia
India,IND,2019,2041.42863698585,South Asia
India,IND,2018,1966.25455171679,South Asia
India,IND,2017,1950.10468280866,South Asia
India,IND,2016,1707.50892912243,South Asia
India,IND,2015,1583.99815907985,South Asia
India,IND,2014,1553.88396075118,South Asia
India,IND,2013,1432.84397512195,South Asia
India,IND,2012,1429.32199520032,South Asia
India,IND,2011,1445.46127486037,South Asia
India,IND,2010,1347.51939071367,South Asia
India,IND,2009,1094.94974598436,South Asia
India,IND,2008,992.519584923828,South Asia
India,IND,2007,1021.88707706826,South Asia
India,IND,2006,801.668353659022,South Asia
India,IND,2005,710.488080408949,South Asia
India,IND,2004,624.258826510066,South Asia
India,IND,2003,544.143133545002,South Asia
India,IND,2002,469.149928973927,South Asia
India,IND,2001,450.357900514128,South Asia
India,IND,2000,442.750218937263,South Asia
India,IND,1999,441.927991436397,South Asia
India,IND,1998,413.630864056851,South Asia
India,IND,1997,416.228116203753,South Asia
India,IND,1996,401.046754673579,South Asia
India,IND,1995,375.17600537305,South Asia
India,IND,1994,347.73421473994,South Asia
India,IND,1993,302.884806246174,South Asia
India,IND,1992,319.182472626315,South Asia
India,IND,1991,305.574055928592,South Asia
India,IND,1990,371.085936203765,South Asia
India,IND,1989,349.915155021864,South Asia
India,IND,1988,358.484539641693,South Asia
India,IND,1987,344.941028293075,South Asia
India,IND,1986,314.897116402542,South Asia
India,IND,1985,300.928258576378,South Asia
India,IND,1984,281.049867840717,South Asia
India,IND,1983,295.999773299382,South Asia
India,IND,1982,278.65038258267,South Asia
India,IND,1981,274.964330768528,South Asia
India,IND,1980,271.080945953678,South Asia
India,IND,1979,227.958179873426,South Asia
India,IND,1978,209.389063573463,South Asia
India,IND,1977,189.585568552477,South Asia
India,IND,1976,164.119999587322,South Asia
India,IND,1975,161.086694022079,South Asia
India,IND,1974,166.699661755332,South Asia
India,IND,1973,146.568492582405,South Asia
India,IND,1972,125.270705961882,South Asia
India,IND,1971,120.680595539912,South Asia
India,IND,1970,114.35532002008,South Asia
India,IND,1969,109.477664384288,South Asia
India,IND,1968,101.556802521195,South Asia
India,IND,1967,97.9951481214155,South Asia
India,IND,1966,91.0276950517841,South Asia
India,IND,1965,121.50831902883,South Asia
India,IND,1964,117.856430772855,South Asia
India,IND,1963,103.435021262932,South Asia
India,IND,1962,92.1999583629516,South Asia
India,IND,1961,87.8538613470205,South Asia
India,IND,1960,84.9328084793106,South Asia
Indonesia,IDN,2025,5059.62596411213,East Asia & Pacific
Indonesia,IDN,2024,4925.43644992666,East Asia & Pacific
Indonesia,IDN,2023,4876.2992959843,East Asia & Pacific
Indonesia,IDN,2022,4730.83484836107,East Asia & Pacific
Indonesia,IDN,2021,4287.17313995098,East Asia & Pacific
Indonesia,IDN,2020,3853.70288774146,East Asia & Pacific
Indonesia,IDN,2019,4106.94856160358,East Asia & Pacific
Indonesia,IDN,2018,3860.95353090726,East Asia & Pacific
Indonesia,IDN,2017,3798.88326174526,East Asia & Pacific
Indonesia,IDN,2016,3521.46943457574,East Asia & Pacific
Indonesia,IDN,2015,3288.22269725538,East Asia & Pacific
Indonesia,IDN,2014,3441.06808464008,East Asia & Pacific
Indonesia,IDN,2013,3566.60284506078,East Asia & Pacific
Indonesia,IDN,2012,3632.27254030331,East Asia & Pacific
Indonesia,IDN,2011,3579.46442466152,East Asia & Pacific
Indonesia,IDN,2010,3065.68348377765,East Asia & Pacific
Indonesia,IDN,2009,2218.48541852977,East Asia & Pacific
Indonesia,IDN,2008,2124.55483920618,East Asia & Pacific
Indonesia,IDN,2007,1823.21976255073,East Asia & Pacific
Indonesia,IDN,2006,1558.31562847163,East Asia & Pacific
Indonesia,IDN,2005,1238.21447629488,East Asia & Pacific
Indonesia,IDN,2004,1126.84004447173,East Asia & Pacific
Indonesia,IDN,2003,1043.2105838671,East Asia & Pacific
Indonesia,IDN,2002,881.002913569131,East Asia & Pacific
Indonesia,IDN,2001,732.307093405708,East Asia & Pacific
Indonesia,IDN,2000,763.711124950924,East Asia & Pacific
Indonesia,IDN,1999,657.268934667018,East Asia & Pacific
Indonesia,IDN,1998,454.877800792123,East Asia & Pacific
Indonesia,IDN,1997,1044.60674832472,East Asia & Pacific
Indonesia,IDN,1996,1118.92133024129,East Asia & Pacific
Indonesia,IDN,1995,1011.22614205568,East Asia & Pacific
Indonesia,IDN,1994,899.793982949817,East Asia & Pacific
Indonesia,IDN,1993,817.395116417856,East Asia & Pacific
Indonesia,IDN,1992,673.67103954742,East Asia & Pacific
Indonesia,IDN,1991,624.387495384411,East Asia & Pacific
Indonesia,IDN,1990,578.420121135382,East Asia & Pacific
Indonesia,IDN,1989,524.143027322576,East Asia & Pacific
Indonesia,IDN,1988,476.662483405818,East Asia & Pacific
Indonesia,IDN,1987,437.60655039936,East Asia & Pacific
Indonesia,IDN,1986,469.834241253429,East Asia & Pacific
Indonesia,IDN,1985,511.400883618027,East Asia & Pacific
Indonesia,IDN,1984,519.774063103241,East Asia & Pacific
Indonesia,IDN,1983,507.682945653414,East Asia & Pacific
Indonesia,IDN,1982,577.745632722784,East Asia & Pacific
Indonesia,IDN,1981,560.830336032961,East Asia & Pacific
Indonesia,IDN,1980,486.620172021155,East Asia & Pacific
Indonesia,IDN,1979,353.424175826329,East Asia & Pacific
Indonesia,IDN,1978,362.483779779007,East Asia & Pacific
Indonesia,IDN,1977,330.670214101079,East Asia & Pacific
Indonesia,IDN,1976,275.713167824796,East Asia & Pacific
Indonesia,IDN,1975,231.060120618497,East Asia & Pacific
Indonesia,IDN,1974,200.710984454591,East Asia & Pacific
Indonesia,IDN,1973,129.886231088685,East Asia & Pacific
Indonesia,IDN,1972,90.1147549138956,East Asia & Pacific
Indonesia,IDN,1971,78.5428393869752,East Asia & Pacific
Indonesia,IDN,1970,79.118823484002,East Asia & Pacific
Indonesia,IDN,1969,74.0988114128793,East Asia & Pacific
Indonesia,IDN,1968,64.6547730642556,East Asia & Pacific
Indonesia,IDN,1967,53.2051866988581,East Asia & Pacific
"Iran, Islamic Rep.",IRN,2025,3924.38017821898,"Middle East, North Africa, Afghanistan & Pakistan"
"Iran, Islamic Rep.",IRN,2024,5190.16959024821,"Middle East, North Africa, Afghanistan & Pakistan"
"Iran, Islamic Rep.",IRN,2023,5049.29931642754,"Middle East, North Africa, Afghanistan & Pakistan"
"Iran, Islamic Rep.",IRN,2022,4721.20437099984,"Middle East, North Africa, Afghanistan & Pakistan"
"Iran, Islamic Rep.",IRN,2021,4605.14881318992,"Middle East, North Africa, Afghanistan & Pakistan"
"Iran, Islamic Rep.",IRN,2020,3202.50003502169,"Middle East, North Africa, Afghanistan & Pakistan"
"Iran, Islamic Rep.",IRN,2019,3997.4935449585,"Middle East, North Africa, Afghanistan & Pakistan"
"Iran, Islamic Rep.",IRN,2018,4783.01067340237,"Middle East, North Africa, Afghanistan & Pakistan"
"Iran, Islamic Rep.",IRN,2017,6000.93346404409,"Middle East, North Africa, Afghanistan & Pakistan"
"Iran, Islamic Rep.",IRN,2016,5710.59947089104,"Middle East, North Africa, Afghanistan & Pakistan"
"Iran, Islamic Rep.",IRN,2015,4952.73355532178,"Middle East, North Africa, Afghanistan & Pakistan"
"Iran, Islamic Rep.",IRN,2014,5672.06372896319,"Middle East, North Africa, Afghanistan & Pakistan"
"Iran, Islamic Rep.",IRN,2013,6222.74194840326,"Middle East, North Africa, Afghanistan & Pakistan"
"Iran, Islamic Rep.",IRN,2012,8114.08099831877,"Middle East, North Africa, Afghanistan & Pakistan"
"Iran, Islamic Rep.",IRN,2011,8025.68743364356,"Middle East, North Africa, Afghanistan & Pakistan"
"Iran, Islamic Rep.",IRN,2010,6291.19443655454,"Middle East, North Africa, Afghanistan & Pakistan"
"Iran, Islamic Rep.",IRN,2009,5415.52280553446,"Middle East, North Africa, Afghanistan & Pakistan"
"Iran, Islamic Rep.",IRN,2008,5377.4115072957,"Middle East, North Africa, Afghanistan & Pakistan"
"Iran, Islamic Rep.",IRN,2007,4687.99166260718,"Middle East, North Africa, Afghanistan & Pakistan"
"Iran, Islamic Rep.",IRN,2006,3618.91601364428,"Middle East, North Africa, Afghanistan & Pakistan"
"Iran, Islamic Rep.",IRN,2005,3132.0508192007,"Middle East, North Africa, Afghanistan & Pakistan"
"Iran, Islamic Rep.",IRN,2004,2672.4226651404,"Middle East, North Africa, Afghanistan & Pakistan"
"Iran, Islamic Rep.",IRN,2003,2208.99636552406,"Middle East, North Africa, Afghanistan & Pakistan"
"Iran, Islamic Rep.",IRN,2002,1891.25756091033,"Middle East, North Africa, Afghanistan & Pakistan"
"Iran, Islamic Rep.",IRN,2001,1881.02266635283,"Middle East, North Africa, Afghanistan & Pakistan"
"Iran, Islamic Rep.",IRN,2000,1650.01385833785,"Middle East, North Africa, Afghanistan & Pakistan"
"Iran, Islamic Rep.",IRN,1999,1739.59462001458,"Middle East, North Africa, Afghanistan & Pakistan"
"Iran, Islamic Rep.",IRN,1998,1709.19334096046,"Middle East, North Africa, Afghanistan & Pakistan"
"Iran, Islamic Rep.",IRN,1997,1790.06617575598,"Middle East, North Africa, Afghanistan & Pakistan"
"Iran, Islamic Rep.",IRN,1996,1914.78121294313,"Middle East, North Africa, Afghanistan & Pakistan"
"Iran, Islamic Rep.",IRN,1995,1550.0095955025,"Middle East, North Africa, Afghanistan & Pakistan"
"Iran, Islamic Rep.",IRN,1994,1167.76272513795,"Middle East, North Africa, Afghanistan & Pakistan"
"Iran, Islamic Rep.",IRN,1993,1038.10985682067,"Middle East, North Africa, Afghanistan & Pakistan"
"Iran, Islamic Rep.",IRN,1992,1957.48507794252,"Middle East, North Africa, Afghanistan & Pakistan"
"Iran, Islamic Rep.",IRN,1991,2194.43906803657,"Middle East, North Africa, Afghanistan & Pakistan"
"Iran, Islamic Rep.",IRN,1990,2137.94222739877,"Middle East, North Africa, Afghanistan & Pakistan"
"Iran, Islamic Rep.",IRN,1989,2124.97214820344,"Middle East, North Africa, Afghanistan & Pakistan"
"Iran, Islamic Rep.",IRN,1988,2234.46235141335,"Middle East, North Africa, Afghanistan & Pakistan"
"Iran, Islamic Rep.",IRN,1987,2513.15111564745,"Middle East, North Africa, Afghanistan & Pakistan"
"Iran, Islamic Rep.",IRN,1986,4064.34667297515,"Middle East, North Africa, Afghanistan & Pakistan"
"Iran, Islamic Rep.",IRN,1985,3634.03209560745,"Middle East, North Africa, Afghanistan & Pakistan"
"Iran, Islamic Rep.",IRN,1984,3395.33697556582,"Middle East, North Africa, Afghanistan & Pakistan"
"Iran, Islamic Rep.",IRN,1983,3397.06140021273,"Middle East, North Africa, Afghanistan & Pakistan"
"Iran, Islamic Rep.",IRN,1982,2844.87611384065,"Middle East, North Africa, Afghanistan & Pakistan"
"Iran, Islamic Rep.",IRN,1981,2393.44985576145,"Middle East, North Africa, Afghanistan & Pakistan"
"Iran, Islamic Rep.",IRN,1980,2368.39285730478,"Middle East, North Africa, Afghanistan & Pakistan"
"Iran, Islamic Rep.",IRN,1979,2352.42655152643,"Middle East, North Africa, Afghanistan & Pakistan"
"Iran, Islamic Rep.",IRN,1978,2100.77015324703,"Middle East, North Africa, Afghanistan & Pakistan"
"Iran, Islamic Rep.",IRN,1977,2243.05559538309,"Middle East, North Africa, Afghanistan & Pakistan"
"Iran, Islamic Rep.",IRN,1976,1953.51969678549,"Middle East, North Africa, Afghanistan & Pakistan"
"Iran, Islamic Rep.",IRN,1975,1531.70617122603,"Middle East, North Africa, Afghanistan & Pakistan"
"Iran, Islamic Rep.",IRN,1974,1408.96571902093,"Middle East, North Africa, Afghanistan & Pakistan"
"Iran, Islamic Rep.",IRN,1973,850.560177143749,"Middle East, North Africa, Afghanistan & Pakistan"
"Iran, Islamic Rep.",IRN,1972,554.748034126016,"Middle East, North Africa, Afghanistan & Pakistan"
"Iran, Islamic Rep.",IRN,1971,457.283638013187,"Middle East, North Africa, Afghanistan & Pakistan"
"Iran, Islamic Rep.",IRN,1970,376.606879152564,"Middle East, North Africa, Afghanistan & Pakistan"
"Iran, Islamic Rep.",IRN,1969,344.60168745738,"Middle East, North Africa, Afghanistan & Pakistan"
"Iran, Islamic Rep.",IRN,1968,314.285456656503,"Middle East, North Africa, Afghanistan & Pakistan"
"Iran, Islamic Rep.",IRN,1967,283.733705768331,"Middle East, North Africa, Afghanistan & Pakistan"
"Iran, Islamic Rep.",IRN,1966,262.877683796365,"Middle East, North Africa, Afghanistan & Pakistan"
"Iran, Islamic Rep.",IRN,1965,247.526675505342,"Middle East, North Africa, Afghanistan & Pakistan"
"Iran, Islamic Rep.",IRN,1964,221.731727810865,"Middle East, North Africa, Afghanistan & Pakistan"
"Iran, Islamic Rep.",IRN,1963,209.559376274106,"Middle East, North Africa, Afghanistan & Pakistan"
"Iran, Islamic Rep.",IRN,1962,205.786809656996,"Middle East, North Africa, Afghanistan & Pakistan"
"Iran, Islamic Rep.",IRN,1961,200.081529294917,"Middle East, North Africa, Afghanistan & Pakistan"
"Iran, Islamic Rep.",IRN,1960,195.57752721271,"Middle East, North Africa, Afghanistan & Pakistan"
Iraq,IRQ,2025,5409.67899716967,"Middle East, North Africa, Afghanistan & Pakistan"
Iraq,IRQ,2024,6073.61032342708,"Middle East, North Africa, Afghanistan & Pakistan"
Iraq,IRQ,2023,5965.31835077761,"Middle East, North Africa, Afghanistan & Pakistan"
Iraq,IRQ,2022,6520.73154560584,"Middle East, North Africa, Afghanistan & Pakistan"
Iraq,IRQ,2021,4868.49431080783,"Middle East, North Africa, Afghanistan & Pakistan"
Iraq,IRQ,2020,4295.18945121228,"Middle East, North Africa, Afghanistan & Pakistan"
Iraq,IRQ,2019,5671.8568632942,"Middle East, North Africa, Afghanistan & Pakistan"
Iraq,IRQ,2018,5646.68932074742,"Middle East, North Africa, Afghanistan & Pakistan"
Iraq,IRQ,2017,4759.2846435467,"Middle East, North Africa, Afghanistan & Pakistan"
Iraq,IRQ,2016,4334.42096404188,"Middle East, North Africa, Afghanistan & Pakistan"
Iraq,IRQ,2015,4440.14189252367,"Middle East, North Africa, Afghanistan & Pakistan"
Iraq,IRQ,2014,6249.39226978969,"Middle East, North Africa, Afghanistan & Pakistan"
Iraq,IRQ,2013,6650.35282247395,"Middle East, North Africa, Afghanistan & Pakistan"
Iraq,IRQ,2012,6477.59618450955,"Middle East, North Africa, Afghanistan & Pakistan"
Iraq,IRQ,2011,5775.54229080293,"Middle East, North Africa, Afghanistan & Pakistan"
Iraq,IRQ,2010,4461.75196161555,"Middle East, North Africa, Afghanistan & Pakistan"
Iraq,IRQ,2009,3714.71205987194,"Middle East, North Africa, Afghanistan & Pakistan"
Iraq,IRQ,2008,4542.96609046032,"Middle East, North Africa, Afghanistan & Pakistan"
Iraq,IRQ,2007,3128.99010329066,"Middle East, North Africa, Afghanistan & Pakistan"
Iraq,IRQ,2006,2276.55435744086,"Middle East, North Africa, Afghanistan & Pakistan"
Iraq,IRQ,2005,1762.39360423421,"Middle East, North Africa, Afghanistan & Pakistan"
Iraq,IRQ,2004,1328.37157628292,"Middle East, North Africa, Afghanistan & Pakistan"
Iraq,IRQ,2003,817.887862499622,"Middle East, North Africa, Afghanistan & Pakistan"
Iraq,IRQ,2002,1266.15961275094,"Middle East, North Africa, Afghanistan & Pakistan"
Iraq,IRQ,2001,1435.695683789,"Middle East, North Africa, Afghanistan & Pakistan"
Iraq,IRQ,2000,1980.18916038782,"Middle East, North Africa, Afghanistan & Pakistan"
Iraq,IRQ,1999,1560.36466710272,"Middle East, North Africa, Afghanistan & Pakistan"
Iraq,IRQ,1998,900.937142559106,"Middle East, North Africa, Afghanistan & Pakistan"
Iraq,IRQ,1997,936.341170908421,"Middle East, North Africa, Afghanistan & Pakistan"
Iraq,IRQ,1996,485.258492784825,"Middle East, North Africa, Afghanistan & Pakistan"
Iraq,IRQ,1995,619.135530927038,"Middle East, North Africa, Afghanistan & Pakistan"
Iraq,IRQ,1994,198.182101881974,"Middle East, North Africa, Afghanistan & Pakistan"
Iraq,IRQ,1993,53.7437842348819,"Middle East, North Africa, Afghanistan & Pakistan"
Iraq,IRQ,1992,30.2539012636825,"Middle East, North Africa, Afghanistan & Pakistan"
Iraq,IRQ,1991,22.9521327615352,"Middle East, North Africa, Afghanistan & Pakistan"
Iraq,IRQ,1990,10261.4157706888,"Middle East, North Africa, Afghanistan & Pakistan"
Iraq,IRQ,1989,3791.17027583399,"Middle East, North Africa, Afghanistan & Pakistan"
Iraq,IRQ,1988,3707.20841763297,"Middle East, North Africa, Afghanistan & Pakistan"
Iraq,IRQ,1987,3436.4763126353,"Middle East, North Africa, Afghanistan & Pakistan"
Iraq,IRQ,1986,2940.40623181091,"Middle East, North Africa, Afghanistan & Pakistan"
Iraq,IRQ,1985,3087.66394151806,"Middle East, North Africa, Afghanistan & Pakistan"
Iraq,IRQ,1984,3065.7178266236,"Middle East, North Africa, Afghanistan & Pakistan"
Iraq,IRQ,1983,2743.35449218755,"Middle East, North Africa, Afghanistan & Pakistan"
Iraq,IRQ,1982,2941.9748125381,"Middle East, North Africa, Afghanistan & Pakistan"
Iraq,IRQ,1981,2700.41204790874,"Middle East, North Africa, Afghanistan & Pakistan"
Iraq,IRQ,1980,3867.64500744262,"Middle East, North Africa, Afghanistan & Pakistan"
Iraq,IRQ,1979,2871.32952195974,"Middle East, North Africa, Afghanistan & Pakistan"
Iraq,IRQ,1978,1863.21761229727,"Middle East, North Africa, Afghanistan & Pakistan"
Iraq,IRQ,1977,1608.79545129648,"Middle East, North Africa, Afghanistan & Pakistan"
Iraq,IRQ,1976,1488.54335200482,"Middle East, North Africa, Afghanistan & Pakistan"
Iraq,IRQ,1975,1165.88163945653,"Middle East, North Africa, Afghanistan & Pakistan"
Iraq,IRQ,1974,1031.25081332691,"Middle East, North Africa, Afghanistan & Pakistan"
Iraq,IRQ,1973,475.586335675674,"Middle East, North Africa, Afghanistan & Pakistan"
Iraq,IRQ,1972,394.41834302923,"Middle East, North Africa, Afghanistan & Pakistan"
Iraq,IRQ,1971,383.550287036941,"Middle East, North Africa, Afghanistan & Pakistan"
Iraq,IRQ,1970,337.042912609442,"Middle East, North Africa, Afghanistan & Pakistan"
Iraq,IRQ,1969,319.860143218706,"Middle East, North Africa, Afghanistan & Pakistan"
Iraq,IRQ,1968,318.832552563525,"Middle East, North Africa, Afghanistan & Pakistan"
Iraq,IRQ,1967,290.643664484678,"Middle East, North Africa, Afghanistan & Pakistan"
Iraq,IRQ,1966,298.205666763491,"Middle East, North Africa, Afghanistan & Pakistan"
Iraq,IRQ,1965,284.77757098584,"Middle East, North Africa, Afghanistan & Pakistan"
Iraq,IRQ,1964,269.423092996101,"Middle East, North Africa, Afghanistan & Pakistan"
Iraq,IRQ,1963,235.513623763733,"Middle East, North Africa, Afghanistan & Pakistan"
Iraq,IRQ,1962,240.653442461626,"Middle East, North Africa, Afghanistan & Pakistan"
Iraq,IRQ,1961,232.392612190864,"Middle East, North Africa, Afghanistan & Pakistan"
Iraq,IRQ,1960,218.917802531101,"Middle East, North Africa, Afghanistan & Pakistan"
Ireland,IRL,2025,131592.462547877,Europe & Central Asia
Ireland,IRL,2024,112894.953240805,Europe & Central Asia
Ireland,IRL,2023,106818.917130804,Europe & Central Asia
Ireland,IRL,2022,105190.685952731,Europe & Central Asia
Ireland,IRL,2021,103783.446284479,Europe & Central Asia
Ireland,IRL,2020,86514.0706108754,Europe & Central Asia
Ireland,IRL,2019,81827.6688873996,Europe & Central Asia
Ireland,IRL,2018,80804.1123164826,Europe & Central Asia
Ireland,IRL,2017,72161.4047531385,Europe & Central Asia
Ireland,IRL,2016,64129.5571542383,Europe & Central Asia
Ireland,IRL,2015,64250.1385181257,Europe & Central Asia
Ireland,IRL,2014,57214.5379785709,Europe & Central Asia
Ireland,IRL,2013,52537.6108648692,Europe & Central Asia
Ireland,IRL,2012,49335.8408099555,Europe & Central Asia
Ireland,IRL,2011,52613.8540355689,Europe & Central Asia
Ireland,IRL,2010,48623.9666422487,Europe & Central Asia
Ireland,IRL,2009,52133.0906162544,Europe & Central Asia
Ireland,IRL,2008,61353.1065629523,Europe & Central Asia
Ireland,IRL,2007,61396.417461176,Europe & Central Asia
Ireland,IRL,2006,54329.1618599624,Europe & Central Asia
Ireland,IRL,2005,50933.0216095589,Europe & Central Asia
Ireland,IRL,2004,47754.2023194244,Europe & Central Asia
Ireland,IRL,2003,41203.5295847568,Europe & Central Asia
Ireland,IRL,2002,32705.4345565698,Europe & Central Asia
Ireland,IRL,2001,28282.409882073,Europe & Central Asia
Ireland,IRL,2000,26334.5672050501,Europe & Central Asia
Ireland,IRL,1999,26338.1077543817,Europe & Central Asia
Ireland,IRL,1998,24294.8547674007,Europe & Central Asia
Ireland,IRL,1997,22551.1139134126,Europe & Central Asia
Ireland,IRL,1996,20835.8977130847,Europe & Central Asia
Ireland,IRL,1995,19158.4564773907,Europe & Central Asia
Ireland,IRL,1994,15902.9296755168,Europe & Central Asia
Ireland,IRL,1993,14657.0615549805,Europe & Central Asia
Ireland,IRL,1992,15714.3847487231,Europe & Central Asia
Ireland,IRL,1991,14087.2074393708,Europe & Central Asia
Ireland,IRL,1990,14031.3025675469,Europe & Central Asia
Ireland,IRL,1989,11175.816603647,Europe & Central Asia
Ireland,IRL,1988,10715.8702780539,Europe & Central Asia
Ireland,IRL,1987,9581.91308572415,Europe & Central Asia
Ireland,IRL,1986,8112.17136316453,Europe & Central Asia
Ireland,IRL,1985,6011.7355464232,Europe & Central Asia
Ireland,IRL,1984,5692.02738597285,Europe & Central Asia
Ireland,IRL,1983,5915.24177164341,Europe & Central Asia
Ireland,IRL,1982,6160.63829313723,Europe & Central Asia
Ireland,IRL,1981,5986.1541089392,Europe & Central Asia
Ireland,IRL,1980,6372.43777545453,Europe & Central Asia
Ireland,IRL,1979,5429.96200087479,Europe & Central Asia
Ireland,IRL,1978,4399.98680535092,Europe & Central Asia
Ireland,IRL,1977,3427.0734359204,Europe & Central Asia
Ireland,IRL,1976,2919.58308695615,Europe & Central Asia
Ireland,IRL,1975,2973.40012301715,Europe & Central Asia
Ireland,IRL,1974,2516.92768605196,Europe & Central Asia
Ireland,IRL,1973,2424.26904706558,Europe & Central Asia
Ireland,IRL,1972,2080.46514718169,Europe & Central Asia
Ireland,IRL,1971,1703.93218277317,Europe & Central Asia
Ireland,IRL,1970,1486.51452734638,Europe & Central Asia
Ireland,IRL,1969,1330.78329549951,Europe & Central Asia
Ireland,IRL,1968,1158.85549787929,Europe & Central Asia
Ireland,IRL,1967,1187.18321236576,Europe & Central Asia
Ireland,IRL,1966,1107.31823034754,Europe & Central Asia
Ireland,IRL,1965,1055.03624701098,Europe & Central Asia
Ireland,IRL,1964,994.607331611746,Europe & Central Asia
Ireland,IRL,1963,878.156576476286,Europe & Central Asia
Ireland,IRL,1962,821.344113076887,Europe & Central Asia
Ireland,IRL,1961,761.851359570018,Europe & Central Asia
Ireland,IRL,1960,706.551022345168,Europe & Central Asia
Isle of Man,IMN,2023,90015.2074234398,Europe & Central Asia
Isle of Man,IMN,2022,88328.548125887,Europe & Central Asia
Isle of Man,IMN,2021,94299.969348965,Europe & Central Asia
Isle of Man,IMN,2020,79513.5330346598,Europe & Central Asia
Isle of Man,IMN,2019,87127.5517977404,Europe & Central Asia
Isle of Man,IMN,2018,89393.8244248812,Europe & Central Asia
Isle of Man,IMN,2017,83481.3038489014,Europe & Central Asia
Isle of Man,IMN,2016,82025.9454509241,Europe & Central Asia
Isle of Man,IMN,2015,84753.5187422732,Europe & Central Asia
Isle of Man,IMN,2014,91885.4528718026,Europe & Central Asia
Isle of Man,IMN,2013,83207.6588430451,Europe & Central Asia
Isle of Man,IMN,2012,79329.2034347434,Europe & Central Asia
Isle of Man,IMN,2011,77808.8579649376,Europe & Central Asia
Isle of Man,IMN,2010,70587.3140283741,Europe & Central Asia
Isle of Man,IMN,2009,66156.105656847,Europe & Central Asia
Isle of Man,IMN,2008,72276.7741329461,Europe & Central Asia
Isle of Man,IMN,2007,55040.2437046236,Europe & Central Asia
Isle of Man,IMN,2006,42627.5089352891,Europe & Central Asia
Isle of Man,IMN,2005,38135.8597885858,Europe & Central Asia
Isle of Man,IMN,2004,35564.6023910146,Europe & Central Asia
Isle of Man,IMN,2003,28861.6178062918,Europe & Central Asia
Isle of Man,IMN,2002,24471.0798814847,Europe & Central Asia
Isle of Man,IMN,2001,21819.7123825606,Europe & Central Asia
Isle of Man,IMN,2000,21161.3963073772,Europe & Central Asia
Isle of Man,IMN,1999,21042.1461816648,Europe & Central Asia
Isle of Man,IMN,1998,18753.1202301034,Europe & Central Asia
Isle of Man,IMN,1997,16160.7112518361,Europe & Central Asia
Isle of Man,IMN,1996,13979.8454930411,Europe & Central Asia
Isle of Man,IMN,1995,12896.5252829716,Europe & Central Asia
Isle of Man,IMN,1994,11708.2857474351,Europe & Central Asia
Isle of Man,IMN,1993,10818.5139663414,Europe & Central Asia
Isle of Man,IMN,1992,12150.8545456352,Europe & Central Asia
Isle of Man,IMN,1991,11768.1058977186,Europe & Central Asia
Isle of Man,IMN,1990,11049.8949396235,Europe & Central Asia
Isle of Man,IMN,1989,9110.77499886082,Europe & Central Asia
Isle of Man,IMN,1988,8768.79053218172,Europe & Central Asia
Isle of Man,IMN,1987,7012.1421130624,Europe & Central Asia
Isle of Man,IMN,1986,5507.18003873984,Europe & Central Asia
Isle of Man,IMN,1985,3980.23093051439,Europe & Central Asia
Isle of Man,IMN,1984,3892.81857107699,Europe & Central Asia
Israel,ISR,2025,60336.8477964194,"Middle East, North Africa, Afghanistan & Pakistan"
Israel,ISR,2024,54216.5218142787,"Middle East, North Africa, Afghanistan & Pakistan"
Israel,ISR,2023,52126.4489280033,"Middle East, North Africa, Afghanistan & Pakistan"
Israel,ISR,2022,54947.2091250715,"Middle East, North Africa, Afghanistan & Pakistan"
Israel,ISR,2021,52258.4693499398,"Middle East, North Africa, Afghanistan & Pakistan"
Israel,ISR,2020,44590.8237253282,"Middle East, North Africa, Afghanistan & Pakistan"
Israel,ISR,2019,44091.8678022544,"Middle East, North Africa, Afghanistan & Pakistan"
Israel,ISR,2018,42269.3770257585,"Middle East, North Africa, Afghanistan & Pakistan"
Israel,ISR,2017,41013.2575323519,"Middle East, North Africa, Afghanistan & Pakistan"
Israel,ISR,2016,37571.2561196275,"Middle East, North Africa, Afghanistan & Pakistan"
Israel,ISR,2015,36138.13561386,"Middle East, North Africa, Afghanistan & Pakistan"
Israel,ISR,2014,38265.3651949373,"Middle East, North Africa, Afghanistan & Pakistan"
Israel,ISR,2013,36980.622214228,"Middle East, North Africa, Afghanistan & Pakistan"
Israel,ISR,2012,33268.7066672115,"Middle East, North Africa, Afghanistan & Pakistan"
Israel,ISR,2011,34476.7252065949,"Middle East, North Africa, Afghanistan & Pakistan"
Israel,ISR,2010,31398.9266927022,"Middle East, North Africa, Afghanistan & Pakistan"
Israel,ISR,2009,28469.6817348489,"Middle East, North Africa, Afghanistan & Pakistan"
Israel,ISR,2008,30231.0191013609,"Middle East, North Africa, Afghanistan & Pakistan"
Israel,ISR,2007,25688.901610248,"Middle East, North Africa, Afghanistan & Pakistan"
Israel,ISR,2006,22499.7541717986,"Middle East, North Africa, Afghanistan & Pakistan"
Israel,ISR,2005,21261.7474251846,"Middle East, North Africa, Afghanistan & Pakistan"
Israel,ISR,2004,20550.0694706176,"Middle East, North Africa, Afghanistan & Pakistan"
Israel,ISR,2003,19624.0321412582,"Middle East, North Africa, Afghanistan & Pakistan"
Israel,ISR,2002,19058.7462869465,"Middle East, North Africa, Afghanistan & Pakistan"
Israel,ISR,2001,20948.7745727671,"Middle East, North Africa, Afghanistan & Pakistan"
Israel,ISR,2000,21690.237340061,"Middle East, North Africa, Afghanistan & Pakistan"
Israel,ISR,1999,19808.8555169876,"Middle East, North Africa, Afghanistan & Pakistan"
Israel,ISR,1998,20175.625397054,"Middle East, North Africa, Afghanistan & Pakistan"
Israel,ISR,1997,20457.3857209047,"Middle East, North Africa, Afghanistan & Pakistan"
Israel,ISR,1996,20212.9229756617,"Middle East, North Africa, Afghanistan & Pakistan"
Israel,ISR,1995,19013.94330229,"Middle East, North Africa, Afghanistan & Pakistan"
Israel,ISR,1994,16796.463811535,"Middle East, North Africa, Afghanistan & Pakistan"
Israel,ISR,1993,15169.4731267116,"Middle East, North Africa, Afghanistan & Pakistan"
Israel,ISR,1992,15500.4201495689,"Middle East, North Africa, Afghanistan & Pakistan"
Israel,ISR,1991,14337.2280625182,"Middle East, North Africa, Afghanistan & Pakistan"
Israel,ISR,1990,13300.0985026479,"Middle East, North Africa, Afghanistan & Pakistan"
Israel,ISR,1989,11600.5127462448,"Middle East, North Africa, Afghanistan & Pakistan"
Israel,ISR,1988,11845.6681707365,"Middle East, North Africa, Afghanistan & Pakistan"
Israel,ISR,1987,9847.32839673896,"Middle East, North Africa, Afghanistan & Pakistan"
Israel,ISR,1986,8330.3190555308,"Middle East, North Africa, Afghanistan & Pakistan"
Israel,ISR,1985,6824.45042270889,"Middle East, North Africa, Afghanistan & Pakistan"
Israel,ISR,1984,7363.95669425997,"Middle East, North Africa, Afghanistan & Pakistan"
Israel,ISR,1983,7955.07704171781,"Middle East, North Africa, Afghanistan & Pakistan"
Israel,ISR,1982,7253.09649399706,"Middle East, North Africa, Afghanistan & Pakistan"
Israel,ISR,1981,6791.05685880676,"Middle East, North Africa, Afghanistan & Pakistan"
Israel,ISR,1980,6544.50362739779,"Middle East, North Africa, Afghanistan & Pakistan"
Israel,ISR,1979,5968.24843914695,"Middle East, North Africa, Afghanistan & Pakistan"
Israel,ISR,1978,4794.13643482063,"Middle East, North Africa, Afghanistan & Pakistan"
Israel,ISR,1977,5050.05464734453,"Middle East, North Africa, Afghanistan & Pakistan"
Israel,ISR,1976,4513.58700484185,"Middle East, North Africa, Afghanistan & Pakistan"
Israel,ISR,1975,4669.11904204137,"Middle East, North Africa, Afghanistan & Pakistan"
Israel,ISR,1974,5082.02840502237,"Middle East, North Africa, Afghanistan & Pakistan"
Israel,ISR,1973,3628.80694978589,"Middle East, North Africa, Afghanistan & Pakistan"
Israel,ISR,1972,2927.84825258392,"Middle East, North Africa, Afghanistan & Pakistan"
Israel,ISR,1971,2296.57604294835,"Middle East, North Africa, Afghanistan & Pakistan"
Israel,ISR,1970,2488.95164576854,"Middle East, North Africa, Afghanistan & Pakistan"
Israel,ISR,1969,2187.68382229652,"Middle East, North Africa, Afghanistan & Pakistan"
Israel,ISR,1968,1946.15038618968,"Middle East, North Africa, Afghanistan & Pakistan"
Israel,ISR,1967,1733.86080664945,"Middle East, North Africa, Afghanistan & Pakistan"
Israel,ISR,1966,1787.90326815958,"Middle East, North Africa, Afghanistan & Pakistan"
Israel,ISR,1965,1688.02690245959,"Middle East, North Africa, Afghanistan & Pakistan"
Israel,ISR,1964,1624.99451704719,"Middle East, North Africa, Afghanistan & Pakistan"
Israel,ISR,1963,1485.40019127208,"Middle East, North Africa, Afghanistan & Pakistan"
Israel,ISR,1962,1292.77087568172,"Middle East, North Africa, Afghanistan & Pakistan"
Israel,ISR,1961,1696.24617989795,"Middle East, North Africa, Afghanistan & Pakistan"
Israel,ISR,1960,1451.5903109258,"Middle East, North Africa, Afghanistan & Pakistan"
Italy,ITA,2025,43308.6403060733,Europe & Central Asia
Italy,ITA,2024,40429.6224047352,Europe & Central Asia
Italy,ITA,2023,39279.699782164,Europe & Central Asia
Italy,ITA,2022,35653.9042103495,Europe & Central Asia
Italy,ITA,2021,36852.5425414951,Europe & Central Asia
Italy,ITA,2020,32091.4866621366,Europe & Central Asia
Italy,ITA,2019,33812.788724868,Europe & Central Asia
Italy,ITA,2018,35062.3364176949,Europe & Central Asia
Italy,ITA,2017,32844.115660604,Europe & Central Asia
Italy,ITA,2016,31391.5692898108,Europe & Central Asia
Italy,ITA,2015,30639.8829751432,Europe & Central Asia
Italy,ITA,2014,36028.3494022349,Europe & Central Asia
Italy,ITA,2013,35701.6746002376,Europe & Central Asia
Italy,ITA,2012,34854.3949441965,Europe & Central Asia
Italy,ITA,2011,38432.3742820019,Europe & Central Asia
Italy,ITA,2010,35856.8625485539,Europe & Central Asia
Italy,ITA,2009,37099.6133958219,Europe & Central Asia
Italy,ITA,2008,40828.5795580937,Europe & Central Asia
Italy,ITA,2007,37826.1754554823,Europe & Central Asia
Italy,ITA,2006,33537.1286994269,Europe & Central Asia
Italy,ITA,2005,32062.723833669,Europe & Central Asia
Italy,ITA,2004,31348.1901841445,Europe & Central Asia
Italy,ITA,2003,27577.5700319855,Europe & Central Asia
Italy,ITA,2002,22451.3964379368,Europe & Central Asia
Italy,ITA,2001,20570.4385917862,Europe & Central Asia
Italy,ITA,2000,20190.0035636084,Europe & Central Asia
Italy,ITA,1999,22049.9990620261,Europe & Central Asia
Italy,ITA,1998,22365.1837644545,Europe & Central Asia
Italy,ITA,1997,21883.9872666651,Europe & Central Asia
Italy,ITA,1996,23122.9337219116,Europe & Central Asia
Italy,ITA,1995,20712.1798690324,Europe & Central Asia
Italy,ITA,1994,19382.2002150155,Europe & Central Asia
Italy,ITA,1993,18781.9529427137,Europe & Central Asia
Italy,ITA,1992,23297.0460325456,Europe & Central Asia
Italy,ITA,1991,22007.1350964074,Europe & Central Asia
Italy,ITA,1990,20873.7834092719,Europe & Central Asia
Italy,ITA,1989,16424.4301587005,Europe & Central Asia
Italy,ITA,1988,15780.9495122174,Europe & Central Asia
Italy,ITA,1987,14267.5368168757,Europe & Central Asia
Italy,ITA,1986,11341.0939892903,Europe & Central Asia
Italy,ITA,1985,8009.10347642127,Europe & Central Asia
Italy,ITA,1984,7757.55374836822,Europe & Central Asia
Italy,ITA,1983,7850.62789042275,Europe & Central Asia
Italy,ITA,1982,7573.93967597775,Europe & Central Asia
Italy,ITA,1981,7640.40241250516,Europe & Central Asia
Italy,ITA,1980,8476.41045000836,Europe & Central Asia
Italy,ITA,1979,7006.39699054556,Europe & Central Asia
Italy,ITA,1978,5623.42917622719,Europe & Central Asia
Italy,ITA,1977,4614.21004931651,Europe & Central Asia
Italy,ITA,1976,4042.39482463789,Europe & Central Asia
Italy,ITA,1975,4116.45964933054,Europe & Central Asia
Italy,ITA,1974,3629.49182319594,Europe & Central Asia
Italy,ITA,1973,3212.63949627574,Europe & Central Asia
Italy,ITA,1972,2677.29372999774,Europe & Central Asia
Italy,ITA,1971,2310.92376058816,Europe & Central Asia
Italy,ITA,1970,2111.71986404332,Europe & Central Asia
Italy,ITA,1969,1886.45002730465,Europe & Central Asia
Italy,ITA,1968,1718.49646427147,Europe & Central Asia
Italy,ITA,1967,1595.48578129215,Europe & Central Asia
Italy,ITA,1966,1458.94713889011,Europe & Central Asia
Italy,ITA,1965,1357.0106162201,Europe & Central Asia
Italy,ITA,1964,1271.80119301518,Europe & Central Asia
Italy,ITA,1963,1171.3869628098,Europe & Central Asia
Italy,ITA,1962,1030.15800343763,Europe & Central Asia
Italy,ITA,1961,923.08778375214,Europe & Central Asia
Italy,ITA,1960,836.905850281885,Europe & Central Asia
Jamaica,JAM,2025,8002.92104076242,Latin America & Caribbean 
Jamaica,JAM,2024,7753.8119527678,Latin America & Caribbean 
Jamaica,JAM,2023,7542.39855849054,Latin America & Caribbean 
Jamaica,JAM,2022,6626.47502388538,Latin America & Caribbean 
Jamaica,JAM,2021,5625.67806271236,Latin America & Caribbean 
Jamaica,JAM,2020,5299.04530804283,Latin America & Caribbean 
Jamaica,JAM,2019,6030.68896415921,Latin America & Caribbean 
Jamaica,JAM,2018,5976.90362644337,Latin America & Caribbean 
Jamaica,JAM,2017,5605.43541173019,Latin America & Caribbean 
Jamaica,JAM,2016,5302.29553353854,Latin America & Caribbean 
Jamaica,JAM,2015,5339.30718256806,Latin America & Caribbean 
Jamaica,JAM,2014,4975.11325459872,Latin America & Caribbean 
Jamaica,JAM,2013,5124.21301411137,Latin America & Caribbean 
Jamaica,JAM,2012,5340.83333232158,Latin America & Caribbean 
Jamaica,JAM,2011,5232.63644918132,Latin America & Caribbean 
Jamaica,JAM,2010,4809.977380312,Latin America & Caribbean 
Jamaica,JAM,2009,4428.38153333557,Latin America & Caribbean 
Jamaica,JAM,2008,5029.80095281745,Latin America & Caribbean 
Jamaica,JAM,2007,4716.48612542727,Latin America & Caribbean 
Jamaica,JAM,2006,4417.00127135363,Latin America & Caribbean 
Jamaica,JAM,2005,4184.43974867497,Latin America & Caribbean 
Jamaica,JAM,2004,3807.56293124552,Latin America & Caribbean 
Jamaica,JAM,2003,3549.70758394618,Latin America & Caribbean 
Jamaica,JAM,2002,3680.64551727724,Latin America & Caribbean 
Jamaica,JAM,2001,3503.55026688858,Latin America & Caribbean 
Jamaica,JAM,2000,3453.09252800226,Latin America & Caribbean 
Jamaica,JAM,1999,3431.56813468335,Latin America & Caribbean 
Jamaica,JAM,1998,3419.49352868739,Latin America & Caribbean 
Jamaica,JAM,1997,3296.91634805083,Latin America & Caribbean 
Jamaica,JAM,1996,2928.89692611996,Latin America & Caribbean 
Jamaica,JAM,1995,2630.84935382822,Latin America & Caribbean 
Jamaica,JAM,1994,2202.85831038471,Latin America & Caribbean 
Jamaica,JAM,1993,2220.51518327186,Latin America & Caribbean 
Jamaica,JAM,1992,1458.10146892635,Latin America & Caribbean 
Jamaica,JAM,1991,1710.30058243722,Latin America & Caribbean 
Jamaica,JAM,1990,1929.59891905857,Latin America & Caribbean 
Jamaica,JAM,1989,1864.98497550062,Latin America & Caribbean 
Jamaica,JAM,1988,1632.01481656159,Latin America & Caribbean 
Jamaica,JAM,1987,1410.84598702428,Latin America & Caribbean 
Jamaica,JAM,1986,1191.34976782142,Latin America & Caribbean 
Jamaica,JAM,1985,916.872292838674,Latin America & Caribbean 
Jamaica,JAM,1984,1048.13405395534,Latin America & Caribbean 
Jamaica,JAM,1983,1619.4784563122,Latin America & Caribbean 
Jamaica,JAM,1982,1494.40208283218,Latin America & Caribbean 
Jamaica,JAM,1981,1370.41277901541,Latin America & Caribbean 
Jamaica,JAM,1980,1248.74484727418,Latin America & Caribbean 
Jamaica,JAM,1979,1144.17562986584,Latin America & Caribbean 
Jamaica,JAM,1978,1262.40327239465,Latin America & Caribbean 
Jamaica,JAM,1977,1569.42127051131,Latin America & Caribbean 
Jamaica,JAM,1976,1449.977882067,Latin America & Caribbean 
Jamaica,JAM,1975,1416.77546764568,Latin America & Caribbean 
Jamaica,JAM,1974,1192.98569350958,Latin America & Caribbean 
Jamaica,JAM,1973,971.802513228502,Latin America & Caribbean 
Jamaica,JAM,1972,970.802906405502,Latin America & Caribbean 
Jamaica,JAM,1971,808.866506083755,Latin America & Caribbean 
Jamaica,JAM,1970,747.909399172491,Latin America & Caribbean 
Jamaica,JAM,1969,642.133421058915,Latin America & Caribbean 
Jamaica,JAM,1968,591.045817173244,Latin America & Caribbean 
Jamaica,JAM,1967,633.259680574944,Latin America & Caribbean 
Jamaica,JAM,1966,612.210363692586,Latin America & Caribbean 
Jamaica,JAM,1965,549.493560414107,Latin America & Caribbean 
Jamaica,JAM,1964,514.416511313452,Latin America & Caribbean 
Jamaica,JAM,1963,480.336499711715,Latin America & Caribbean 
Jamaica,JAM,1962,458.313997796567,Latin America & Caribbean 
Jamaica,JAM,1961,447.057273660594,Latin America & Caribbean 
Jamaica,JAM,1960,423.674098184095,Latin America & Caribbean 
Japan,JPN,2025,35951.0449549304,East Asia & Pacific
Japan,JPN,2024,33797.1014287876,East Asia & Pacific
Japan,JPN,2023,35215.003535366,East Asia & Pacific
Japan,JPN,2022,35548.2645222433,East Asia & Pacific
Japan,JPN,2021,41580.739040705,East Asia & Pacific
Japan,JPN,2020,41098.9739004553,East Asia & Pacific
Japan,JPN,2019,41424.8655601543,East Asia & Pacific
Japan,JPN,2018,40645.478086519,East Asia & Pacific
Japan,JPN,2017,39679.8635262948,East Asia & Pacific
Japan,JPN,2016,40214.9688631562,East Asia & Pacific
Japan,JPN,2015,35664.6446110613,East Asia & Pacific
Japan,JPN,2014,39172.8471161948,East Asia & Pacific
Japan,JPN,2013,41369.1948479498,East Asia & Pacific
Japan,JPN,2012,49626.6830327571,East Asia & Pacific
Japan,JPN,2011,49122.077634247,East Asia & Pacific
Japan,JPN,2010,45378.1378109399,East Asia & Pacific
Japan,JPN,2009,41678.1783063195,East Asia & Pacific
Japan,JPN,2008,40294.2081309702,East Asia & Pacific
Japan,JPN,2007,36129.9535132925,East Asia & Pacific
Japan,JPN,2006,36354.4271646349,East Asia & Pacific
Japan,JPN,2005,38158.6758263963,East Asia & Pacific
Japan,JPN,2004,38677.5708064787,East Asia & Pacific
Japan,JPN,2003,35808.6816792388,East Asia & Pacific
Japan,JPN,2002,33315.9165174962,East Asia & Pacific
Japan,JPN,2001,34910.166403687,East Asia & Pacific
Japan,JPN,2000,39752.937397755,East Asia & Pacific
Japan,JPN,1999,37028.7168989208,East Asia & Pacific
Japan,JPN,1998,32835.1192750829,East Asia & Pacific
Japan,JPN,1997,36331.0311480645,East Asia & Pacific
Japan,JPN,1996,39929.7185750327,East Asia & Pacific
Japan,JPN,1995,44947.4763611465,East Asia & Pacific
Japan,JPN,1994,40774.4450809919,East Asia & Pacific
Japan,JPN,1993,37110.6114371751,East Asia & Pacific
Japan,JPN,1992,32666.5024513195,East Asia & Pacific
Japan,JPN,1991,30048.1401766828,East Asia & Pacific
Japan,JPN,1990,26344.7273187725,East Asia & Pacific
Japan,JPN,1989,25798.0054757546,East Asia & Pacific
Japan,JPN,1988,26036.864097278,East Asia & Pacific
Japan,JPN,1987,21586.9260294922,East Asia & Pacific
Japan,JPN,1986,17819.3400779496,East Asia & Pacific
Japan,JPN,1985,12058.1469373485,East Asia & Pacific
Japan,JPN,1984,11443.4617086944,East Asia & Pacific
Japan,JPN,1983,10876.3275267125,East Asia & Pacific
Japan,JPN,1982,9985.92408278337,East Asia & Pacific
Japan,JPN,1981,10805.9900652449,East Asia & Pacific
Japan,JPN,1980,9872.35315959728,East Asia & Pacific
Japan,JPN,1979,9497.01423554433,East Asia & Pacific
Japan,JPN,1978,9201.91586719521,East Asia & Pacific
Japan,JPN,1977,6609.09338399173,East Asia & Pacific
Japan,JPN,1976,5422.25981204974,East Asia & Pacific
Japan,JPN,1975,4876.47163169944,East Asia & Pacific
Japan,JPN,1974,4541.99349265674,East Asia & Pacific
Japan,JPN,1973,4146.53123298424,East Asia & Pacific
Japan,JPN,1972,3095.27540388466,East Asia & Pacific
Japan,JPN,1971,2370.27536037237,East Asia & Pacific
Japan,JPN,1970,2144.98615266911,East Asia & Pacific
Japan,JPN,1969,1840.94789376713,East Asia & Pacific
Japan,JPN,1968,1585.98057427556,East Asia & Pacific
Japan,JPN,1967,1354.29188416199,East Asia & Pacific
Japan,JPN,1966,1167.69027982801,East Asia & Pacific
Japan,JPN,1965,1014.65899631996,East Asia & Pacific
Japan,JPN,1964,921.88053754104,East Asia & Pacific
Japan,JPN,1963,791.924737477456,East Asia & Pacific
Japan,JPN,1962,698.981262831415,East Asia & Pacific
Japan,JPN,1961,621.68620494448,East Asia & Pacific
Japan,JPN,1960,519.415170624485,East Asia & Pacific
Jordan,JOR,2025,5347.77731384797,"Middle East, North Africa, Afghanistan & Pakistan"
Jordan,JOR,2024,5073.92103605892,"Middle East, North Africa, Afghanistan & Pakistan"
Jordan,JOR,2023,4906.23543006639,"Middle East, North Africa, Afghanistan & Pakistan"
Jordan,JOR,2022,4754.41362207378,"Middle East, North Africa, Afghanistan & Pakistan"
Jordan,JOR,2021,4581.71967230365,"Middle East, North Africa, Afghanistan & Pakistan"
Jordan,JOR,2020,4411.48321838396,"Middle East, North Africa, Afghanistan & Pakistan"
Jordan,JOR,2019,4557.79334729121,"Middle East, North Africa, Afghanistan & Pakistan"
Jordan,JOR,2018,4533.97658437205,"Middle East, North Africa, Afghanistan & Pakistan"
Jordan,JOR,2017,4449.34618076611,"Middle East, North Africa, Afghanistan & Pakistan"
Jordan,JOR,2016,4366.06999647268,"Middle East, North Africa, Afghanistan & Pakistan"
Jordan,JOR,2015,4441.61896013754,"Middle East, North Africa, Afghanistan & Pakistan"
Jordan,JOR,2014,4610.60460269382,"Middle East, North Africa, Afghanistan & Pakistan"
Jordan,JOR,2013,4739.02253641778,"Middle East, North Africa, Afghanistan & Pakistan"
Jordan,JOR,2012,4593.83609729005,"Middle East, North Africa, Afghanistan & Pakistan"
Jordan,JOR,2011,4363.42800211536,"Middle East, North Africa, Afghanistan & Pakistan"
Jordan,JOR,2010,4139.04283161368,"Middle East, North Africa, Afghanistan & Pakistan"
Jordan,JOR,2009,3845.34388086274,"Middle East, North Africa, Afghanistan & Pakistan"
Jordan,JOR,2008,3669.83012701745,"Middle East, North Africa, Afghanistan & Pakistan"
Jordan,JOR,2007,2506.20599484139,"Middle East, North Africa, Afghanistan & Pakistan"
Jordan,JOR,2006,2342.63459574933,"Middle East, North Africa, Afghanistan & Pakistan"
Jordan,JOR,2005,2087.87079273635,"Middle East, North Africa, Afghanistan & Pakistan"
Jordan,JOR,2004,1940.08641342805,"Middle East, North Africa, Afghanistan & Pakistan"
Jordan,JOR,2003,1775.67625581432,"Middle East, North Africa, Afghanistan & Pakistan"
Jordan,JOR,2002,1706.26744384401,"Middle East, North Africa, Afghanistan & Pakistan"
Jordan,JOR,2001,1632.29454010563,"Middle East, North Africa, Afghanistan & Pakistan"
Jordan,JOR,2000,1570.61002940477,"Middle East, North Africa, Afghanistan & Pakistan"
Jordan,JOR,1999,1544.58750592979,"Middle East, North Africa, Afghanistan & Pakistan"
Jordan,JOR,1998,1532.11380395602,"Middle East, North Africa, Afghanistan & Pakistan"
Jordan,JOR,1997,1435.87593846863,"Middle East, North Africa, Afghanistan & Pakistan"
Jordan,JOR,1996,1410.17424189419,"Middle East, North Africa, Afghanistan & Pakistan"
Jordan,JOR,1995,1415.71151592128,"Middle East, North Africa, Afghanistan & Pakistan"
Jordan,JOR,1994,1367.18721776691,"Middle East, North Africa, Afghanistan & Pakistan"
Jordan,JOR,1993,1289.4145431007,"Middle East, North Africa, Afghanistan & Pakistan"
Jordan,JOR,1992,1286.6347360596,"Middle East, North Africa, Afghanistan & Pakistan"
Jordan,JOR,1991,1109.65564611997,"Middle East, North Africa, Afghanistan & Pakistan"
Jordan,JOR,1990,1148.59005469899,"Middle East, North Africa, Afghanistan & Pakistan"
Jordan,JOR,1989,1260.2518650001,"Middle East, North Africa, Afghanistan & Pakistan"
Jordan,JOR,1988,1965.98031813995,"Middle East, North Africa, Afghanistan & Pakistan"
Jordan,JOR,1987,2216.87045179385,"Middle East, North Africa, Afghanistan & Pakistan"
Jordan,JOR,1986,2200.10278230881,"Middle East, North Africa, Afghanistan & Pakistan"
Jordan,JOR,1985,1797.02877146361,"Middle East, North Africa, Afghanistan & Pakistan"
Jordan,JOR,1984,1871.09074979987,"Middle East, North Africa, Afghanistan & Pakistan"
Jordan,JOR,1983,1939.33654498872,"Middle East, North Africa, Afghanistan & Pakistan"
Jordan,JOR,1982,1928.87589643338,"Middle East, North Africa, Afghanistan & Pakistan"
Jordan,JOR,1981,1885.14842198943,"Middle East, North Africa, Afghanistan & Pakistan"
Jordan,JOR,1980,1750.09801076564,"Middle East, North Africa, Afghanistan & Pakistan"
Jordan,JOR,1979,1518.82451343828,"Middle East, North Africa, Afghanistan & Pakistan"
Jordan,JOR,1978,1248.90326044987,"Middle East, North Africa, Afghanistan & Pakistan"
Jordan,JOR,1977,1038.52230070493,"Middle East, North Africa, Afghanistan & Pakistan"
Jordan,JOR,1976,872.506019353732,"Middle East, North Africa, Afghanistan & Pakistan"
Jordan,JOR,1975,717.7640972871,"Middle East, North Africa, Afghanistan & Pakistan"
Jordan,JOR,1974,651.095948462669,"Middle East, North Africa, Afghanistan & Pakistan"
Jordan,JOR,1973,530.783996638002,"Middle East, North Africa, Afghanistan & Pakistan"
Jordan,JOR,1972,459.874244108895,"Middle East, North Africa, Afghanistan & Pakistan"
Jordan,JOR,1971,412.218818849468,"Middle East, North Africa, Afghanistan & Pakistan"
Jordan,JOR,1970,408.596257509347,"Middle East, North Africa, Afghanistan & Pakistan"
Jordan,JOR,1969,474.427887073594,"Middle East, North Africa, Afghanistan & Pakistan"
Jordan,JOR,1968,408.842352820548,"Middle East, North Africa, Afghanistan & Pakistan"
Jordan,JOR,1967,496.922746235673,"Middle East, North Africa, Afghanistan & Pakistan"
Jordan,JOR,1966,558.402981092455,"Middle East, North Africa, Afghanistan & Pakistan"
Jordan,JOR,1965,545.513861689675,"Middle East, North Africa, Afghanistan & Pakistan"
Kazakhstan,KAZ,2025,14692.1331757237,Europe & Central Asia
Kazakhstan,KAZ,2024,14154.6324958076,Europe & Central Asia
Kazakhstan,KAZ,2023,12879.4275257974,Europe & Central Asia
Kazakhstan,KAZ,2022,11255.3396437881,Europe & Central Asia
Kazakhstan,KAZ,2021,9983.60103576902,Europe & Central Asia
Kazakhstan,KAZ,2020,8781.50797787648,Europe & Central Asia
Kazakhstan,KAZ,2019,9457.12614657136,Europe & Central Asia
Kazakhstan,KAZ,2018,9472.48527327758,Europe & Central Asia
Kazakhstan,KAZ,2017,8943.08416791984,Europe & Central Asia
Kazakhstan,KAZ,2016,7475.56688689424,Europe & Central Asia
Kazakhstan,KAZ,2015,10196.1226255982,Europe & Central Asia
Kazakhstan,KAZ,2014,12427.7094576939,Europe & Central Asia
Kazakhstan,KAZ,2013,13478.459627612,Europe & Central Asia
Kazakhstan,KAZ,2012,12018.7966527993,Europe & Central Asia
Kazakhstan,KAZ,2011,11287.1464926039,Europe & Central Asia
Kazakhstan,KAZ,2010,8793.07589980782,Europe & Central Asia
Kazakhstan,KAZ,2009,6938.01175663001,Europe & Central Asia
Kazakhstan,KAZ,2008,8123.54705891736,Europe & Central Asia
Kazakhstan,KAZ,2007,6449.43931096532,Europe & Central Asia
Kazakhstan,KAZ,2006,5030.13494711519,Europe & Central Asia
Kazakhstan,KAZ,2005,3577.35804001782,Europe & Central Asia
Kazakhstan,KAZ,2004,2722.47407755402,Europe & Central Asia
Kazakhstan,KAZ,2003,1958.02050246511,Europe & Central Asia
Kazakhstan,KAZ,2002,1573.55219932325,Europe & Central Asia
Kazakhstan,KAZ,2001,1422.27331810957,Europe & Central Asia
Kazakhstan,KAZ,2000,1180.0444563226,Europe & Central Asia
Kazakhstan,KAZ,1999,1091.54727722159,Europe & Central Asia
Kazakhstan,KAZ,1998,1414.59289652597,Europe & Central Asia
Kazakhstan,KAZ,1997,1381.63593295187,Europe & Central Asia
Kazakhstan,KAZ,1996,1281.39152895397,Europe & Central Asia
Kazakhstan,KAZ,1995,1217.79138769863,Europe & Central Asia
Kazakhstan,KAZ,1994,1246.83633018218,Europe & Central Asia
Kazakhstan,KAZ,1993,1355.13493859139,Europe & Central Asia
Kazakhstan,KAZ,1992,1437.59848100913,Europe & Central Asia
Kazakhstan,KAZ,1991,1442.42455540825,Europe & Central Asia
Kazakhstan,KAZ,1990,1570.00883112591,Europe & Central Asia
Kenya,KEN,2025,2362.86091198611,Sub-Saharan Africa 
Kenya,KEN,2024,2133.46193404026,Sub-Saharan Africa 
Kenya,KEN,2023,1942.58802756191,Sub-Saharan Africa 
Kenya,KEN,2022,2109.56288513137,Sub-Saharan Africa 
Kenya,KEN,2021,2061.35622089594,Sub-Saharan Africa 
Kenya,KEN,2020,1927.66459027849,Sub-Saharan Africa 
Kenya,KEN,2019,1960.40808854893,Sub-Saharan Africa 
Kenya,KEN,2018,1836.45275528993,Sub-Saharan Africa 
Kenya,KEN,2017,1667.48447230835,Sub-Saharan Africa 
Kenya,KEN,2016,1554.12610314423,Sub-Saharan Africa 
Kenya,KEN,2015,1489.11959777284,Sub-Saharan Africa 
Kenya,KEN,2014,1482.81566253497,Sub-Saharan Africa 
Kenya,KEN,2013,1370.87885214659,Sub-Saharan Africa 
Kenya,KEN,2012,1285.00536171512,Sub-Saharan Africa 
Kenya,KEN,2011,1096.14499807675,Sub-Saharan Africa 
Kenya,KEN,2010,1091.51873101194,Sub-Saharan Africa 
Kenya,KEN,2009,1047.9678324485,Sub-Saharan Africa 
Kenya,KEN,2008,915.54435473604,Sub-Saharan Africa 
Kenya,KEN,2007,840.201439476765,Sub-Saharan Africa 
Kenya,KEN,2006,699.80237063381,Sub-Saharan Africa 
Kenya,KEN,2005,523.456312433863,Sub-Saharan Africa 
Kenya,KEN,2004,463.662781300121,Sub-Saharan Africa 
Kenya,KEN,2003,442.898457253405,Sub-Saharan Africa 
Kenya,KEN,2002,402.936385605382,Sub-Saharan Africa 
Kenya,KEN,2001,410.700452474814,Sub-Saharan Africa 
Kenya,KEN,2000,414.626365130846,Sub-Saharan Africa 
Kenya,KEN,1999,433.721235701305,Sub-Saharan Africa 
Kenya,KEN,1998,487.883239905452,Sub-Saharan Africa 
Kenya,KEN,1997,466.723814611399,Sub-Saharan Africa 
Kenya,KEN,1996,440.527078880876,Sub-Saharan Africa 
Kenya,KEN,1995,340.064842175429,Sub-Saharan Africa 
Kenya,KEN,1994,276.447871981244,Sub-Saharan Africa 
Kenya,KEN,1993,228.998032843434,Sub-Saharan Africa 
Kenya,KEN,1992,336.68139978696,Sub-Saharan Africa 
Kenya,KEN,1991,344.722642127742,Sub-Saharan Africa 
Kenya,KEN,1990,374.458992895562,Sub-Saharan Africa 
Kenya,KEN,1989,374.489193682103,Sub-Saharan Africa 
Kenya,KEN,1988,391.238771204282,Sub-Saharan Africa 
Kenya,KEN,1987,386.630929992512,Sub-Saharan Africa 
Kenya,KEN,1986,363.745117772717,Sub-Saharan Africa 
Kenya,KEN,1985,319.503611010714,Sub-Saharan Africa 
Kenya,KEN,1984,334.40283575753,Sub-Saharan Africa 
Kenya,KEN,1983,335.037151735189,Sub-Saharan Africa 
Kenya,KEN,1982,373.794835688888,Sub-Saharan Africa 
Kenya,KEN,1981,412.883704225392,Sub-Saharan Africa 
Kenya,KEN,1980,453.558973444809,Sub-Saharan Africa 
Kenya,KEN,1979,403.242079834358,Sub-Saharan Africa 
Kenya,KEN,1978,355.141982232607,Sub-Saharan Africa 
Kenya,KEN,1977,311.48625291648,Sub-Saharan Africa 
Kenya,KEN,1976,248.935108198575,Sub-Saharan Africa 
Kenya,KEN,1975,241.224426147057,Sub-Saharan Africa 
Kenya,KEN,1974,227.233442066411,Sub-Saharan Africa 
Kenya,KEN,1973,198.578083872556,Sub-Saharan Africa 
Kenya,KEN,1972,172.642044778441,Sub-Saharan Africa 
Kenya,KEN,1971,150.852979093178,Sub-Saharan Africa 
Kenya,KEN,1970,141.039390962597,Sub-Saharan Africa 
Kenya,KEN,1969,133.310793093247,Sub-Saharan Africa 
Kenya,KEN,1968,128.654646882243,Sub-Saharan Africa 
Kenya,KEN,1967,121.90214207834,Sub-Saharan Africa 
Kenya,KEN,1966,119.833476389359,Sub-Saharan Africa 
Kenya,KEN,1965,106.865601340262,Sub-Saharan Africa 
Kenya,KEN,1964,111.300544823892,Sub-Saharan Africa 
Kenya,KEN,1963,107.393655978243,Sub-Saharan Africa 
Kenya,KEN,1962,104.600455936259,Sub-Saharan Africa 
Kenya,KEN,1961,99.2716957068382,Sub-Saharan Africa 
Kenya,KEN,1960,102.824417465582,Sub-Saharan Africa 
Kiribati,KIR,2025,2558.66636011102,East Asia & Pacific
Kiribati,KIR,2024,2550.98377226188,East Asia & Pacific
Kiribati,KIR,2023,2200.68918614289,East Asia & Pacific
Kiribati,KIR,2022,2078.7648751855,East Asia & Pacific
Kiribati,KIR,2021,2223.54147866465,East Asia & Pacific
Kiribati,KIR,2020,1751.87199542272,East Asia & Pacific
Kiribati,KIR,2019,1750.24040333237,East Asia & Pacific
Kiribati,KIR,2018,1915.56002581991,East Asia & Pacific
Kiribati,KIR,2017,1854.3326920967,East Asia & Pacific
Kiribati,KIR,2016,1742.66799324117,East Asia & Pacific
Kiribati,KIR,2015,1639.85274740652,East Asia & Pacific
Kiribati,KIR,2014,1736.70535682101,East Asia & Pacific
Kiribati,KIR,2013,1772.08718317132,East Asia & Pacific
Kiribati,KIR,2012,1843.55336349889,East Asia & Pacific
Kiribati,KIR,2011,1771.12926848792,East Asia & Pacific
Kiribati,KIR,2010,1522.10068744154,East Asia & Pacific
Kiribati,KIR,2009,1316.62753853678,East Asia & Pacific
Kiribati,KIR,2008,1410.62246914058,East Asia & Pacific
Kiribati,KIR,2007,1352.57814048911,East Asia & Pacific
Kiribati,KIR,2006,1123.19258990684,East Asia & Pacific
Kiribati,KIR,2005,1161.78341739977,East Asia & Pacific
Kiribati,KIR,2004,1083.2688987175,East Asia & Pacific
Kiribati,KIR,2003,1020.50033851394,East Asia & Pacific
Kiribati,KIR,2002,810.10870037444,East Asia & Pacific
Kiribati,KIR,2001,718.833787096781,East Asia & Pacific
Kiribati,KIR,2000,845.367240231973,East Asia & Pacific
Kiribati,KIR,1999,887.496019475758,East Asia & Pacific
Kiribati,KIR,1998,874.484349123221,East Asia & Pacific
Kiribati,KIR,1997,953.162998384941,East Asia & Pacific
Kiribati,KIR,1996,985.885941426854,East Asia & Pacific
Kiribati,KIR,1995,844.429605862723,East Asia & Pacific
Kiribati,KIR,1994,837.971706204,East Asia & Pacific
Kiribati,KIR,1993,747.75302075115,East Asia & Pacific
Kiribati,KIR,1992,791.99610105394,East Asia & Pacific
Kiribati,KIR,1991,540.125861123481,East Asia & Pacific
Kiribati,KIR,1990,488.067527876014,East Asia & Pacific
Kiribati,KIR,1989,514.652948165033,East Asia & Pacific
Kiribati,KIR,1988,535.915134580045,East Asia & Pacific
Kiribati,KIR,1987,423.822473332128,East Asia & Pacific
Kiribati,KIR,1986,381.918758641144,East Asia & Pacific
Kiribati,KIR,1985,392.905065394709,East Asia & Pacific
Kiribati,KIR,1984,527.291455228898,East Asia & Pacific
Kiribati,KIR,1983,483.107821082637,East Asia & Pacific
Kiribati,KIR,1982,518.62249584629,East Asia & Pacific
Kiribati,KIR,1981,567.722497103141,East Asia & Pacific
Kiribati,KIR,1980,542.253599617514,East Asia & Pacific
Kiribati,KIR,1979,572.794606018137,East Asia & Pacific
Kiribati,KIR,1978,610.783852582543,East Asia & Pacific
Kiribati,KIR,1977,519.943894734849,East Asia & Pacific
Kiribati,KIR,1976,548.075641711172,East Asia & Pacific
Kiribati,KIR,1975,730.441792552945,East Asia & Pacific
Kiribati,KIR,1974,1131.29075149996,East Asia & Pacific
Kiribati,KIR,1973,421.626997094822,East Asia & Pacific
Kiribati,KIR,1972,256.187000109277,East Asia & Pacific
Kiribati,KIR,1971,210.668594146279,East Asia & Pacific
Kiribati,KIR,1970,201.023774667798,East Asia & Pacific
"Korea, Rep.",KOR,2025,36226.9663637512,East Asia & Pacific
"Korea, Rep.",KOR,2024,36238.639908315,East Asia & Pacific
"Korea, Rep.",KOR,2023,35674.095995632,East Asia & Pacific
"Korea, Rep.",KOR,2022,34822.4048404971,East Asia & Pacific
"Korea, Rep.",KOR,2021,37518.4635305697,East Asia & Pacific
"Korea, Rep.",KOR,2020,33645.7719545073,East Asia & Pacific
"Korea, Rep.",KOR,2019,33826.9443301597,East Asia & Pacific
"Korea, Rep.",KOR,2018,35363.9508228687,East Asia & Pacific
"Korea, Rep.",KOR,2017,33296.9845439195,East Asia & Pacific
"Korea, Rep.",KOR,2016,30832.0628072516,East Asia & Pacific
"Korea, Rep.",KOR,2015,30171.7906545222,East Asia & Pacific
"Korea, Rep.",KOR,2014,30667.0912467447,East Asia & Pacific
"Korea, Rep.",KOR,2013,28449.3591104972,East Asia & Pacific
"Korea, Rep.",KOR,2012,26600.5477433903,East Asia & Pacific
"Korea, Rep.",KOR,2011,26175.2398553363,East Asia & Pacific
"Korea, Rep.",KOR,2010,24071.2620526362,East Asia & Pacific
"Korea, Rep.",KOR,2009,19937.3029137734,East Asia & Pacific
"Korea, Rep.",KOR,2008,22252.3125108061,East Asia & Pacific
"Korea, Rep.",KOR,2007,25078.4853957105,East Asia & Pacific
"Korea, Rep.",KOR,2006,22609.7059431449,East Asia & Pacific
"Korea, Rep.",KOR,2005,20167.0474902506,East Asia & Pacific
"Korea, Rep.",KOR,2004,17121.6301633201,East Asia & Pacific
"Korea, Rep.",KOR,2003,15211.5483770422,East Asia & Pacific
"Korea, Rep.",KOR,2002,13642.9424537101,East Asia & Pacific
"Korea, Rep.",KOR,2001,11981.4828218758,East Asia & Pacific
"Korea, Rep.",KOR,2000,12710.2995795579,East Asia & Pacific
"Korea, Rep.",KOR,1999,11062.5019301357,East Asia & Pacific
"Korea, Rep.",KOR,1998,8583.43557499234,East Asia & Pacific
"Korea, Rep.",KOR,1997,12821.6893313675,East Asia & Pacific
"Korea, Rep.",KOR,1996,13864.9376534518,East Asia & Pacific
"Korea, Rep.",KOR,1995,13001.7205867019,East Asia & Pacific
"Korea, Rep.",KOR,1994,10733.9888860657,East Asia & Pacific
"Korea, Rep.",KOR,1993,9179.96872485152,East Asia & Pacific
"Korea, Rep.",KOR,1992,8387.16308258471,East Asia & Pacific
"Korea, Rep.",KOR,1991,7872.65052449111,East Asia & Pacific
"Korea, Rep.",KOR,1990,6812.9019416767,East Asia & Pacific
"Korea, Rep.",KOR,1989,5989.2109474999,East Asia & Pacific
"Korea, Rep.",KOR,1988,4888.68509195605,East Asia & Pacific
"Korea, Rep.",KOR,1987,3657.71773432329,East Asia & Pacific
"Korea, Rep.",KOR,1986,2910.82908054352,East Asia & Pacific
"Korea, Rep.",KOR,1985,2542.88419005153,East Asia & Pacific
"Korea, Rep.",KOR,1984,2468.68667303898,East Asia & Pacific
"Korea, Rep.",KOR,1983,2245.56009425258,East Asia & Pacific
"Korea, Rep.",KOR,1982,2032.25817758667,East Asia & Pacific
"Korea, Rep.",KOR,1981,1918.41779613494,East Asia & Pacific
"Korea, Rep.",KOR,1980,1745.57662116658,East Asia & Pacific
"Korea, Rep.",KOR,1979,1813.9142168105,East Asia & Pacific
"Korea, Rep.",KOR,1978,1428.88714989064,East Asia & Pacific
"Korea, Rep.",KOR,1977,1072.85188247153,East Asia & Pacific
"Korea, Rep.",KOR,1976,847.205737881176,East Asia & Pacific
"Korea, Rep.",KOR,1975,627.142244323246,East Asia & Pacific
"Korea, Rep.",KOR,1974,572.488691764846,East Asia & Pacific
"Korea, Rep.",KOR,1973,412.499262547237,East Asia & Pacific
"Korea, Rep.",KOR,1972,328.021411521648,East Asia & Pacific
"Korea, Rep.",KOR,1971,304.271118680953,East Asia & Pacific
"Korea, Rep.",KOR,1970,281.785631415674,East Asia & Pacific
"Korea, Rep.",KOR,1969,245.494385222026,East Asia & Pacific
"Korea, Rep.",KOR,1968,199.982134957643,East Asia & Pacific
"Korea, Rep.",KOR,1967,162.459907730169,East Asia & Pacific
"Korea, Rep.",KOR,1966,134.431383763277,East Asia & Pacific
"Korea, Rep.",KOR,1965,109.429276511316,East Asia & Pacific
"Korea, Rep.",KOR,1964,124.24136735879,East Asia & Pacific
"Korea, Rep.",KOR,1963,147.00790480127,East Asia & Pacific
"Korea, Rep.",KOR,1962,106.623915747203,East Asia & Pacific
"Korea, Rep.",KOR,1961,94.2045938667769,East Asia & Pacific
"Korea, Rep.",KOR,1960,158.844150776359,East Asia & Pacific
Kosovo,XKX,2025,7899.41841135202,Europe & Central Asia
Kosovo,XKX,2024,7026.6988128325,Europe & Central Asia
Kosovo,XKX,2023,6220.33213919344,Europe & Central Asia
Kosovo,XKX,2022,5298.1473871027,Europe & Central Asia
Kosovo,XKX,2021,5269.69946181439,Europe & Central Asia
Kosovo,XKX,2020,4320.58382547288,Europe & Central Asia
Kosovo,XKX,2019,4415.6992744623,Europe & Central Asia
Kosovo,XKX,2018,4384.18796440547,Europe & Central Asia
Kosovo,XKX,2017,4009.32022064732,Europe & Central Asia
Kosovo,XKX,2016,3759.44777525332,Europe & Central Asia
Kosovo,XKX,2015,3520.62685324451,Europe & Central Asia
Kosovo,XKX,2014,3902.49322261901,Europe & Central Asia
Kosovo,XKX,2013,3704.55812411167,Europe & Central Asia
Kosovo,XKX,2012,3410.65497983011,Europe & Central Asia
Kosovo,XKX,2011,3538.94809762524,Europe & Central Asia
Kosovo,XKX,2010,2987.54523493128,Europe & Central Asia
Kosovo,XKX,2009,2805.94692985371,Europe & Central Asia
Kosovo,XKX,2008,2889.14677086951,Europe & Central Asia
Kuwait,KWT,2025,32312.3119953634,"Middle East, North Africa, Afghanistan & Pakistan"
Kuwait,KWT,2024,32855.7209688827,"Middle East, North Africa, Afghanistan & Pakistan"
Kuwait,KWT,2023,34091.9714813002,"Middle East, North Africa, Afghanistan & Pakistan"
Kuwait,KWT,2022,39981.7691035833,"Middle East, North Africa, Afghanistan & Pakistan"
Kuwait,KWT,2021,34018.6342592913,"Middle East, North Africa, Afghanistan & Pakistan"
Kuwait,KWT,2020,25236.0755848941,"Middle East, North Africa, Afghanistan & Pakistan"
Kuwait,KWT,2019,31707.8737443551,"Middle East, North Africa, Afghanistan & Pakistan"
Kuwait,KWT,2018,32067.9623756889,"Middle East, North Africa, Afghanistan & Pakistan"
Kuwait,KWT,2017,29047.6536135703,"Middle East, North Africa, Afghanistan & Pakistan"
Kuwait,KWT,2016,27323.6890735517,"Middle East, North Africa, Afghanistan & Pakistan"
Kuwait,KWT,2015,29882.2126495698,"Middle East, North Africa, Afghanistan & Pakistan"
Kuwait,KWT,2014,44368.7813457751,"Middle East, North Africa, Afghanistan & Pakistan"
Kuwait,KWT,2013,49651.0439275077,"Middle East, North Africa, Afghanistan & Pakistan"
Kuwait,KWT,2012,52155.2225833921,"Middle East, North Africa, Afghanistan & Pakistan"
Kuwait,KWT,2011,49169.6063813095,"Middle East, North Africa, Afghanistan & Pakistan"
Kuwait,KWT,2010,39212.252220155,"Middle East, North Africa, Afghanistan & Pakistan"
Kuwait,KWT,2009,37907.1001320042,"Middle East, North Africa, Afghanistan & Pakistan"
Kuwait,KWT,2008,55585.1889344442,"Middle East, North Africa, Afghanistan & Pakistan"
Kuwait,KWT,2007,45709.4132876371,"Middle East, North Africa, Afghanistan & Pakistan"
Kuwait,KWT,2006,42946.6374104066,"Middle East, North Africa, Afghanistan & Pakistan"
Kuwait,KWT,2005,36122.6142741227,"Middle East, North Africa, Afghanistan & Pakistan"
Kuwait,KWT,2004,27552.2827399787,"Middle East, North Africa, Afghanistan & Pakistan"
Kuwait,KWT,2003,22690.655175144,"Middle East, North Africa, Afghanistan & Pakistan"
Kuwait,KWT,2002,18512.7523035862,"Middle East, North Africa, Afghanistan & Pakistan"
Kuwait,KWT,2001,17374.2318664227,"Middle East, North Africa, Afghanistan & Pakistan"
Kuwait,KWT,2000,19296.3471698729,"Middle East, North Africa, Afghanistan & Pakistan"
Kuwait,KWT,1999,15853.6264423466,"Middle East, North Africa, Afghanistan & Pakistan"
Kuwait,KWT,1998,14066.9509572183,"Middle East, North Africa, Afghanistan & Pakistan"
Kuwait,KWT,1997,16977.3895620399,"Middle East, North Africa, Afghanistan & Pakistan"
Kuwait,KWT,1996,18201.0958607918,"Middle East, North Africa, Afghanistan & Pakistan"
Kuwait,KWT,1995,16168.165602374,"Middle East, North Africa, Afghanistan & Pakistan"
Kuwait,KWT,1994,14929.7441110335,"Middle East, North Africa, Afghanistan & Pakistan"
Kuwait,KWT,1993,14317.7209419057,"Middle East, North Africa, Afghanistan & Pakistan"
Kuwait,KWT,1992,12146.19505586,"Middle East, North Africa, Afghanistan & Pakistan"
Kuwait,KWT,1991,8147.10807329839,"Middle East, North Africa, Afghanistan & Pakistan"
Kuwait,KWT,1990,10937.5415268808,"Middle East, North Africa, Afghanistan & Pakistan"
Kuwait,KWT,1989,10964.6929080372,"Middle East, North Africa, Afghanistan & Pakistan"
Kuwait,KWT,1988,9692.34754600725,"Middle East, North Africa, Afghanistan & Pakistan"
Kuwait,KWT,1987,10895.6500280404,"Middle East, North Africa, Afghanistan & Pakistan"
Kuwait,KWT,1986,9076.70885221848,"Middle East, North Africa, Afghanistan & Pakistan"
Kuwait,KWT,1985,11321.663553949,"Middle East, North Africa, Afghanistan & Pakistan"
Kuwait,KWT,1984,11918.6168925905,"Middle East, North Africa, Afghanistan & Pakistan"
Kuwait,KWT,1983,11965.3390511088,"Middle East, North Africa, Afghanistan & Pakistan"
Kuwait,KWT,1982,12978.8949980867,"Middle East, North Africa, Afghanistan & Pakistan"
Kuwait,KWT,1981,15825.191918191,"Middle East, North Africa, Afghanistan & Pakistan"
Kuwait,KWT,1980,19031.9051902,"Middle East, North Africa, Afghanistan & Pakistan"
Kuwait,KWT,1979,17385.8942886966,"Middle East, North Africa, Afghanistan & Pakistan"
Kuwait,KWT,1978,11567.0653748784,"Middle East, North Africa, Afghanistan & Pakistan"
Kuwait,KWT,1977,11237.7967179507,"Middle East, North Africa, Afghanistan & Pakistan"
Kuwait,KWT,1976,11141.1981409668,"Middle East, North Africa, Afghanistan & Pakistan"
Kuwait,KWT,1975,10881.7216440289,"Middle East, North Africa, Afghanistan & Pakistan"
Kuwait,KWT,1974,12526.6031710726,"Middle East, North Africa, Afghanistan & Pakistan"
Kuwait,KWT,1973,5532.43234039128,"Middle East, North Africa, Afghanistan & Pakistan"
Kuwait,KWT,1972,4835.69104574325,"Middle East, North Africa, Afghanistan & Pakistan"
Kuwait,KWT,1971,4485.60842678202,"Middle East, North Africa, Afghanistan & Pakistan"
Kuwait,KWT,1970,3551.58710706336,"Middle East, North Africa, Afghanistan & Pakistan"
Kuwait,KWT,1969,3694.96497750415,"Middle East, North Africa, Afghanistan & Pakistan"
Kuwait,KWT,1968,3871.94559219275,"Middle East, North Africa, Afghanistan & Pakistan"
Kuwait,KWT,1967,3887.34562038245,"Middle East, North Africa, Afghanistan & Pakistan"
Kuwait,KWT,1966,4176.11038180964,"Middle East, North Africa, Afghanistan & Pakistan"
Kuwait,KWT,1965,4023.99037772478,"Middle East, North Africa, Afghanistan & Pakistan"
Kuwait,KWT,1964,4378.78429775998,"Middle East, North Africa, Afghanistan & Pakistan"
Kuwait,KWT,1963,4444.5230858112,"Middle East, North Africa, Afghanistan & Pakistan"
Kuwait,KWT,1962,4748.39284354226,"Middle East, North Africa, Afghanistan & Pakistan"
Kyrgyz Republic,KGZ,2025,3080.96893823359,Europe & Central Asia
Kyrgyz Republic,KGZ,2024,2514.81066933171,Europe & Central Asia
Kyrgyz Republic,KGZ,2023,2138.22210211478,Europe & Central Asia
Kyrgyz Republic,KGZ,2022,1739.72018344174,Europe & Central Asia
Kyrgyz Republic,KGZ,2021,1349.99730650542,Europe & Central Asia
Kyrgyz Republic,KGZ,2020,1229.51766602907,Europe & Central Asia
Kyrgyz Republic,KGZ,2019,1421.99927504102,Europe & Central Asia
Kyrgyz Republic,KGZ,2018,1283.5203037417,Europe & Central Asia
Kyrgyz Republic,KGZ,2017,1221.39046807082,Europe & Central Asia
Kyrgyz Republic,KGZ,2016,1103.27489428412,Europe & Central Asia
Kyrgyz Republic,KGZ,2015,1105.65193844261,Europe & Central Asia
Kyrgyz Republic,KGZ,2014,1264.52668823891,Europe & Central Asia
Kyrgyz Republic,KGZ,2013,1269.66303464348,Europe & Central Asia
Kyrgyz Republic,KGZ,2012,1168.62244675446,Europe & Central Asia
Kyrgyz Republic,KGZ,2011,1117.40174350185,Europe & Central Asia
Kyrgyz Republic,KGZ,2010,876.954476440354,Europe & Central Asia
Kyrgyz Republic,KGZ,2009,870.198894546917,Europe & Central Asia
Kyrgyz Republic,KGZ,2008,966.388569370494,Europe & Central Asia
Kyrgyz Republic,KGZ,2007,721.771577544361,Europe & Central Asia
Kyrgyz Republic,KGZ,2006,543.113512472219,Europe & Central Asia
Kyrgyz Republic,KGZ,2005,476.548193640077,Europe & Central Asia
Kyrgyz Republic,KGZ,2004,433.233873286,Europe & Central Asia
Kyrgyz Republic,KGZ,2003,380.505828812441,Europe & Central Asia
Kyrgyz Republic,KGZ,2002,321.726775366804,Europe & Central Asia
Kyrgyz Republic,KGZ,2001,308.41129550148,Europe & Central Asia
Kyrgyz Republic,KGZ,2000,279.621738464365,Europe & Central Asia
Kyrgyz Republic,KGZ,1999,258.048055936976,Europe & Central Asia
Kyrgyz Republic,KGZ,1998,345.137046084246,Europe & Central Asia
Kyrgyz Republic,KGZ,1997,376.427930059811,Europe & Central Asia
Kyrgyz Republic,KGZ,1996,394.856879614212,Europe & Central Asia
Kyrgyz Republic,KGZ,1995,364.250365258345,Europe & Central Asia
Kyrgyz Republic,KGZ,1994,372.481759948941,Europe & Central Asia
Kyrgyz Republic,KGZ,1993,448.554190878232,Europe & Central Asia
Kyrgyz Republic,KGZ,1992,512.766741120388,Europe & Central Asia
Kyrgyz Republic,KGZ,1991,569.548584035047,Europe & Central Asia
Kyrgyz Republic,KGZ,1990,605.798144966488,Europe & Central Asia
Lao PDR,LAO,2025,2324.76353098791,East Asia & Pacific
Lao PDR,LAO,2024,2123.97909415109,East Asia & Pacific
Lao PDR,LAO,2023,2066.94979776957,East Asia & Pacific
Lao PDR,LAO,2022,2046.40440255621,East Asia & Pacific
Lao PDR,LAO,2021,2526.05105018529,East Asia & Pacific
Lao PDR,LAO,2020,2583.77730696131,East Asia & Pacific
Lao PDR,LAO,2019,2589.32081035237,East Asia & Pacific
Lao PDR,LAO,2018,2545.1075420815,East Asia & Pacific
Lao PDR,LAO,2017,2432.43059478511,East Asia & Pacific
Lao PDR,LAO,2016,2303.22156035363,East Asia & Pacific
Lao PDR,LAO,2015,2121.01339097363,East Asia & Pacific
Lao PDR,LAO,2014,1981.03910900473,East Asia & Pacific
Lao PDR,LAO,2013,1812.51774424651,East Asia & Pacific
Lao PDR,LAO,2012,1563.5650771337,East Asia & Pacific
Lao PDR,LAO,2011,1361.54704394913,East Asia & Pacific
Lao PDR,LAO,2010,1125.91610151261,East Asia & Pacific
Lao PDR,LAO,2009,935.03237283283,East Asia & Pacific
Lao PDR,LAO,2008,885.747376088762,East Asia & Pacific
Lao PDR,LAO,2007,697.323013673925,East Asia & Pacific
Lao PDR,LAO,2006,579.391947440719,East Asia & Pacific
Lao PDR,LAO,2005,466.061506997741,East Asia & Pacific
Lao PDR,LAO,2004,409.296298284117,East Asia & Pacific
Lao PDR,LAO,2003,355.097216151461,East Asia & Pacific
Lao PDR,LAO,2002,313.350817148131,East Asia & Pacific
Lao PDR,LAO,2001,320.316005439568,East Asia & Pacific
Lao PDR,LAO,2000,318.749852236965,East Asia & Pacific
Lao PDR,LAO,1999,272.325307005412,East Asia & Pacific
Lao PDR,LAO,1998,243.923962451418,East Asia & Pacific
Lao PDR,LAO,1997,339.09319241187,East Asia & Pacific
Lao PDR,LAO,1996,371.341879197673,East Asia & Pacific
Lao PDR,LAO,1995,357.758162193406,East Asia & Pacific
Lao PDR,LAO,1994,320.968128951646,East Asia & Pacific
Lao PDR,LAO,1993,283.400573286349,East Asia & Pacific
Lao PDR,LAO,1992,247.345286150532,East Asia & Pacific
Lao PDR,LAO,1991,231.806227548139,East Asia & Pacific
Lao PDR,LAO,1990,200.7349054896,East Asia & Pacific
Lao PDR,LAO,1989,170.377296803511,East Asia & Pacific
Lao PDR,LAO,1988,147.070942942331,East Asia & Pacific
Lao PDR,LAO,1987,274.729585339944,East Asia & Pacific
Lao PDR,LAO,1986,461.911552367003,East Asia & Pacific
Lao PDR,LAO,1985,632.801098281291,East Asia & Pacific
Lao PDR,LAO,1984,483.017781668524,East Asia & Pacific
Latvia,LVA,2025,26311.9730706362,Europe & Central Asia
Latvia,LVA,2024,23578.9663562625,Europe & Central Asia
Latvia,LVA,2023,22710.2637544197,Europe & Central Asia
Latvia,LVA,2022,20221.103686109,Europe & Central Asia
Latvia,LVA,2021,20261.8887788916,Europe & Central Asia
Latvia,LVA,2020,17564.2321549354,Europe & Central Asia
Latvia,LVA,2019,17294.9751600969,Europe & Central Asia
Latvia,LVA,2018,17252.1710428626,Europe & Central Asia
Latvia,LVA,2017,15132.4958333982,Europe & Central Asia
Latvia,LVA,2016,13838.5266823272,Europe & Central Asia
Latvia,LVA,2015,13321.9753140616,Europe & Central Asia
Latvia,LVA,2014,15185.814581236,Europe & Central Asia
Latvia,LVA,2013,14484.4715282132,Europe & Central Asia
Latvia,LVA,2012,13329.3499931271,Europe & Central Asia
Latvia,LVA,2011,12902.574053337,Europe & Central Asia
Latvia,LVA,2010,11188.4191700977,Europe & Central Asia
Latvia,LVA,2009,11996.0322729773,Europe & Central Asia
Latvia,LVA,2008,15677.6080864506,Europe & Central Asia
Latvia,LVA,2007,13370.9789452508,Europe & Central Asia
Latvia,LVA,2006,9211.7374468148,Europe & Central Asia
Latvia,LVA,2005,7283.78738127622,Europe & Central Asia
Latvia,LVA,2004,6109.73265186817,Europe & Central Asia
Latvia,LVA,2003,4914.57992829302,Europe & Central Asia
Latvia,LVA,2002,4003.60935783538,Europe & Central Asia
Latvia,LVA,2001,3504.61829462397,Europe & Central Asia
Latvia,LVA,2000,3278.17896440803,Europe & Central Asia
Latvia,LVA,1999,3063.89794599707,Europe & Central Asia
Latvia,LVA,1998,2893.79998716563,Europe & Central Asia
Latvia,LVA,1997,2609.89308697195,Europe & Central Asia
Latvia,LVA,1996,2360.1714816213,Europe & Central Asia
Latvia,LVA,1995,2256.77360387054,Europe & Central Asia
Lebanon,LBN,2024,4473.27134441128,"Middle East, North Africa, Afghanistan & Pakistan"
Lebanon,LBN,2023,3477.72489842684,"Middle East, North Africa, Afghanistan & Pakistan"
Lebanon,LBN,2022,3654.35845534878,"Middle East, North Africa, Afghanistan & Pakistan"
Lebanon,LBN,2021,4045.37391066234,"Middle East, North Africa, Afghanistan & Pakistan"
Lebanon,LBN,2020,5561.19166950397,"Middle East, North Africa, Afghanistan & Pakistan"
Lebanon,LBN,2019,8905.88005497437,"Middle East, North Africa, Afghanistan & Pakistan"
Lebanon,LBN,2018,9174.53666204759,"Middle East, North Africa, Afghanistan & Pakistan"
Lebanon,LBN,2017,8608.21084982387,"Middle East, North Africa, Afghanistan & Pakistan"
Lebanon,LBN,2016,8089.012088155,"Middle East, North Africa, Afghanistan & Pakistan"
Lebanon,LBN,2015,7714.1099998804,"Middle East, North Africa, Afghanistan & Pakistan"
Lebanon,LBN,2014,7577.6413302369,"Middle East, North Africa, Afghanistan & Pakistan"
Lebanon,LBN,2013,8162.37929361396,"Middle East, North Africa, Afghanistan & Pakistan"
Lebanon,LBN,2012,8406.98405608118,"Middle East, North Africa, Afghanistan & Pakistan"
Lebanon,LBN,2011,7834.96257108993,"Middle East, North Africa, Afghanistan & Pakistan"
Lebanon,LBN,2010,7625.81051551165,"Middle East, North Africa, Afghanistan & Pakistan"
Lebanon,LBN,2009,7090.85493856621,"Middle East, North Africa, Afghanistan & Pakistan"
Lebanon,LBN,2008,5912.04532820842,"Middle East, North Africa, Afghanistan & Pakistan"
Lebanon,LBN,2007,5125.25809960149,"Middle East, North Africa, Afghanistan & Pakistan"
Lebanon,LBN,2006,4635.2514117486,"Middle East, North Africa, Afghanistan & Pakistan"
Lebanon,LBN,2005,4602.19804637945,"Middle East, North Africa, Afghanistan & Pakistan"
Lebanon,LBN,2004,4600.68371412993,"Middle East, North Africa, Afghanistan & Pakistan"
Lebanon,LBN,2003,4437.71588507526,"Middle East, North Africa, Afghanistan & Pakistan"
Lebanon,LBN,2002,4290.85283803266,"Middle East, North Africa, Afghanistan & Pakistan"
Lebanon,LBN,2001,4009.55929751102,"Middle East, North Africa, Afghanistan & Pakistan"
Lebanon,LBN,2000,3986.83513941026,"Middle East, North Africa, Afghanistan & Pakistan"
Lebanon,LBN,1999,4086.93872789633,"Middle East, North Africa, Afghanistan & Pakistan"
Lebanon,LBN,1998,4124.85527892575,"Middle East, North Africa, Afghanistan & Pakistan"
Lebanon,LBN,1997,3834.0590787531,"Middle East, North Africa, Afghanistan & Pakistan"
Lebanon,LBN,1996,3393.05090749359,"Middle East, North Africa, Afghanistan & Pakistan"
Lebanon,LBN,1995,2958.74263957462,"Middle East, North Africa, Afghanistan & Pakistan"
Lebanon,LBN,1994,2467.76942720577,"Middle East, North Africa, Afghanistan & Pakistan"
Lebanon,LBN,1993,2078.63864215562,"Middle East, North Africa, Afghanistan & Pakistan"
Lebanon,LBN,1992,1559.38100628446,"Middle East, North Africa, Afghanistan & Pakistan"
Lebanon,LBN,1991,1278.42125745633,"Middle East, North Africa, Afghanistan & Pakistan"
Lebanon,LBN,1990,789.526338484738,"Middle East, North Africa, Afghanistan & Pakistan"
Lebanon,LBN,1989,771.001121245521,"Middle East, North Africa, Afghanistan & Pakistan"
Lebanon,LBN,1988,959.153901867443,"Middle East, North Africa, Afghanistan & Pakistan"
Lesotho,LSO,2025,1088.96276223185,Sub-Saharan Africa 
Lesotho,LSO,2024,1023.04227681523,Sub-Saharan Africa 
Lesotho,LSO,2023,921.435141557056,Sub-Saharan Africa 
Lesotho,LSO,2022,1030.12582947757,Sub-Saharan Africa 
Lesotho,LSO,2021,1066.58645143823,Sub-Saharan Africa 
Lesotho,LSO,2020,918.582574704447,Sub-Saharan Africa 
Lesotho,LSO,2019,1082.05706777516,Sub-Saharan Africa 
Lesotho,LSO,2018,1170.65569702819,Sub-Saharan Africa 
Lesotho,LSO,2017,1069.36673247542,Sub-Saharan Africa 
Lesotho,LSO,2016,992.491840678465,Sub-Saharan Africa 
Lesotho,LSO,2015,1121.19851342518,Sub-Saharan Africa 
Lesotho,LSO,2014,1173.5377928819,Sub-Saharan Africa 
Lesotho,LSO,2013,1151.03735837227,Sub-Saharan Africa 
Lesotho,LSO,2012,1217.93071228944,Sub-Saharan Africa 
Lesotho,LSO,2011,1280.73390931581,Sub-Saharan Africa 
Lesotho,LSO,2010,1119.47557793042,Sub-Saharan Africa 
Lesotho,LSO,2009,878.847950537772,Sub-Saharan Africa 
Lesotho,LSO,2008,898.482517882593,Sub-Saharan Africa 
Lesotho,LSO,2007,861.188420899563,Sub-Saharan Africa 
Lesotho,LSO,2006,925.467485502842,Sub-Saharan Africa 
Lesotho,LSO,2005,861.381496414995,Sub-Saharan Africa 
Lesotho,LSO,2004,766.685820928242,Sub-Saharan Africa 
Lesotho,LSO,2003,583.270036200288,Sub-Saharan Africa 
Lesotho,LSO,2002,388.92334985135,Sub-Saharan Africa 
Lesotho,LSO,2001,412.677473676821,Sub-Saharan Africa 
Lesotho,LSO,2000,442.779545779081,Sub-Saharan Africa 
Lesotho,LSO,1999,455.650054387377,Sub-Saharan Africa 
Lesotho,LSO,1998,464.683745548265,Sub-Saharan Africa 
Lesotho,LSO,1997,501.981388900965,Sub-Saharan Africa 
Lesotho,LSO,1996,479.671394625707,Sub-Saharan Africa 
Lesotho,LSO,1995,513.413448796175,Sub-Saharan Africa 
Lesotho,LSO,1994,455.593586203956,Sub-Saharan Africa 
Lesotho,LSO,1993,439.365410681482,Sub-Saharan Africa 
Lesotho,LSO,1992,443.624297195576,Sub-Saharan Africa 
Lesotho,LSO,1991,382.291247739142,Sub-Saharan Africa 
Lesotho,LSO,1990,329.563785157203,Sub-Saharan Africa 
Lesotho,LSO,1989,279.035252539421,Sub-Saharan Africa 
Lesotho,LSO,1988,270.36712009929,Sub-Saharan Africa 
Lesotho,LSO,1987,236.451032636079,Sub-Saharan Africa 
Lesotho,LSO,1986,191.375758184053,Sub-Saharan Africa 
Lesotho,LSO,1985,165.373921882027,Sub-Saharan Africa 
Lesotho,LSO,1984,210.998495414288,Sub-Saharan Africa 
Lesotho,LSO,1983,252.017748063376,Sub-Saharan Africa 
Lesotho,LSO,1982,233.939892397725,Sub-Saharan Africa 
Lesotho,LSO,1981,299.839326847018,Sub-Saharan Africa 
Lesotho,LSO,1980,306.815565970065,Sub-Saharan Africa 
Lesotho,LSO,1979,212.370938385373,Sub-Saharan Africa 
Lesotho,LSO,1978,200.845413521682,Sub-Saharan Africa 
Lesotho,LSO,1977,149.860460251124,Sub-Saharan Africa 
Lesotho,LSO,1976,117.825077692245,Sub-Saharan Africa 
Lesotho,LSO,1975,123.231375218727,Sub-Saharan Africa 
Lesotho,LSO,1974,128.666618214693,Sub-Saharan Africa 
Lesotho,LSO,1973,106.991292251913,Sub-Saharan Africa 
Lesotho,LSO,1972,73.9566189783241,Sub-Saharan Africa 
Lesotho,LSO,1971,72.4076446248424,Sub-Saharan Africa 
Lesotho,LSO,1970,67.4401975761263,Sub-Saharan Africa 
Lesotho,LSO,1969,67.0950360280091,Sub-Saharan Africa 
Lesotho,LSO,1968,64.809251529746,Sub-Saharan Africa 
Lesotho,LSO,1967,64.8393253862871,Sub-Saharan Africa 
Lesotho,LSO,1966,64.2951651830872,Sub-Saharan Africa 
Lesotho,LSO,1965,64.255497720391,Sub-Saharan Africa 
Lesotho,LSO,1964,62.6207647163176,Sub-Saharan Africa 
Lesotho,LSO,1963,58.4076957931387,Sub-Saharan Africa 
Lesotho,LSO,1962,53.5421254364935,Sub-Saharan Africa 
Lesotho,LSO,1961,47.0464636332084,Sub-Saharan Africa 
Lesotho,LSO,1960,46.9517802688466,Sub-Saharan Africa 
Liberia,LBR,2025,915.328972645548,Sub-Saharan Africa 
Liberia,LBR,2024,851.497723870206,Sub-Saharan Africa 
Liberia,LBR,2023,799.194470229642,Sub-Saharan Africa 
Liberia,LBR,2022,744.617175237387,Sub-Saharan Africa 
Liberia,LBR,2021,667.96610514319,Sub-Saharan Africa 
Liberia,LBR,2020,616.787867006715,Sub-Saharan Africa 
Liberia,LBR,2019,658.164180770507,Sub-Saharan Africa 
Liberia,LBR,2018,692.203127129794,Sub-Saharan Africa 
Liberia,LBR,2017,699.269095727404,Sub-Saharan Africa 
Liberia,LBR,2016,714.613063145659,Sub-Saharan Africa 
Liberia,LBR,2015,692.590082351257,Sub-Saharan Africa 
Liberia,LBR,2014,706.714490064507,Sub-Saharan Africa 
Liberia,LBR,2013,710.744570927863,Sub-Saharan Africa 
Liberia,LBR,2012,638.368751462083,Sub-Saharan Africa 
Liberia,LBR,2011,568.087865520004,Sub-Saharan Africa 
Liberia,LBR,2010,492.252808033724,Sub-Saharan Africa 
Liberia,LBR,2009,448.386367025545,Sub-Saharan Africa 
Liberia,LBR,2008,451.713856283285,Sub-Saharan Africa 
Liberia,LBR,2007,374.211308104278,Sub-Saharan Africa 
Liberia,LBR,2006,320.55808618515,Sub-Saharan Africa 
Liberia,LBR,2005,287.487333441381,Sub-Saharan Africa 
Liberia,LBR,2004,284.140223992458,Sub-Saharan Africa 
Liberia,LBR,2003,239.779556677091,Sub-Saharan Africa 
Liberia,LBR,2002,299.536445539621,Sub-Saharan Africa 
Liberia,LBR,2001,300.463828598983,Sub-Saharan Africa 
Liberia,LBR,2000,298.485340578945,Sub-Saharan Africa 
Liberia,LBR,1999,156.573166945696,Sub-Saharan Africa 
Liberia,LBR,1998,134.675393352518,Sub-Saharan Africa 
Liberia,LBR,1997,122.627993745516,Sub-Saharan Africa 
Liberia,LBR,1996,71.4065248720036,Sub-Saharan Africa 
Liberia,LBR,1995,62.1438140627579,Sub-Saharan Africa 
Liberia,LBR,1994,61.490431307467,Sub-Saharan Africa 
Liberia,LBR,1993,74.4272028642409,Sub-Saharan Africa 
Liberia,LBR,1992,107.842801384441,Sub-Saharan Africa 
Liberia,LBR,1991,177.867006590279,Sub-Saharan Africa 
Liberia,LBR,1990,172.867610123278,Sub-Saharan Africa 
Liberia,LBR,1989,312.289255390892,Sub-Saharan Africa 
Liberia,LBR,1988,424.325719336919,Sub-Saharan Africa 
Liberia,LBR,1987,409.215940071402,Sub-Saharan Africa 
Liberia,LBR,1986,364.288669189794,Sub-Saharan Africa 
Liberia,LBR,1985,379.951475961811,Sub-Saharan Africa 
Liberia,LBR,1984,390.407957992226,Sub-Saharan Africa 
Liberia,LBR,1983,390.759726697144,Sub-Saharan Africa 
Liberia,LBR,1982,422.446142509338,Sub-Saharan Africa 
Liberia,LBR,1981,426.054939761947,Sub-Saharan Africa 
Liberia,LBR,1980,443.027171656595,Sub-Saharan Africa 
Liberia,LBR,1979,434.69976445937,Sub-Saharan Africa 
Liberia,LBR,1978,394.468078319392,Sub-Saharan Africa 
Liberia,LBR,1977,381.089104930355,Sub-Saharan Africa 
Liberia,LBR,1976,347.498456664298,Sub-Saharan Africa 
Liberia,LBR,1975,345.648935641772,Sub-Saharan Africa 
Liberia,LBR,1974,299.413660673331,Sub-Saharan Africa 
Liberia,LBR,1973,244.361727924182,Sub-Saharan Africa 
Liberia,LBR,1972,238.610979665126,Sub-Saharan Africa 
Liberia,LBR,1971,227.078201448463,Sub-Saharan Africa 
Liberia,LBR,1970,220.293848130057,Sub-Saharan Africa 
Liberia,LBR,1969,214.717911590964,Sub-Saharan Africa 
Liberia,LBR,1968,198.647104834485,Sub-Saharan Africa 
Liberia,LBR,1967,192.150746999304,Sub-Saharan Africa 
Liberia,LBR,1966,184.583689159405,Sub-Saharan Africa 
Liberia,LBR,1965,177.562432424897,Sub-Saharan Africa 
Liberia,LBR,1964,173.926490274043,Sub-Saharan Africa 
Liberia,LBR,1963,163.131266223133,Sub-Saharan Africa 
Liberia,LBR,1962,160.280325035358,Sub-Saharan Africa 
Liberia,LBR,1961,157.504686495101,Sub-Saharan Africa 
Liberia,LBR,1960,167.171498224694,Sub-Saharan Africa 
Libya,LBY,2025,6448.82415074121,"Middle East, North Africa, Afghanistan & Pakistan"
Libya,LBY,2024,6569.16408678648,"Middle East, North Africa, Afghanistan & Pakistan"
Libya,LBY,2023,6026.51518708812,"Middle East, North Africa, Afghanistan & Pakistan"
Libya,LBY,2022,5986.63694851258,"Middle East, North Africa, Afghanistan & Pakistan"
Libya,LBY,2021,4935.82787349801,"Middle East, North Africa, Afghanistan & Pakistan"
Libya,LBY,2020,6650.33810585348,"Middle East, North Africa, Afghanistan & Pakistan"
Libya,LBY,2019,9963.19489084483,"Middle East, North Africa, Afghanistan & Pakistan"
Libya,LBY,2018,11196.5854810844,"Middle East, North Africa, Afghanistan & Pakistan"
Libya,LBY,2017,9965.83236729757,"Middle East, North Africa, Afghanistan & Pakistan"
Libya,LBY,2016,7525.80299308216,"Middle East, North Africa, Afghanistan & Pakistan"
Libya,LBY,2015,7458.48917756374,"Middle East, North Africa, Afghanistan & Pakistan"
Libya,LBY,2014,8926.42074591474,"Middle East, North Africa, Afghanistan & Pakistan"
Libya,LBY,2013,11951.7134126011,"Middle East, North Africa, Afghanistan & Pakistan"
Libya,LBY,2012,14975.8902795144,"Middle East, North Africa, Afghanistan & Pakistan"
Libya,LBY,2011,7593.8391525702,"Middle East, North Africa, Afghanistan & Pakistan"
Libya,LBY,2010,11600.9068649472,"Middle East, North Africa, Afghanistan & Pakistan"
Libya,LBY,2009,9551.05403869755,"Middle East, North Africa, Afghanistan & Pakistan"
Libya,LBY,2008,13906.1407818125,"Middle East, North Africa, Afghanistan & Pakistan"
Libya,LBY,2007,11144.9448413435,"Middle East, North Africa, Afghanistan & Pakistan"
Libya,LBY,2006,10048.8480434289,"Middle East, North Africa, Afghanistan & Pakistan"
Libya,LBY,2005,8079.24957329001,"Middle East, North Africa, Afghanistan & Pakistan"
Libya,LBY,2004,5773.76333234281,"Middle East, North Africa, Afghanistan & Pakistan"
Libya,LBY,2003,4674.09943200321,"Middle East, North Africa, Afghanistan & Pakistan"
Libya,LBY,2002,3718.29434696755,"Middle East, North Africa, Afghanistan & Pakistan"
Libya,LBY,2001,6312.80030498965,"Middle East, North Africa, Afghanistan & Pakistan"
Libya,LBY,2000,7214.10040377084,"Middle East, North Africa, Afghanistan & Pakistan"
Libya,LBY,1999,6894.51875534758,"Middle East, North Africa, Afghanistan & Pakistan"
Libya,LBY,1998,5301.08354775559,"Middle East, North Africa, Afghanistan & Pakistan"
Libya,LBY,1997,6061.81366033598,"Middle East, North Africa, Afghanistan & Pakistan"
Libya,LBY,1996,5591.02027544558,"Middle East, North Africa, Afghanistan & Pakistan"
Libya,LBY,1995,5205.25706378741,"Middle East, North Africa, Afghanistan & Pakistan"
Libya,LBY,1994,5933.29121354077,"Middle East, North Africa, Afghanistan & Pakistan"
Libya,LBY,1993,6477.87035840641,"Middle East, North Africa, Afghanistan & Pakistan"
Libya,LBY,1992,7302.68908679226,"Middle East, North Africa, Afghanistan & Pakistan"
Libya,LBY,1991,7039.83391970596,"Middle East, North Africa, Afghanistan & Pakistan"
Libya,LBY,1990,6502.27886565421,"Middle East, North Africa, Afghanistan & Pakistan"
Libya,LBY,1989,5792.5791631313,"Middle East, North Africa, Afghanistan & Pakistan"
Libya,LBY,1988,5736.28243992278,"Middle East, North Africa, Afghanistan & Pakistan"
Libya,LBY,1987,6464.7328401846,"Middle East, North Africa, Afghanistan & Pakistan"
Libya,LBY,1986,6018.91345215523,"Middle East, North Africa, Afghanistan & Pakistan"
Libya,LBY,1985,8087.36306792904,"Middle East, North Africa, Afghanistan & Pakistan"
Libya,LBY,1984,7811.06937340039,"Middle East, North Africa, Afghanistan & Pakistan"
Libya,LBY,1983,8927.36442785362,"Middle East, North Africa, Afghanistan & Pakistan"
Libya,LBY,1982,9063.69851267735,"Middle East, North Africa, Afghanistan & Pakistan"
Libya,LBY,1981,10044.0410042727,"Middle East, North Africa, Afghanistan & Pakistan"
Libya,LBY,1980,11959.5222690783,"Middle East, North Africa, Afghanistan & Pakistan"
Libya,LBY,1979,9442.75933267842,"Middle East, North Africa, Afghanistan & Pakistan"
Libya,LBY,1978,7251.83754156259,"Middle East, North Africa, Afghanistan & Pakistan"
Libya,LBY,1977,7783.46009141417,"Middle East, North Africa, Afghanistan & Pakistan"
Libya,LBY,1976,7017.74340734557,"Middle East, North Africa, Afghanistan & Pakistan"
Libya,LBY,1975,5720.62691135285,"Middle East, North Africa, Afghanistan & Pakistan"
Libya,LBY,1974,6213.50027490617,"Middle East, North Africa, Afghanistan & Pakistan"
Libya,LBY,1973,3727.38549878198,"Middle East, North Africa, Afghanistan & Pakistan"
Libya,LBY,1972,2829.80145194559,"Middle East, North Africa, Afghanistan & Pakistan"
Libya,LBY,1971,2442.58280826718,"Middle East, North Africa, Afghanistan & Pakistan"
Libya,LBY,1970,2209.5811758058,"Middle East, North Africa, Afghanistan & Pakistan"
Libya,LBY,1969,2174.95045716041,"Middle East, North Africa, Afghanistan & Pakistan"
Libya,LBY,1968,1971.86632548697,"Middle East, North Africa, Afghanistan & Pakistan"
Libya,LBY,1967,1436.61803256942,"Middle East, North Africa, Afghanistan & Pakistan"
Libya,LBY,1966,1250.60018821673,"Middle East, North Africa, Afghanistan & Pakistan"
Libya,LBY,1965,1000.53474079103,"Middle East, North Africa, Afghanistan & Pakistan"
Libya,LBY,1964,764.898389420845,"Middle East, North Africa, Afghanistan & Pakistan"
Libya,LBY,1963,527.861939504427,"Middle East, North Africa, Afghanistan & Pakistan"
Libya,LBY,1962,382.084505727445,"Middle East, North Africa, Afghanistan & Pakistan"
Libya,LBY,1961,285.341580882777,"Middle East, North Africa, Afghanistan & Pakistan"
Libya,LBY,1960,269.038073094669,"Middle East, North Africa, Afghanistan & Pakistan"
Liechtenstein,LIE,2024,220167.225473557,Europe & Central Asia
Liechtenstein,LIE,2023,206780.590353385,Europe & Central Asia
Liechtenstein,LIE,2022,188055.003235348,Europe & Central Asia
Liechtenstein,LIE,2021,201944.830335076,Europe & Central Asia
Liechtenstein,LIE,2020,164671.093553454,Europe & Central Asia
Liechtenstein,LIE,2019,166907.839305016,Europe & Central Asia
Liechtenstein,LIE,2018,174988.775083446,Europe & Central Asia
Liechtenstein,LIE,2017,170547.092298954,Europe & Central Asia
Liechtenstein,LIE,2016,165375.491396259,Europe & Central Asia
Liechtenstein,LIE,2015,167187.15730982,Europe & Central Asia
Liechtenstein,LIE,2014,178735.153020908,Europe & Central Asia
Liechtenstein,LIE,2013,172823.607794648,Europe & Central Asia
Liechtenstein,LIE,2012,148842.035144342,Europe & Central Asia
Liechtenstein,LIE,2011,158066.369379163,Europe & Central Asia
Liechtenstein,LIE,2010,141089.812849014,Europe & Central Asia
Liechtenstein,LIE,2009,126024.714567466,Europe & Central Asia
Liechtenstein,LIE,2008,143249.227302093,Europe & Central Asia
Liechtenstein,LIE,2007,130492.595349517,Europe & Central Asia
Liechtenstein,LIE,2006,114167.939211301,Europe & Central Asia
Liechtenstein,LIE,2005,105295.057027611,Europe & Central Asia
Liechtenstein,LIE,2004,100280.831356705,Europe & Central Asia
Liechtenstein,LIE,2003,90108.3673647008,Europe & Central Asia
Liechtenstein,LIE,2002,79795.1785891101,Europe & Central Asia
Liechtenstein,LIE,2001,75067.8001680043,Europe & Central Asia
Liechtenstein,LIE,2000,76087.911114202,Europe & Central Asia
Liechtenstein,LIE,1999,82682.284882177,Europe & Central Asia
Liechtenstein,LIE,1998,78302.9905905848,Europe & Central Asia
Liechtenstein,LIE,1997,73590.8620289713,Europe & Central Asia
Liechtenstein,LIE,1996,80688.7182490376,Europe & Central Asia
Liechtenstein,LIE,1995,78909.7043377718,Europe & Central Asia
Liechtenstein,LIE,1994,63935.9902445462,Europe & Central Asia
Liechtenstein,LIE,1993,55604.5479972049,Europe & Central Asia
Liechtenstein,LIE,1992,55057.1110625654,Europe & Central Asia
Liechtenstein,LIE,1991,50811.7464531317,Europe & Central Asia
Liechtenstein,LIE,1990,49457.5609343203,Europe & Central Asia
Liechtenstein,LIE,1989,39551.6404002324,Europe & Central Asia
Liechtenstein,LIE,1988,41568.5441182755,Europe & Central Asia
Liechtenstein,LIE,1987,38206.2269467289,Europe & Central Asia
Liechtenstein,LIE,1986,28612.8865004795,Europe & Central Asia
Liechtenstein,LIE,1985,19684.2626852288,Europe & Central Asia
Liechtenstein,LIE,1984,18898.3678693391,Europe & Central Asia
Liechtenstein,LIE,1983,19814.8538489961,Europe & Central Asia
Liechtenstein,LIE,1982,19885.6126562976,Europe & Central Asia
Liechtenstein,LIE,1981,19929.4102802351,Europe & Central Asia
Liechtenstein,LIE,1980,20958.7395302666,Europe & Central Asia
Liechtenstein,LIE,1979,19674.4126839447,Europe & Central Asia
Liechtenstein,LIE,1978,17456.9309487089,Europe & Central Asia
Liechtenstein,LIE,1977,12416.8693020523,Europe & Central Asia
Liechtenstein,LIE,1976,11326.3488431219,Europe & Central Asia
Liechtenstein,LIE,1975,10332.5128681378,Europe & Central Asia
Liechtenstein,LIE,1974,8271.73531542796,Europe & Central Asia
Liechtenstein,LIE,1973,7282.37355960148,Europe & Central Asia
Liechtenstein,LIE,1972,5645.23266418851,Europe & Central Asia
Liechtenstein,LIE,1971,4856.0090432336,Europe & Central Asia
Liechtenstein,LIE,1970,4262.03220640334,Europe & Central Asia
Lithuania,LTU,2025,32958.6706396386,Europe & Central Asia
Lithuania,LTU,2024,29603.7772588256,Europe & Central Asia
Lithuania,LTU,2023,27983.3658256887,Europe & Central Asia
Lithuania,LTU,2022,24946.5724005188,Europe & Central Asia
Lithuania,LTU,2021,23882.8668916753,Europe & Central Asia
Lithuania,LTU,2020,20428.6478157394,Europe & Central Asia
Lithuania,LTU,2019,19608.7943945553,Europe & Central Asia
Lithuania,LTU,2018,19247.2315367967,Europe & Central Asia
Lithuania,LTU,2017,16800.1510246099,Europe & Central Asia
Lithuania,LTU,2016,14934.2702840428,Europe & Central Asia
Lithuania,LTU,2015,14269.8039878287,Europe & Central Asia
Lithuania,LTU,2014,16446.1647181663,Europe & Central Asia
Lithuania,LTU,2013,15636.5252586048,Europe & Central Asia
Lithuania,LTU,2012,14288.1853493139,Europe & Central Asia
Lithuania,LTU,2011,14261.8433787325,Europe & Central Asia
Lithuania,LTU,2010,11829.122609457,Europe & Central Asia
Lithuania,LTU,2009,11854.3711053096,Europe & Central Asia
Lithuania,LTU,2008,14955.5345462921,Europe & Central Asia
Lithuania,LTU,2007,12295.1212779366,Europe & Central Asia
Lithuania,LTU,2006,9210.10118229413,Europe & Central Asia
Lithuania,LTU,2005,7857.03148786492,Europe & Central Asia
Lithuania,LTU,2004,6734.57487061946,Europe & Central Asia
Lithuania,LTU,2003,5507.47434187652,Europe & Central Asia
Lithuania,LTU,2002,4148.13091485015,Europe & Central Asia
Lithuania,LTU,2001,3532.52787363242,Europe & Central Asia
Lithuania,LTU,2000,3300.63634928559,Europe & Central Asia
Lithuania,LTU,1999,3127.51176667183,Europe & Central Asia
Lithuania,LTU,1998,3180.64498555255,Europe & Central Asia
Lithuania,LTU,1997,2844.16286797492,Europe & Central Asia
Lithuania,LTU,1996,2340.67545970008,Europe & Central Asia
Lithuania,LTU,1995,2182.69156931505,Europe & Central Asia
Luxembourg,LUX,2025,147252.179121515,Europe & Central Asia
Luxembourg,LUX,2024,137781.681659123,Europe & Central Asia
Luxembourg,LUX,2023,133230.619178899,Europe & Central Asia
Luxembourg,LUX,2022,123719.658915996,Europe & Central Asia
Luxembourg,LUX,2021,134965.815442152,Europe & Central Asia
Luxembourg,LUX,2020,116860.02817236,Europe & Central Asia
Luxembourg,LUX,2019,112696.649059674,Europe & Central Asia
Luxembourg,LUX,2018,116926.759593905,Europe & Central Asia
Luxembourg,LUX,2017,110193.213797228,Europe & Central Asia
Luxembourg,LUX,2016,106899.293549552,Europe & Central Asia
Luxembourg,LUX,2015,105462.012584423,Europe & Central Asia
Luxembourg,LUX,2014,123678.706919314,Europe & Central Asia
Luxembourg,LUX,2013,120000.140729859,Europe & Central Asia
Luxembourg,LUX,2012,112584.676270958,Europe & Central Asia
Luxembourg,LUX,2011,119025.057203467,Europe & Central Asia
Luxembourg,LUX,2010,110885.991378721,Europe & Central Asia
Luxembourg,LUX,2009,109419.746953106,Europe & Central Asia
Luxembourg,LUX,2008,120422.137934157,Europe & Central Asia
Luxembourg,LUX,2007,107475.320297978,Europe & Central Asia
Luxembourg,LUX,2006,90788.8164271049,Europe & Central Asia
Luxembourg,LUX,2005,80988.2044869403,Europe & Central Asia
Luxembourg,LUX,2004,76544.9170868473,Europe & Central Asia
Luxembourg,LUX,2003,65689.3214536911,Europe & Central Asia
Luxembourg,LUX,2002,53005.731801629,Europe & Central Asia
Luxembourg,LUX,2001,48440.1805564662,Europe & Central Asia
Luxembourg,LUX,2000,48659.6390968187,Europe & Central Asia
Luxembourg,LUX,1999,50872.4492684624,Europe & Central Asia
Luxembourg,LUX,1998,47445.3863148198,Europe & Central Asia
Luxembourg,LUX,1997,46641.6408754876,Europe & Central Asia
Luxembourg,LUX,1996,50444.3591236175,Europe & Central Asia
Luxembourg,LUX,1995,51032.349635318,Europe & Central Asia
Luxembourg,LUX,1994,43933.235442736,Europe & Central Asia
Luxembourg,LUX,1993,40066.7242518773,Europe & Central Asia
Luxembourg,LUX,1992,39570.8615665986,Europe & Central Asia
Luxembourg,LUX,1991,35747.3377992066,Europe & Central Asia
Luxembourg,LUX,1990,33465.478207919,Europe & Central Asia
Luxembourg,LUX,1989,26618.0695774968,Europe & Central Asia
Luxembourg,LUX,1988,25219.3542781732,Europe & Central Asia
Luxembourg,LUX,1987,22443.4314633012,Europe & Central Asia
Luxembourg,LUX,1986,18149.8692500239,Europe & Central Asia
Luxembourg,LUX,1985,12481.9658448559,Europe & Central Asia
Luxembourg,LUX,1984,12126.9391987909,Europe & Central Asia
Luxembourg,LUX,1983,12374.0304234408,Europe & Central Asia
Luxembourg,LUX,1982,12590.9767956204,Europe & Central Asia
Luxembourg,LUX,1981,13837.1299814617,Europe & Central Asia
Luxembourg,LUX,1980,16531.1148988397,Europe & Central Asia
Luxembourg,LUX,1979,15204.3308191994,Europe & Central Asia
Luxembourg,LUX,1978,13034.3882079614,Europe & Central Asia
Luxembourg,LUX,1977,10486.3357891095,Europe & Central Asia
Luxembourg,LUX,1976,9490.6903118849,Europe & Central Asia
Luxembourg,LUX,1975,8701.30473139249,Europe & Central Asia
Luxembourg,LUX,1974,8966.72895879047,Europe & Central Asia
Luxembourg,LUX,1973,7447.21301786664,Europe & Central Asia
Luxembourg,LUX,1972,5486.72062789089,Europe & Central Asia
Luxembourg,LUX,1971,4435.39800823681,Europe & Central Asia
Luxembourg,LUX,1970,4298.03389742102,Europe & Central Asia
Luxembourg,LUX,1969,3690.17182620062,Europe & Central Asia
Luxembourg,LUX,1968,3202.50594852825,Europe & Central Asia
Luxembourg,LUX,1967,2934.52832111007,Europe & Central Asia
Luxembourg,LUX,1966,2925.22204723477,Europe & Central Asia
Luxembourg,LUX,1965,2803.85304611765,Europe & Central Asia
Luxembourg,LUX,1964,2779.18439746326,Europe & Central Asia
Luxembourg,LUX,1963,2461.90112384487,Europe & Central Asia
Luxembourg,LUX,1962,2331.55685801925,Europe & Central Asia
Luxembourg,LUX,1961,2241.36003221423,Europe & Central Asia
Luxembourg,LUX,1960,2261.17741836594,Europe & Central Asia
"Macao SAR, China",MAC,2025,75901.7461294198,East Asia & Pacific
"Macao SAR, China",MAC,2024,72004.7437020733,East Asia & Pacific
"Macao SAR, China",MAC,2023,67216.3631112124,East Asia & Pacific
"Macao SAR, China",MAC,2022,36806.891255461,East Asia & Pacific
"Macao SAR, China",MAC,2021,44884.8961602393,East Asia & Pacific
"Macao SAR, China",MAC,2020,36883.6652578543,East Asia & Pacific
"Macao SAR, China",MAC,2019,81882.6964523869,East Asia & Pacific
"Macao SAR, China",MAC,2018,83588.2875009014,East Asia & Pacific
"Macao SAR, China",MAC,2017,77570.9876166977,East Asia & Pacific
"Macao SAR, China",MAC,2016,68911.6755919628,East Asia & Pacific
"Macao SAR, China",MAC,2015,69902.9605741233,East Asia & Pacific
"Macao SAR, China",MAC,2014,88355.3181764446,East Asia & Pacific
"Macao SAR, China",MAC,2013,87107.8313063626,East Asia & Pacific
"Macao SAR, China",MAC,2012,76058.0224963659,East Asia & Pacific
"Macao SAR, China",MAC,2011,67046.7284292101,East Asia & Pacific
"Macao SAR, China",MAC,2010,52596.2250160214,East Asia & Pacific
"Macao SAR, China",MAC,2009,40354.2810293673,East Asia & Pacific
"Macao SAR, China",MAC,2008,38888.5118044503,East Asia & Pacific
"Macao SAR, China",MAC,2007,35400.2334659409,East Asia & Pacific
"Macao SAR, China",MAC,2006,29813.7877167933,East Asia & Pacific
"Macao SAR, China",MAC,2005,25681.2167315221,East Asia & Pacific
"Macao SAR, China",MAC,2004,23407.1993692194,East Asia & Pacific
"Macao SAR, China",MAC,2003,18589.8998330534,East Asia & Pacific
"Macao SAR, China",MAC,2002,16814.9926424134,East Asia & Pacific
"Macao SAR, China",MAC,2001,15810.7227666562,East Asia & Pacific
"Macao SAR, China",MAC,2000,15731.4081633771,East Asia & Pacific
"Macao SAR, China",MAC,1999,15318.6006770368,East Asia & Pacific
"Macao SAR, China",MAC,1998,16094.9913844594,East Asia & Pacific
"Macao SAR, China",MAC,1997,17415.6982810978,East Asia & Pacific
"Macao SAR, China",MAC,1996,17289.5517956917,East Asia & Pacific
"Macao SAR, China",MAC,1995,17215.1178522275,East Asia & Pacific
"Macao SAR, China",MAC,1994,15905.2615421482,East Asia & Pacific
"Macao SAR, China",MAC,1993,14754.1825906333,East Asia & Pacific
"Macao SAR, China",MAC,1992,13249.8387410349,East Asia & Pacific
"Macao SAR, China",MAC,1991,10707.3786750774,East Asia & Pacific
"Macao SAR, China",MAC,1990,9692.43538809962,East Asia & Pacific
"Macao SAR, China",MAC,1989,8322.56380195863,East Asia & Pacific
"Macao SAR, China",MAC,1988,7242.91715984991,East Asia & Pacific
"Macao SAR, China",MAC,1987,6380.07114016362,East Asia & Pacific
"Macao SAR, China",MAC,1986,5175.15646068506,East Asia & Pacific
"Macao SAR, China",MAC,1985,4701.66434223387,East Asia & Pacific
"Macao SAR, China",MAC,1984,4611.49497355573,East Asia & Pacific
"Macao SAR, China",MAC,1983,4207.25300817099,East Asia & Pacific
"Macao SAR, China",MAC,1982,4486.541208636,East Asia & Pacific
Madagascar,MDG,2025,599.265294255357,Sub-Saharan Africa 
Madagascar,MDG,2024,550.37875528856,Sub-Saharan Africa 
Madagascar,MDG,2023,514.064076551927,Sub-Saharan Africa 
Madagascar,MDG,2022,504.059106969168,Sub-Saharan Africa 
Madagascar,MDG,2021,483.469463351195,Sub-Saharan Africa 
Madagascar,MDG,2020,450.771615205157,Sub-Saharan Africa 
Madagascar,MDG,2019,499.818837622534,Sub-Saharan Africa 
Madagascar,MDG,2018,500.45718552916,Sub-Saharan Africa 
Madagascar,MDG,2017,491.866848718929,Sub-Saharan Africa 
Madagascar,MDG,2016,453.970714522463,Sub-Saharan Africa 
Madagascar,MDG,2015,445.320069480568,Sub-Saharan Africa 
Madagascar,MDG,2014,505.684922503435,Sub-Saharan Africa 
Madagascar,MDG,2013,515.301589361832,Sub-Saharan Africa 
Madagascar,MDG,2012,493.511162904211,Sub-Saharan Africa 
Madagascar,MDG,2011,506.163691559309,Sub-Saharan Africa 
Madagascar,MDG,2010,450.009391645726,Sub-Saharan Africa 
Madagascar,MDG,2009,446.315238370592,Sub-Saharan Africa 
Madagascar,MDG,2008,512.579800058444,Sub-Saharan Africa 
Madagascar,MDG,2007,419.548001431865,Sub-Saharan Africa 
Madagascar,MDG,2006,324.146874882604,Sub-Saharan Africa 
Madagascar,MDG,2005,305.812074924388,Sub-Saharan Africa 
Madagascar,MDG,2004,272.20074858856,Sub-Saharan Africa 
Madagascar,MDG,2003,352.620095849925,Sub-Saharan Africa 
Madagascar,MDG,2002,304.941777398445,Sub-Saharan Africa 
Madagascar,MDG,2001,319.283278235657,Sub-Saharan Africa 
Madagascar,MDG,2000,280.282905559649,Sub-Saharan Africa 
Madagascar,MDG,1999,267.360530991414,Sub-Saharan Africa 
Madagascar,MDG,1998,284.192923139852,Sub-Saharan Africa 
Madagascar,MDG,1997,284.371843967244,Sub-Saharan Africa 
Madagascar,MDG,1996,339.877283663608,Sub-Saharan Africa 
Madagascar,MDG,1995,273.149653945976,Sub-Saharan Africa 
Madagascar,MDG,1994,258.723806434505,Sub-Saharan Africa 
Madagascar,MDG,1993,307.887603096441,Sub-Saharan Africa 
Madagascar,MDG,1992,290.2120463948,Sub-Saharan Africa 
Madagascar,MDG,1991,262.024402380479,Sub-Saharan Africa 
Madagascar,MDG,1990,326.099253221978,Sub-Saharan Africa 
Madagascar,MDG,1989,271.306183276982,Sub-Saharan Africa 
Madagascar,MDG,1988,280.528398357653,Sub-Saharan Africa 
Madagascar,MDG,1987,290.831531079348,Sub-Saharan Africa 
Madagascar,MDG,1986,404.959271422966,Sub-Saharan Africa 
Madagascar,MDG,1985,364.469101913106,Sub-Saharan Africa 
Madagascar,MDG,1984,385.408181010621,Sub-Saharan Africa 
Madagascar,MDG,1983,476.118671340584,Sub-Saharan Africa 
Madagascar,MDG,1982,500.642606965445,Sub-Saharan Africa 
Madagascar,MDG,1981,512.913929983213,Sub-Saharan Africa 
Madagascar,MDG,1980,577.592700958515,Sub-Saharan Africa 
Madagascar,MDG,1979,396.398711932997,Sub-Saharan Africa 
Madagascar,MDG,1978,314.983241249429,Sub-Saharan Africa 
Madagascar,MDG,1977,286.89632096228,Sub-Saharan Africa 
Madagascar,MDG,1976,273.522678185535,Sub-Saharan Africa 
Madagascar,MDG,1975,294.992905767807,Sub-Saharan Africa 
Madagascar,MDG,1974,255.336638120604,Sub-Saharan Africa 
Madagascar,MDG,1973,226.818255725382,Sub-Saharan Africa 
Madagascar,MDG,1972,189.640262028465,Sub-Saharan Africa 
Madagascar,MDG,1971,174.629594145065,Sub-Saharan Africa 
Madagascar,MDG,1970,166.645544206518,Sub-Saharan Africa 
Madagascar,MDG,1969,162.904752589963,Sub-Saharan Africa 
Madagascar,MDG,1968,163.588485295319,Sub-Saharan Africa 
Madagascar,MDG,1967,155.860688364854,Sub-Saharan Africa 
Madagascar,MDG,1966,150.690080692721,Sub-Saharan Africa 
Madagascar,MDG,1965,143.245722030305,Sub-Saharan Africa 
Madagascar,MDG,1964,141.534669132002,Sub-Saharan Africa 
Madagascar,MDG,1963,137.433563533649,Sub-Saharan Africa 
Madagascar,MDG,1962,137.308007316434,Sub-Saharan Africa 
Madagascar,MDG,1961,133.271232882825,Sub-Saharan Africa 
Madagascar,MDG,1960,131.69201832961,Sub-Saharan Africa 
Malawi,MWI,2025,671.506847203876,Sub-Saharan Africa 
Malawi,MWI,2024,522.365366146003,Sub-Saharan Africa 
Malawi,MWI,2023,633.214767978695,Sub-Saharan Africa 
Malawi,MWI,2022,604.269740360317,Sub-Saharan Africa 
Malawi,MWI,2021,617.446994451007,Sub-Saharan Africa 
Malawi,MWI,2020,602.507478176106,Sub-Saharan Africa 
Malawi,MWI,2019,580.889139762475,Sub-Saharan Africa 
Malawi,MWI,2018,533.202567189331,Sub-Saharan Africa 
Malawi,MWI,2017,495.769683367165,Sub-Saharan Africa 
Malawi,MWI,2016,450.506105510719,Sub-Saharan Africa 
Malawi,MWI,2015,539.605363240686,Sub-Saharan Africa 
Malawi,MWI,2014,529.5133440206,Sub-Saharan Africa 
Malawi,MWI,2013,496.947368267313,Sub-Saharan Africa 
Malawi,MWI,2012,558.46208832772,Sub-Saharan Africa 
Malawi,MWI,2011,763.061000394572,Sub-Saharan Africa 
Malawi,MWI,2010,683.124694716799,Sub-Saharan Africa 
Malawi,MWI,2009,625.869729869625,Sub-Saharan Africa 
Malawi,MWI,2008,554.048820396119,Sub-Saharan Africa 
Malawi,MWI,2007,475.180261659331,Sub-Saharan Africa 
Malawi,MWI,2006,440.822149023873,Sub-Saharan Africa 
Malawi,MWI,2005,414.361121984475,Sub-Saharan Africa 
Malawi,MWI,2004,404.674248445428,Sub-Saharan Africa 
Malawi,MWI,2003,383.348596852642,Sub-Saharan Africa 
Malawi,MWI,2002,428.210439838398,Sub-Saharan Africa 
Malawi,MWI,2001,215.474524898357,Sub-Saharan Africa 
Malawi,MWI,2000,224.22415918428,Sub-Saharan Africa 
Malawi,MWI,1999,233.935986197873,Sub-Saharan Africa 
Malawi,MWI,1998,236.045479450504,Sub-Saharan Africa 
Malawi,MWI,1997,366.954461274104,Sub-Saharan Africa 
Malawi,MWI,1996,320.662735559137,Sub-Saharan Africa 
Malawi,MWI,1995,200.362370007247,Sub-Saharan Africa 
Malawi,MWI,1994,169.196526919639,Sub-Saharan Africa 
Malawi,MWI,1993,293.016883079922,Sub-Saharan Africa 
Malawi,MWI,1992,258.393430877557,Sub-Saharan Africa 
Malawi,MWI,1991,325.75273105931,Sub-Saharan Africa 
Malawi,MWI,1990,286.730598968269,Sub-Saharan Africa 
Malawi,MWI,1989,252.19590741943,Sub-Saharan Africa 
Malawi,MWI,1988,229.421843922728,Sub-Saharan Africa 
Malawi,MWI,1987,207.605894737179,Sub-Saharan Africa 
Malawi,MWI,1986,217.8701899466,Sub-Saharan Africa 
Malawi,MWI,1985,216.054136140391,Sub-Saharan Africa 
Malawi,MWI,1984,239.74828969103,Sub-Saharan Africa 
Malawi,MWI,1983,252.442074600122,Sub-Saharan Africa 
Malawi,MWI,1982,253.342697905133,Sub-Saharan Africa 
Malawi,MWI,1981,276.407062724717,Sub-Saharan Africa 
Malawi,MWI,1980,287.470822426729,Sub-Saharan Africa 
Malaysia,MYS,2025,13124.5554178269,East Asia & Pacific
Malaysia,MYS,2024,11874.4273684245,East Asia & Pacific
Malaysia,MYS,2023,11386.0395636528,East Asia & Pacific
Malaysia,MYS,2022,11754.5678336248,East Asia & Pacific
Malaysia,MYS,2021,10903.1037480772,East Asia & Pacific
Malaysia,MYS,2020,9957.52626697613,East Asia & Pacific
Malaysia,MYS,2019,10920.191763972,East Asia & Pacific
Malaysia,MYS,2018,10901.8019954421,East Asia & Pacific
Malaysia,MYS,2017,9862.54806612235,East Asia & Pacific
Malaysia,MYS,2016,9476.53409809923,East Asia & Pacific
Malaysia,MYS,2015,9648.6797937523,East Asia & Pacific
Malaysia,MYS,2014,11013.3107334403,East Asia & Pacific
Malaysia,MYS,2013,10713.6407638899,East Asia & Pacific
Malaysia,MYS,2012,10600.5744240026,East Asia & Pacific
Malaysia,MYS,2011,10217.1068585031,East Asia & Pacific
Malaysia,MYS,2010,8899.34505544675,East Asia & Pacific
Malaysia,MYS,2009,7191.43287234626,East Asia & Pacific
Malaysia,MYS,2008,8371.82156086005,East Asia & Pacific
Malaysia,MYS,2007,7168.93031942508,East Asia & Pacific
Malaysia,MYS,2006,6158.40785533236,East Asia & Pacific
Malaysia,MYS,2005,5555.58179951206,East Asia & Pacific
Malaysia,MYS,2004,4939.24851854427,East Asia & Pacific
Malaysia,MYS,2003,4465.32194567208,East Asia & Pacific
Malaysia,MYS,2002,4184.03163773539,East Asia & Pacific
Malaysia,MYS,2001,3943.79943910239,East Asia & Pacific
Malaysia,MYS,2000,4083.52874483605,East Asia & Pacific
Malaysia,MYS,1999,3527.81581379249,East Asia & Pacific
Malaysia,MYS,1998,3294.30978444095,East Asia & Pacific
Malaysia,MYS,1997,4678.56390058182,East Asia & Pacific
Malaysia,MYS,1996,4837.16897250768,East Asia & Pacific
Malaysia,MYS,1995,4363.14458333034,East Asia & Pacific
Malaysia,MYS,1994,3757.65292858601,East Asia & Pacific
Malaysia,MYS,1993,3461.99504214189,East Asia & Pacific
Malaysia,MYS,1992,3141.43321987651,East Asia & Pacific
Malaysia,MYS,1991,2679.20101106745,East Asia & Pacific
Malaysia,MYS,1990,2468.69080320116,East Asia & Pacific
Malaysia,MYS,1989,2243.60219599914,East Asia & Pacific
Malaysia,MYS,1988,2099.95467656701,East Asia & Pacific
Malaysia,MYS,1987,1977.1290866202,East Asia & Pacific
Malaysia,MYS,1986,1759.73185736702,East Asia & Pacific
Malaysia,MYS,1985,2045.57471772113,East Asia & Pacific
Malaysia,MYS,1984,2299.80870816235,East Asia & Pacific
Malaysia,MYS,1983,2124.29229106221,East Asia & Pacific
Malaysia,MYS,1982,1937.74922725899,East Asia & Pacific
Malaysia,MYS,1981,1866.10246831744,East Asia & Pacific
Malaysia,MYS,1980,1886.12339323875,East Asia & Pacific
Malaysia,MYS,1979,1679.87779419937,East Asia & Pacific
Malaysia,MYS,1978,1326.88769798353,East Asia & Pacific
Malaysia,MYS,1977,1091.70837095855,East Asia & Pacific
Malaysia,MYS,1976,940.437734141673,East Asia & Pacific
Malaysia,MYS,1975,810.570999701272,East Asia & Pacific
Malaysia,MYS,1974,847.806802570239,East Asia & Pacific
Malaysia,MYS,1973,700.728626010603,East Asia & Pacific
Malaysia,MYS,1972,472.363509449959,East Asia & Pacific
Malaysia,MYS,1971,407.19672797331,East Asia & Pacific
Malaysia,MYS,1970,379.626764270849,East Asia & Pacific
Malaysia,MYS,1969,368.385655484736,East Asia & Pacific
Malaysia,MYS,1968,342.444763417284,East Asia & Pacific
Malaysia,MYS,1967,335.425630582949,East Asia & Pacific
Malaysia,MYS,1966,338.570121454412,East Asia & Pacific
Malaysia,MYS,1965,326.436007443045,East Asia & Pacific
Malaysia,MYS,1964,302.933952345239,East Asia & Pacific
Malaysia,MYS,1963,291.800006993807,East Asia & Pacific
Malaysia,MYS,1962,238.836339180717,East Asia & Pacific
Malaysia,MYS,1961,232.943768818315,East Asia & Pacific
Malaysia,MYS,1960,240.847414554537,East Asia & Pacific
Maldives,MDV,2025,14614.7208116541,South Asia
Maldives,MDV,2024,13379.3513577224,South Asia
Maldives,MDV,2023,12587.6126038651,South Asia
Maldives,MDV,2022,11786.0191492983,South Asia
Maldives,MDV,2021,10176.143882547,South Asia
Maldives,MDV,2020,7393.8886543933,South Asia
Maldives,MDV,2019,11740.2724029785,South Asia
Maldives,MDV,2018,11423.2838427029,South Asia
Maldives,MDV,2017,10509.628805812,South Asia
Maldives,MDV,2016,9947.80744731739,South Asia
Maldives,MDV,2015,9644.90655028145,South Asia
Maldives,MDV,2014,8939.07416571472,South Asia
Maldives,MDV,2013,8236.08177944126,South Asia
Maldives,MDV,2012,7461.29703686309,South Asia
Maldives,MDV,2011,7424.520410971,South Asia
Maldives,MDV,2010,7173.59601844692,South Asia
Maldives,MDV,2009,6734.03165601895,South Asia
Maldives,MDV,2008,6757.43280929292,South Asia
Maldives,MDV,2007,5758.10286933053,South Asia
Maldives,MDV,2006,5018.94335409159,South Asia
Maldives,MDV,2005,3796.51546524644,South Asia
Maldives,MDV,2004,4070.2609459446,South Asia
Maldives,MDV,2003,3548.5767011056,South Asia
Maldives,MDV,2002,3076.07007160101,South Asia
Maldives,MDV,2001,3033.93234507036,South Asia
Maldives,MDV,2000,2213.81235053178,South Asia
Maldives,MDV,1999,2124.06007530631,South Asia
Maldives,MDV,1998,1980.38448396751,South Asia
Maldives,MDV,1997,1898.43225010526,South Asia
Maldives,MDV,1996,1716.74281753716,South Asia
Maldives,MDV,1995,1554.60942754604,South Asia
Maldives,MDV,1994,1419.39276513408,South Asia
Maldives,MDV,1993,1316.614548774,South Asia
Maldives,MDV,1992,1194.2325242813,South Asia
Maldives,MDV,1991,1054.33413828759,South Asia
Maldives,MDV,1990,956.763019768672,South Asia
Maldives,MDV,1989,870.378318180563,South Asia
Maldives,MDV,1988,799.082501719284,South Asia
Maldives,MDV,1987,692.459838892363,South Asia
Maldives,MDV,1986,720.452201133255,South Asia
Maldives,MDV,1985,668.830135090308,South Asia
Maldives,MDV,1984,594.488246882652,South Asia
Maldives,MDV,1983,322.84057899403,South Asia
Maldives,MDV,1982,274.826568598483,South Asia
Maldives,MDV,1981,264.147517599287,South Asia
Maldives,MDV,1980,257.612619643525,South Asia
Maldives,MDV,1979,240.230509391253,South Asia
Maldives,MDV,1978,156.053183880423,South Asia
Maldives,MDV,1977,137.259189834243,South Asia
Maldives,MDV,1976,151.835059178195,South Asia
Maldives,MDV,1975,171.425121922398,South Asia
Maldives,MDV,1974,281.484632436928,South Asia
Maldives,MDV,1973,228.689027239389,South Asia
Maldives,MDV,1972,192.238848639394,South Asia
Maldives,MDV,1971,169.767418561131,South Asia
Maldives,MDV,1970,156.859236934154,South Asia
Mali,MLI,2025,1193.27601004701,Sub-Saharan Africa 
Mali,MLI,2024,1093.2523323649,Sub-Saharan Africa 
Mali,MLI,2023,1042.44223444837,Sub-Saharan Africa 
Mali,MLI,2022,976.914116406452,Sub-Saharan Africa 
Mali,MLI,2021,1027.27345365357,Sub-Saharan Africa 
Mali,MLI,2020,953.242943290974,Sub-Saharan Africa 
Mali,MLI,2019,971.949318638092,Sub-Saharan Africa 
Mali,MLI,2018,996.379292136901,Sub-Saharan Africa 
Mali,MLI,2017,924.057531692284,Sub-Saharan Africa 
Mali,MLI,2016,872.468587171653,Sub-Saharan Africa 
Mali,MLI,2015,838.11986940103,Sub-Saharan Africa 
Mali,MLI,2014,947.915033293219,Sub-Saharan Africa 
Mali,MLI,2013,901.920957649814,Sub-Saharan Africa 
Mali,MLI,2012,872.506092463946,Sub-Saharan Africa 
Mali,MLI,2011,938.292902579598,Sub-Saharan Africa 
Mali,MLI,2010,797.151541141189,Sub-Saharan Africa 
Mali,MLI,2009,787.48256428259,Sub-Saharan Africa 
Mali,MLI,2008,767.194838946144,Sub-Saharan Africa 
Mali,MLI,2007,670.853394978069,Sub-Saharan Africa 
Mali,MLI,2006,586.985415512593,Sub-Saharan Africa 
Mali,MLI,2005,548.730382848879,Sub-Saharan Africa 
Mali,MLI,2004,495.006294675661,Sub-Saharan Africa 
Mali,MLI,2003,441.910358475171,Sub-Saharan Africa 
Mali,MLI,2002,378.191678628068,Sub-Saharan Africa 
Mali,MLI,2001,346.224554248587,Sub-Saharan Africa 
Mali,MLI,2000,304.652870189314,Sub-Saharan Africa 
Mali,MLI,1999,364.415678421892,Sub-Saharan Africa 
Mali,MLI,1998,356.64704402466,Sub-Saharan Africa 
Mali,MLI,1997,320.751522972854,Sub-Saharan Africa 
Mali,MLI,1996,359.662096056414,Sub-Saharan Africa 
Mali,MLI,1995,331.193112418678,Sub-Saharan Africa 
Mali,MLI,1994,266.455340175594,Sub-Saharan Africa 
Mali,MLI,1993,372.412257638931,Sub-Saharan Africa 
Mali,MLI,1992,385.278654501558,Sub-Saharan Africa 
Mali,MLI,1991,381.993534663018,Sub-Saharan Africa 
Mali,MLI,1990,353.903252431339,Sub-Saharan Africa 
Mali,MLI,1989,313.871327696511,Sub-Saharan Africa 
Mali,MLI,1988,307.019371606958,Sub-Saharan Africa 
Mali,MLI,1987,280.723262413678,Sub-Saharan Africa 
Mali,MLI,1986,250.013920202755,Sub-Saharan Africa 
Mali,MLI,1985,190.377454158271,Sub-Saharan Africa 
Mali,MLI,1984,169.067780598011,Sub-Saharan Africa 
Mali,MLI,1983,186.276028899026,Sub-Saharan Africa 
Mali,MLI,1982,213.773956907607,Sub-Saharan Africa 
Mali,MLI,1981,290.478605534961,Sub-Saharan Africa 
Mali,MLI,1980,359.12056332085,Sub-Saharan Africa 
Mali,MLI,1979,216.320734146311,Sub-Saharan Africa 
Mali,MLI,1978,169.123319071279,Sub-Saharan Africa 
Mali,MLI,1977,148.052694572807,Sub-Saharan Africa 
Mali,MLI,1976,134.927575165475,Sub-Saharan Africa 
Mali,MLI,1975,121.497572665422,Sub-Saharan Africa 
Mali,MLI,1974,80.2252214087116,Sub-Saharan Africa 
Mali,MLI,1973,85.4440876506614,Sub-Saharan Africa 
Mali,MLI,1972,75.0521043387011,Sub-Saharan Africa 
Mali,MLI,1971,61.966462690907,Sub-Saharan Africa 
Mali,MLI,1970,57.3207870762744,Sub-Saharan Africa 
Mali,MLI,1969,55.0226859514125,Sub-Saharan Africa 
Mali,MLI,1968,56.5137530466331,Sub-Saharan Africa 
Mali,MLI,1967,45.9854448702914,Sub-Saharan Africa 
Malta,MLT,2025,47906.9000057635,"Middle East, North Africa, Afghanistan & Pakistan"
Malta,MLT,2024,44023.6341078148,"Middle East, North Africa, Afghanistan & Pakistan"
Malta,MLT,2023,40932.5238774461,"Middle East, North Africa, Afghanistan & Pakistan"
Malta,MLT,2022,35658.8318250199,"Middle East, North Africa, Afghanistan & Pakistan"
Malta,MLT,2021,38078.0064279067,"Middle East, North Africa, Afghanistan & Pakistan"
Malta,MLT,2020,31823.422001724,"Middle East, North Africa, Afghanistan & Pakistan"
Malta,MLT,2019,32421.9087471186,"Middle East, North Africa, Afghanistan & Pakistan"
Malta,MLT,2018,33382.280781103,"Middle East, North Africa, Afghanistan & Pakistan"
Malta,MLT,2017,30317.2611769875,"Middle East, North Africa, Afghanistan & Pakistan"
Malta,MLT,2016,26459.0644285369,"Middle East, North Africa, Afghanistan & Pakistan"
Malta,MLT,2015,25529.6693210673,"Middle East, North Africa, Afghanistan & Pakistan"
Malta,MLT,2014,27424.5693619702,"Middle East, North Africa, Afghanistan & Pakistan"
Malta,MLT,2013,25415.5525389054,"Middle East, North Africa, Afghanistan & Pakistan"
Malta,MLT,2012,22878.3095862582,"Middle East, North Africa, Afghanistan & Pakistan"
Malta,MLT,2011,23516.972445816,"Middle East, North Africa, Afghanistan & Pakistan"
Malta,MLT,2010,21946.6073066905,"Middle East, North Africa, Afghanistan & Pakistan"
Malta,MLT,2009,21261.5428699817,"Middle East, North Africa, Afghanistan & Pakistan"
Malta,MLT,2008,22405.6426266551,"Middle East, North Africa, Afghanistan & Pakistan"
Malta,MLT,2007,19444.1743635565,"Middle East, North Africa, Afghanistan & Pakistan"
Malta,MLT,2006,16653.6038312389,"Middle East, North Africa, Afghanistan & Pakistan"
Malta,MLT,2005,15831.3439802756,"Middle East, North Africa, Afghanistan & Pakistan"
Malta,MLT,2004,15212.1312964883,"Middle East, North Africa, Afghanistan & Pakistan"
Malta,MLT,2003,13593.9787182902,"Middle East, North Africa, Afghanistan & Pakistan"
Malta,MLT,2002,11251.2024877398,"Middle East, North Africa, Afghanistan & Pakistan"
Malta,MLT,2001,10357.7026407269,"Middle East, North Africa, Afghanistan & Pakistan"
Malta,MLT,2000,10348.485765125,"Middle East, North Africa, Afghanistan & Pakistan"
Malta,MLT,1999,10609.1105181418,"Middle East, North Africa, Afghanistan & Pakistan"
Malta,MLT,1998,10408.1156430599,"Middle East, North Africa, Afghanistan & Pakistan"
Malta,MLT,1997,9893.18885431564,"Middle East, North Africa, Afghanistan & Pakistan"
Malta,MLT,1996,10061.8500714248,"Middle East, North Africa, Afghanistan & Pakistan"
Malta,MLT,1995,9828.32366424667,"Middle East, North Africa, Afghanistan & Pakistan"
Malta,MLT,1994,8000.3453286604,"Middle East, North Africa, Afghanistan & Pakistan"
Malta,MLT,1993,7296.35111127489,"Middle East, North Africa, Afghanistan & Pakistan"
Malta,MLT,1992,8220.33403924666,"Middle East, North Africa, Afghanistan & Pakistan"
Malta,MLT,1991,7558.75921583164,"Middle East, North Africa, Afghanistan & Pakistan"
Malta,MLT,1990,7192.38994693962,"Middle East, North Africa, Afghanistan & Pakistan"
Malta,MLT,1989,6040.84054229986,"Middle East, North Africa, Afghanistan & Pakistan"
Malta,MLT,1988,5814.44775940093,"Middle East, North Africa, Afghanistan & Pakistan"
Malta,MLT,1987,5083.80179308013,"Middle East, North Africa, Afghanistan & Pakistan"
Malta,MLT,1986,4194.53480236296,"Middle East, North Africa, Afghanistan & Pakistan"
Malta,MLT,1985,3322.30879632858,"Middle East, North Africa, Afghanistan & Pakistan"
Malta,MLT,1984,3332.82018387922,"Middle East, North Africa, Afghanistan & Pakistan"
Malta,MLT,1983,3526.91395139354,"Middle East, North Africa, Afghanistan & Pakistan"
Malta,MLT,1982,3787.91647703123,"Middle East, North Africa, Afghanistan & Pakistan"
Malta,MLT,1981,3898.36853997864,"Middle East, North Africa, Afghanistan & Pakistan"
Malta,MLT,1980,3948.26572689504,"Middle East, North Africa, Afghanistan & Pakistan"
Malta,MLT,1979,3195.51431611516,"Middle East, North Africa, Afghanistan & Pakistan"
Malta,MLT,1978,2558.73455468428,"Middle East, North Africa, Afghanistan & Pakistan"
Malta,MLT,1977,2037.8641908695,"Middle East, North Africa, Afghanistan & Pakistan"
Malta,MLT,1976,1726.55944845303,"Middle East, North Africa, Afghanistan & Pakistan"
Malta,MLT,1975,1560.10519115107,"Middle East, North Africa, Afghanistan & Pakistan"
Malta,MLT,1974,1245.31823028606,"Middle East, North Africa, Afghanistan & Pakistan"
Malta,MLT,1973,1143.66679643467,"Middle East, North Africa, Afghanistan & Pakistan"
Malta,MLT,1972,975.720378043786,"Middle East, North Africa, Afghanistan & Pakistan"
Malta,MLT,1971,874.061727024101,"Middle East, North Africa, Afghanistan & Pakistan"
Malta,MLT,1970,828.44472588263,"Middle East, North Africa, Afghanistan & Pakistan"
Marshall Islands,MHL,2025,8489.05793506422,East Asia & Pacific
Marshall Islands,MHL,2024,7590.28443592202,East Asia & Pacific
Marshall Islands,MHL,2023,6799.39217554794,East Asia & Pacific
Marshall Islands,MHL,2022,6455.6603538189,East Asia & Pacific
Marshall Islands,MHL,2021,6315.31172190393,East Asia & Pacific
Marshall Islands,MHL,2020,5661.96787336674,East Asia & Pacific
Marshall Islands,MHL,2019,5292.33985502306,East Asia & Pacific
Marshall Islands,MHL,2018,4858.12079054875,East Asia & Pacific
Marshall Islands,MHL,2017,4592.83457628576,East Asia & Pacific
Marshall Islands,MHL,2016,4229.80988911945,East Asia & Pacific
Marshall Islands,MHL,2015,3764.34426229508,East Asia & Pacific
Marshall Islands,MHL,2014,3735.23977829545,East Asia & Pacific
Marshall Islands,MHL,2013,3677.90690791421,East Asia & Pacific
Marshall Islands,MHL,2012,3514.26515490383,East Asia & Pacific
Marshall Islands,MHL,2011,3319.39815439151,East Asia & Pacific
Marshall Islands,MHL,2010,3095.45768964722,East Asia & Pacific
Marshall Islands,MHL,2009,2906.63026970914,East Asia & Pacific
Marshall Islands,MHL,2008,2817.60522775322,East Asia & Pacific
Marshall Islands,MHL,2007,2892.28403958874,East Asia & Pacific
Marshall Islands,MHL,2006,2754.26988767503,East Asia & Pacific
Marshall Islands,MHL,2005,2658.65217893885,East Asia & Pacific
Marshall Islands,MHL,2004,2566.08291015814,East Asia & Pacific
Marshall Islands,MHL,2003,2539.3307383954,East Asia & Pacific
Marshall Islands,MHL,2002,2566.06708799222,East Asia & Pacific
Marshall Islands,MHL,2001,2394.34501105178,East Asia & Pacific
Marshall Islands,MHL,2000,2264.79114897645,East Asia & Pacific
Marshall Islands,MHL,1999,2257.92000318712,East Asia & Pacific
Marshall Islands,MHL,1998,2254.16054870567,East Asia & Pacific
Marshall Islands,MHL,1997,2230.75377088451,East Asia & Pacific
Marshall Islands,MHL,1996,2272.84469502819,East Asia & Pacific
Marshall Islands,MHL,1995,2490.98744457796,East Asia & Pacific
Marshall Islands,MHL,1994,2265.0695841717,East Asia & Pacific
Marshall Islands,MHL,1993,2112.01240099378,East Asia & Pacific
Marshall Islands,MHL,1992,1963.07234629646,East Asia & Pacific
Marshall Islands,MHL,1991,1810.63465589888,East Asia & Pacific
Marshall Islands,MHL,1990,1758.40820990836,East Asia & Pacific
Marshall Islands,MHL,1989,1670.21520671775,East Asia & Pacific
Marshall Islands,MHL,1988,1670.28189314997,East Asia & Pacific
Marshall Islands,MHL,1987,1542.64230430097,East Asia & Pacific
Marshall Islands,MHL,1986,1425.16418062414,East Asia & Pacific
Marshall Islands,MHL,1985,1162.01901432695,East Asia & Pacific
Marshall Islands,MHL,1984,1244.87094639312,East Asia & Pacific
Marshall Islands,MHL,1983,1199.30481744276,East Asia & Pacific
Marshall Islands,MHL,1982,1045.54301284547,East Asia & Pacific
Marshall Islands,MHL,1981,968.86029296936,East Asia & Pacific
Marshall Islands,MHL,1980,867.961688438292,East Asia & Pacific
Marshall Islands,MHL,1979,859.013585311722,East Asia & Pacific
Marshall Islands,MHL,1978,770.91776875282,East Asia & Pacific
Marshall Islands,MHL,1977,724.219486848706,East Asia & Pacific
Marshall Islands,MHL,1976,671.834758151068,East Asia & Pacific
Marshall Islands,MHL,1975,638.193048864418,East Asia & Pacific
Marshall Islands,MHL,1974,601.578589500316,East Asia & Pacific
Marshall Islands,MHL,1973,472.208860502014,East Asia & Pacific
Marshall Islands,MHL,1972,415.707402467489,East Asia & Pacific
Marshall Islands,MHL,1971,390.174184712831,East Asia & Pacific
Marshall Islands,MHL,1970,373.212871726587,East Asia & Pacific
Mauritania,MRT,2025,2197.51046251309,Sub-Saharan Africa 
Mauritania,MRT,2024,2104.54260769051,Sub-Saharan Africa 
Mauritania,MRT,2023,2127.9576285973,Sub-Saharan Africa 
Mauritania,MRT,2022,1961.28166648869,Sub-Saharan Africa 
Mauritania,MRT,2021,1947.47413907209,Sub-Saharan Africa 
Mauritania,MRT,2020,1795.72437324423,Sub-Saharan Africa 
Mauritania,MRT,2019,1767.072710621,Sub-Saharan Africa 
Mauritania,MRT,2018,1723.37809442655,Sub-Saharan Africa 
Mauritania,MRT,2017,1617.93401542267,Sub-Saharan Africa 
Mauritania,MRT,2016,1568.00551190332,Sub-Saharan Africa 
Mauritania,MRT,2015,1558.84205473416,Sub-Saharan Africa 
Mauritania,MRT,2014,1718.97089374709,Sub-Saharan Africa 
Mauritania,MRT,2013,1936.26950446101,Sub-Saharan Africa 
Mauritania,MRT,2012,1859.11733247641,Sub-Saharan Africa 
Mauritania,MRT,2011,1931.19975525465,Sub-Saharan Africa 
Mauritania,MRT,2010,1659.96369705455,Sub-Saharan Africa 
Mauritania,MRT,2009,1435.43010811893,Sub-Saharan Africa 
Mauritania,MRT,2008,1635.5630623124,Sub-Saharan Africa 
Mauritania,MRT,2007,1405.15016203368,Sub-Saharan Africa 
Mauritania,MRT,2006,1300.60367988659,Sub-Saharan Africa 
Mauritania,MRT,2005,998.96583416747,Sub-Saharan Africa 
Mauritania,MRT,2004,823.554457141893,Sub-Saharan Africa 
Mauritania,MRT,2003,732.017820812675,Sub-Saharan Africa 
Mauritania,MRT,2002,648.879643934862,Sub-Saharan Africa 
Mauritania,MRT,2001,651.817840199777,Sub-Saharan Africa 
Mauritania,MRT,2000,680.911061879778,Sub-Saharan Africa 
Mauritania,MRT,1999,781.337033563197,Sub-Saharan Africa 
Mauritania,MRT,1998,821.266378551937,Sub-Saharan Africa 
Mauritania,MRT,1997,859.28395817576,Sub-Saharan Africa 
Mauritania,MRT,1996,904.120879798142,Sub-Saharan Africa 
Mauritania,MRT,1995,904.719170071042,Sub-Saharan Africa 
Mauritania,MRT,1994,864.599478365453,Sub-Saharan Africa 
Mauritania,MRT,1993,849.620301696661,Sub-Saharan Africa 
Mauritania,MRT,1992,1036.47437808576,Sub-Saharan Africa 
Mauritania,MRT,1991,1061.67704285264,Sub-Saharan Africa 
Mauritania,MRT,1990,772.033092140219,Sub-Saharan Africa 
Mauritania,MRT,1989,762.275580637475,Sub-Saharan Africa 
Mauritania,MRT,1988,762.423918016846,Sub-Saharan Africa 
Mauritania,MRT,1987,745.787178962507,Sub-Saharan Africa 
Mauritania,MRT,1986,677.363323878901,Sub-Saharan Africa 
Mauritania,MRT,1985,593.219654421302,Sub-Saharan Africa 
Mauritania,MRT,1984,649.681186509673,Sub-Saharan Africa 
Mauritania,MRT,1983,725.174522510668,Sub-Saharan Africa 
Mauritania,MRT,1982,710.21886884239,Sub-Saharan Africa 
Mauritania,MRT,1981,728.796521822095,Sub-Saharan Africa 
Mauritania,MRT,1980,710.918952530534,Sub-Saharan Africa 
Mauritania,MRT,1979,664.383619042778,Sub-Saharan Africa 
Mauritania,MRT,1978,577.742777476832,Sub-Saharan Africa 
Mauritania,MRT,1977,590.226698413217,Sub-Saharan Africa 
Mauritania,MRT,1976,589.237667658903,Sub-Saharan Africa 
Mauritania,MRT,1975,550.66258324178,Sub-Saharan Africa 
Mauritania,MRT,1974,494.288408290337,Sub-Saharan Africa 
Mauritania,MRT,1973,409.721138785311,Sub-Saharan Africa 
Mauritania,MRT,1972,335.23154288786,Sub-Saharan Africa 
Mauritania,MRT,1971,295.993927021331,Sub-Saharan Africa 
Mauritania,MRT,1970,281.327175871626,Sub-Saharan Africa 
Mauritania,MRT,1969,276.598267711858,Sub-Saharan Africa 
Mauritania,MRT,1968,300.94152952866,Sub-Saharan Africa 
Mauritania,MRT,1967,281.533377446756,Sub-Saharan Africa 
Mauritania,MRT,1966,273.604362731912,Sub-Saharan Africa 
Mauritania,MRT,1965,269.962165823141,Sub-Saharan Africa 
Mauritania,MRT,1964,244.294599697524,Sub-Saharan Africa 
Mauritania,MRT,1963,188.249348047987,Sub-Saharan Africa 
Mauritania,MRT,1962,188.995146612769,Sub-Saharan Africa 
Mauritania,MRT,1961,188.158401597739,Sub-Saharan Africa 
Mauritius,MUS,2025,12991.2935987166,Sub-Saharan Africa 
Mauritius,MUS,2024,11990.9355434317,Sub-Saharan Africa 
Mauritius,MUS,2023,11269.9684462139,Sub-Saharan Africa 
Mauritius,MUS,2022,10246.5017455553,Sub-Saharan Africa 
Mauritius,MUS,2021,9177.71195973013,Sub-Saharan Africa 
Mauritius,MUS,2020,9135.84773751062,Sub-Saharan Africa 
Mauritius,MUS,2019,11568.2533399824,Sub-Saharan Africa 
Mauritius,MUS,2018,11818.7480619272,Sub-Saharan Africa 
Mauritius,MUS,2017,10986.7034093005,Sub-Saharan Africa 
Mauritius,MUS,2016,10095.1225574156,Sub-Saharan Africa 
Mauritius,MUS,2015,9630.5437837507,Sub-Saharan Africa 
Mauritius,MUS,2014,10490.3315563853,Sub-Saharan Africa 
Mauritius,MUS,2013,9877.13865958834,Sub-Saharan Africa 
Mauritius,MUS,2012,9421.52514098225,Sub-Saharan Africa 
Mauritius,MUS,2011,9324.24232310496,Sub-Saharan Africa 
Mauritius,MUS,2010,8113.17670740212,Sub-Saharan Africa 
Mauritius,MUS,2009,7426.86137313939,Sub-Saharan Africa 
Mauritius,MUS,2008,8140.47983639243,Sub-Saharan Africa 
Mauritius,MUS,2007,6677.37538616398,Sub-Saharan Africa 
Mauritius,MUS,2006,5784.22491883026,Sub-Saharan Africa 
Mauritius,MUS,2005,5354.02974260642,Sub-Saharan Africa 
Mauritius,MUS,2004,5460.60800184198,Sub-Saharan Africa 
Mauritius,MUS,2003,4858.26575549747,Sub-Saharan Africa 
Mauritius,MUS,2002,4073.06053055903,Sub-Saharan Africa 
Mauritius,MUS,2001,3908.55694927435,Sub-Saharan Africa 
Mauritius,MUS,2000,3981.98343249582,Sub-Saharan Africa 
Mauritius,MUS,1999,3745.69625069831,Sub-Saharan Africa 
Mauritius,MUS,1998,3641.62142564086,Sub-Saharan Africa 
Mauritius,MUS,1997,3695.73668844327,Sub-Saharan Africa 
Mauritius,MUS,1996,3951.94494649336,Sub-Saharan Africa 
Mauritius,MUS,1995,3648.01649622256,Sub-Saharan Africa 
Mauritius,MUS,1994,3240.38624662702,Sub-Saharan Africa 
Mauritius,MUS,1993,3013.83313790492,Sub-Saharan Africa 
Mauritius,MUS,1992,3013.23706337167,Sub-Saharan Africa 
Mauritius,MUS,1991,2705.26648158805,Sub-Saharan Africa 
Mauritius,MUS,1990,2539.92846467452,Sub-Saharan Africa 
Mauritius,MUS,1989,2103.48802694458,Sub-Saharan Africa 
Mauritius,MUS,1988,2073.59238787189,Sub-Saharan Africa 
Mauritius,MUS,1987,1839.79109565422,Sub-Saharan Africa 
Mauritius,MUS,1986,1441.71452837714,Sub-Saharan Africa 
Mauritius,MUS,1985,1068.67359316099,Sub-Saharan Africa 
Mauritius,MUS,1984,1041.83252378016,Sub-Saharan Africa 
Mauritius,MUS,1983,1103.09124580137,Sub-Saharan Africa 
Mauritius,MUS,1982,1101.15920527391,Sub-Saharan Africa 
Mauritius,MUS,1981,1180.84070937438,Sub-Saharan Africa 
Mauritius,MUS,1980,1187.35157080412,Sub-Saharan Africa 
Mauritius,MUS,1979,1292.2014302482,Sub-Saharan Africa 
Mauritius,MUS,1978,1102.34753691974,Sub-Saharan Africa 
Mauritius,MUS,1977,905.949638747869,Sub-Saharan Africa 
Mauritius,MUS,1976,787.098225962589,Sub-Saharan Africa 
Mauritius,MUS,1975,754.833281472402,Sub-Saharan Africa 
Mauritius,MUS,1974,762.940758670279,Sub-Saharan Africa 
Mauritius,MUS,1973,467.480218496262,Sub-Saharan Africa 
Mauritius,MUS,1972,373.996570209941,Sub-Saharan Africa 
Mauritius,MUS,1971,299.604801832026,Sub-Saharan Africa 
Mauritius,MUS,1970,271.338746980393,Sub-Saharan Africa 
Mauritius,MUS,1969,272.713256163629,Sub-Saharan Africa 
Mauritius,MUS,1968,258.734051896237,Sub-Saharan Africa 
Mauritius,MUS,1967,304.163949585507,Sub-Saharan Africa 
Mauritius,MUS,1966,295.955041673441,Sub-Saharan Africa 
Mauritius,MUS,1965,305.47697280765,Sub-Saharan Africa 
Mauritius,MUS,1964,297.284380211561,Sub-Saharan Africa 
Mauritius,MUS,1963,353.11354761151,Sub-Saharan Africa 
Mauritius,MUS,1962,282.342386236302,Sub-Saharan Africa 
Mauritius,MUS,1961,281.683081448637,Sub-Saharan Africa 
Mauritius,MUS,1960,238.251033437494,Sub-Saharan Africa 
Mexico,MEX,2025,13889.2339628708,Latin America & Caribbean 
Mexico,MEX,2024,13988.0423745241,Latin America & Caribbean 
Mexico,MEX,2023,13830.843848864,Latin America & Caribbean 
Mexico,MEX,2022,11405.7940469896,Latin America & Caribbean 
Mexico,MEX,2021,10314.0506733708,Latin America & Caribbean 
Mexico,MEX,2020,8841.27074929751,Latin America & Caribbean 
Mexico,MEX,2019,10369.5553593527,Latin America & Caribbean 
Mexico,MEX,2018,10084.7937570364,Latin America & Caribbean 
Mexico,MEX,2017,9649.27816729586,Latin America & Caribbean 
Mexico,MEX,2016,9097.92397674769,Latin America & Caribbean 
Mexico,MEX,2015,10021.2386113616,Latin America & Caribbean 
Mexico,MEX,2014,11391.3773503964,Latin America & Caribbean 
Mexico,MEX,2013,11216.800851866,Latin America & Caribbean 
Mexico,MEX,2012,10744.1335236186,Latin America & Caribbean 
Mexico,MEX,2011,10664.4944032313,Latin America & Caribbean 
Mexico,MEX,2010,9728.80078307432,Latin America & Caribbean 
Mexico,MEX,2009,8423.56933148639,Latin America & Caribbean 
Mexico,MEX,2008,10523.7685427665,Latin America & Caribbean 
Mexico,MEX,2007,10134.3327129706,Latin America & Caribbean 
Mexico,MEX,2006,9512.63575346699,Latin America & Caribbean 
Mexico,MEX,2005,8671.75891798441,Latin America & Caribbean 
Mexico,MEX,2004,7849.66759649565,Latin America & Caribbean 
Mexico,MEX,2003,7434.07465031562,Latin America & Caribbean 
Mexico,MEX,2002,7983.03398381759,Latin America & Caribbean 
Mexico,MEX,2001,7952.76479510706,Latin America & Caribbean 
Mexico,MEX,2000,7524.0271380091,Latin America & Caribbean 
Mexico,MEX,1999,6499.97182950425,Latin America & Caribbean 
Mexico,MEX,1998,5832.69342004468,Latin America & Caribbean 
Mexico,MEX,1997,5567.35599516667,Latin America & Caribbean 
Mexico,MEX,1996,4674.36792733681,Latin America & Caribbean 
Mexico,MEX,1995,4183.87847727479,Latin America & Caribbean 
Mexico,MEX,1994,6202.36588372862,Latin America & Caribbean 
Mexico,MEX,1993,6048.34840388099,Latin America & Caribbean 
Mexico,MEX,1992,4220.56643677057,Latin America & Caribbean 
Mexico,MEX,1991,3708.8420548157,Latin America & Caribbean 
Mexico,MEX,1990,3154.46920349038,Latin America & Caribbean 
Mexico,MEX,1989,2725.05572275442,Latin America & Caribbean 
Mexico,MEX,1988,2278.81222720992,Latin America & Caribbean 
Mexico,MEX,1987,1888.2631431041,Latin America & Caribbean 
Mexico,MEX,1986,1756.93563367491,Latin America & Caribbean 
Mexico,MEX,1985,2601.70825226684,Latin America & Caribbean 
Mexico,MEX,1984,2506.30742754755,Latin America & Caribbean 
Mexico,MEX,1983,2169.85285279223,Latin America & Caribbean 
Mexico,MEX,1982,2620.95793392947,Latin America & Caribbean 
Mexico,MEX,1981,3829.14437544129,Latin America & Caribbean 
Mexico,MEX,1980,3054.62162291784,Latin America & Caribbean 
Mexico,MEX,1979,2049.26468871816,Latin America & Caribbean 
Mexico,MEX,1978,1604.40920452482,Latin America & Caribbean 
Mexico,MEX,1977,1314.62044481645,Latin America & Caribbean 
Mexico,MEX,1976,1465.49877862474,Latin America & Caribbean 
Mexico,MEX,1975,1491.97048611111,Latin America & Caribbean 
Mexico,MEX,1974,1256.10280601329,Latin America & Caribbean 
Mexico,MEX,1973,993.042879548426,Latin America & Caribbean 
Mexico,MEX,1972,836.569673446138,Latin America & Caribbean 
Mexico,MEX,1971,747.912361003254,Latin America & Caribbean 
Mexico,MEX,1970,699.006845485029,Latin America & Caribbean 
Mexico,MEX,1969,659.71750685117,Latin America & Caribbean 
Mexico,MEX,1968,615.922912128842,Latin America & Caribbean 
Mexico,MEX,1967,575.769037534418,Latin America & Caribbean 
Mexico,MEX,1966,544.935854193449,Latin America & Caribbean 
Mexico,MEX,1965,505.854419498816,Latin America & Caribbean 
Mexico,MEX,1964,480.704214437745,Latin America & Caribbean 
Mexico,MEX,1963,419.552066324849,Latin America & Caribbean 
Mexico,MEX,1962,388.456702411498,Latin America & Caribbean 
Mexico,MEX,1961,373.712216995471,Latin America & Caribbean 
Mexico,MEX,1960,355.075199563018,Latin America & Caribbean 
"Micronesia, Fed. Sts.",FSM,2025,4414.00737137479,East Asia & Pacific
"Micronesia, Fed. Sts.",FSM,2024,4251.69052668788,East Asia & Pacific
"Micronesia, Fed. Sts.",FSM,2023,3933.01607031874,East Asia & Pacific
"Micronesia, Fed. Sts.",FSM,2022,3703.66680343222,East Asia & Pacific
"Micronesia, Fed. Sts.",FSM,2021,3508.22314197664,East Asia & Pacific
"Micronesia, Fed. Sts.",FSM,2020,3362.02802120524,East Asia & Pacific
"Micronesia, Fed. Sts.",FSM,2019,3581.72684572278,East Asia & Pacific
"Micronesia, Fed. Sts.",FSM,2018,3584.78377566896,East Asia & Pacific
"Micronesia, Fed. Sts.",FSM,2017,3297.37580036719,East Asia & Pacific
"Micronesia, Fed. Sts.",FSM,2016,2997.93719917488,East Asia & Pacific
"Micronesia, Fed. Sts.",FSM,2015,2869.86276169101,East Asia & Pacific
"Micronesia, Fed. Sts.",FSM,2014,2915.23672460238,East Asia & Pacific
"Micronesia, Fed. Sts.",FSM,2013,2904.1536796737,East Asia & Pacific
"Micronesia, Fed. Sts.",FSM,2012,3003.05867086848,East Asia & Pacific
"Micronesia, Fed. Sts.",FSM,2011,2859.8488365615,East Asia & Pacific
"Micronesia, Fed. Sts.",FSM,2010,2715.26873721406,East Asia & Pacific
"Micronesia, Fed. Sts.",FSM,2009,2565.83639782506,East Asia & Pacific
"Micronesia, Fed. Sts.",FSM,2008,2395.90218109716,East Asia & Pacific
"Micronesia, Fed. Sts.",FSM,2007,2302.51183108846,East Asia & Pacific
"Micronesia, Fed. Sts.",FSM,2006,2257.76445195026,East Asia & Pacific
"Micronesia, Fed. Sts.",FSM,2005,2216.9963738197,East Asia & Pacific
"Micronesia, Fed. Sts.",FSM,2004,2104.42796515524,East Asia & Pacific
"Micronesia, Fed. Sts.",FSM,2003,2145.87789998664,East Asia & Pacific
"Micronesia, Fed. Sts.",FSM,2002,2113.45955463859,East Asia & Pacific
"Micronesia, Fed. Sts.",FSM,2001,2103.74849819784,East Asia & Pacific
"Micronesia, Fed. Sts.",FSM,2000,2049.34490021777,East Asia & Pacific
"Micronesia, Fed. Sts.",FSM,1999,1944.83255730659,East Asia & Pacific
"Micronesia, Fed. Sts.",FSM,1998,1944.03332824551,East Asia & Pacific
"Micronesia, Fed. Sts.",FSM,1997,1840.2391263246,East Asia & Pacific
"Micronesia, Fed. Sts.",FSM,1996,1955.97507000271,East Asia & Pacific
"Micronesia, Fed. Sts.",FSM,1995,1995.19187154132,East Asia & Pacific
"Micronesia, Fed. Sts.",FSM,1994,1856.5207426083,East Asia & Pacific
"Micronesia, Fed. Sts.",FSM,1993,1853.06259690284,East Asia & Pacific
"Micronesia, Fed. Sts.",FSM,1992,1699.3301910196,East Asia & Pacific
"Micronesia, Fed. Sts.",FSM,1991,1617.45528154622,East Asia & Pacific
"Micronesia, Fed. Sts.",FSM,1990,1459.04369201491,East Asia & Pacific
"Micronesia, Fed. Sts.",FSM,1989,1365.61518337828,East Asia & Pacific
"Micronesia, Fed. Sts.",FSM,1988,1284.2827275817,East Asia & Pacific
"Micronesia, Fed. Sts.",FSM,1987,1230.44156720509,East Asia & Pacific
"Micronesia, Fed. Sts.",FSM,1986,1216.15763119676,East Asia & Pacific
"Micronesia, Fed. Sts.",FSM,1985,1136.27633295061,East Asia & Pacific
"Micronesia, Fed. Sts.",FSM,1984,971.323735890612,East Asia & Pacific
"Micronesia, Fed. Sts.",FSM,1983,993.272945205479,East Asia & Pacific
"Micronesia, Fed. Sts.",FSM,1982,973.688636446563,East Asia & Pacific
"Micronesia, Fed. Sts.",FSM,1981,958.37442664862,East Asia & Pacific
"Micronesia, Fed. Sts.",FSM,1980,829.209813066002,East Asia & Pacific
"Micronesia, Fed. Sts.",FSM,1979,803.032190156421,East Asia & Pacific
"Micronesia, Fed. Sts.",FSM,1978,737.510432416087,East Asia & Pacific
"Micronesia, Fed. Sts.",FSM,1977,668.601472729072,East Asia & Pacific
"Micronesia, Fed. Sts.",FSM,1976,677.970615070457,East Asia & Pacific
"Micronesia, Fed. Sts.",FSM,1975,683.97674556564,East Asia & Pacific
"Micronesia, Fed. Sts.",FSM,1974,701.077963162938,East Asia & Pacific
"Micronesia, Fed. Sts.",FSM,1973,544.204466602069,East Asia & Pacific
"Micronesia, Fed. Sts.",FSM,1972,403.046469058094,East Asia & Pacific
"Micronesia, Fed. Sts.",FSM,1971,359.244640147767,East Asia & Pacific
"Micronesia, Fed. Sts.",FSM,1970,337.4957740742,East Asia & Pacific
Moldova,MDA,2025,8621.71721623786,Europe & Central Asia
Moldova,MDA,2024,7578.90216348853,Europe & Central Asia
Moldova,MDA,2023,6799.58594644576,Europe & Central Asia
Moldova,MDA,2022,5744.29618434435,Europe & Central Asia
Moldova,MDA,2021,5274.60582195352,Europe & Central Asia
Moldova,MDA,2020,4375.7788930524,Europe & Central Asia
Moldova,MDA,2019,4405.33418162155,Europe & Central Asia
Moldova,MDA,2018,4156.44981956646,Europe & Central Asia
Moldova,MDA,2017,3453.26727720294,Europe & Central Asia
Moldova,MDA,2016,2847.08794770479,Europe & Central Asia
Moldova,MDA,2015,2749.55137054338,Europe & Central Asia
Moldova,MDA,2014,3289.95758568777,Europe & Central Asia
Moldova,MDA,2013,3321.04397795719,Europe & Central Asia
Moldova,MDA,2012,3044.8084324815,Europe & Central Asia
Moldova,MDA,2011,2941.36224066021,Europe & Central Asia
Moldova,MDA,2010,2436.79935102421,Europe & Central Asia
Moldova,MDA,2009,1898.43975710988,Europe & Central Asia
Moldova,MDA,2008,2110.55305353857,Europe & Central Asia
Moldova,MDA,2007,1531.21618590748,Europe & Central Asia
Moldova,MDA,2006,1183.02481442894,Europe & Central Asia
Moldova,MDA,2005,1034.39197746993,Europe & Central Asia
Moldova,MDA,2004,897.178494749468,Europe & Central Asia
Moldova,MDA,2003,682.319095965299,Europe & Central Asia
Moldova,MDA,2002,570.799866188293,Europe & Central Asia
Moldova,MDA,2001,507.404076252819,Europe & Central Asia
Moldova,MDA,2000,440.538683980372,Europe & Central Asia
Moldova,MDA,1999,399.499818596336,Europe & Central Asia
Moldova,MDA,1998,578.734627562193,Europe & Central Asia
Moldova,MDA,1997,657.29213459795,Europe & Central Asia
Moldova,MDA,1996,575.145455139019,Europe & Central Asia
Moldova,MDA,1995,593.593177049161,Europe & Central Asia
Moldova,MDA,1994,573.798647201304,Europe & Central Asia
Moldova,MDA,1993,796.989388848336,Europe & Central Asia
Moldova,MDA,1992,778.017667420102,Europe & Central Asia
Moldova,MDA,1991,1037.89950336245,Europe & Central Asia
Moldova,MDA,1990,1206.50208704977,Europe & Central Asia
Monaco,MCO,2024,288001.574856495,Europe & Central Asia
Monaco,MCO,2023,256799.911212051,Europe & Central Asia
Monaco,MCO,2022,226052.060664649,Europe & Central Asia
Monaco,MCO,2021,223823.327192464,Europe & Central Asia
Monaco,MCO,2020,176891.806328966,Europe & Central Asia
Monaco,MCO,2019,193746.729890885,Europe & Central Asia
Monaco,MCO,2018,188298.389694191,Europe & Central Asia
Monaco,MCO,2017,170663.470051177,Europe & Central Asia
Monaco,MCO,2016,173604.669723126,Europe & Central Asia
Monaco,MCO,2015,170437.021128628,Europe & Central Asia
Monaco,MCO,2014,195693.519540544,Europe & Central Asia
Monaco,MCO,2013,184940.633666281,Europe & Central Asia
Monaco,MCO,2012,165444.625782803,Europe & Central Asia
Monaco,MCO,2011,179364.009524397,Europe & Central Asia
Monaco,MCO,2010,161853.922745228,Europe & Central Asia
Monaco,MCO,2009,169150.337647299,Europe & Central Asia
Monaco,MCO,2008,204263.893236529,Europe & Central Asia
Monaco,MCO,2007,184558.455423983,Europe & Central Asia
Monaco,MCO,2006,143083.509443656,Europe & Central Asia
Monaco,MCO,2005,130538.711379722,Europe & Central Asia
Monaco,MCO,2004,125160.282928751,Europe & Central Asia
Monaco,MCO,2003,111110.460463916,Europe & Central Asia
Monaco,MCO,2002,90051.4463079416,Europe & Central Asia
Monaco,MCO,2001,82402.7746362391,Europe & Central Asia
Monaco,MCO,2000,81789.014508777,Europe & Central Asia
Monaco,MCO,1999,89698.1924366737,Europe & Central Asia
Monaco,MCO,1998,90947.2051224438,Europe & Central Asia
Monaco,MCO,1997,88581.7044683607,Europe & Central Asia
Monaco,MCO,1996,98561.0137425657,Europe & Central Asia
Monaco,MCO,1995,99032.2375054091,Europe & Central Asia
Monaco,MCO,1994,86703.8130529474,Europe & Central Asia
Monaco,MCO,1993,82685.4559266948,Europe & Central Asia
Monaco,MCO,1992,88614.926367223,Europe & Central Asia
Monaco,MCO,1991,80997.2520924871,Europe & Central Asia
Monaco,MCO,1990,81734.8664968011,Europe & Central Asia
Monaco,MCO,1989,66815.7104498273,Europe & Central Asia
Monaco,MCO,1988,67180.5763713568,Europe & Central Asia
Monaco,MCO,1987,62456.0708848997,Europe & Central Asia
Monaco,MCO,1986,52082.4508807502,Europe & Central Asia
Monaco,MCO,1985,37689.8648613491,Europe & Central Asia
Monaco,MCO,1984,36582.3672009832,Europe & Central Asia
Monaco,MCO,1983,39075.8356409009,Europe & Central Asia
Monaco,MCO,1982,41479.49844229,Europe & Central Asia
Monaco,MCO,1981,44157.4267369518,Europe & Central Asia
Monaco,MCO,1980,50813.9342272643,Europe & Central Asia
Monaco,MCO,1979,44989.9653239249,Europe & Central Asia
Monaco,MCO,1978,37607.7886875432,Europe & Central Asia
Monaco,MCO,1977,30875.4764291964,Europe & Central Asia
Monaco,MCO,1976,28396.3794040315,Europe & Central Asia
Monaco,MCO,1975,27920.7436036735,Europe & Central Asia
Monaco,MCO,1974,22347.8999054501,Europe & Central Asia
Monaco,MCO,1973,20882.02134665,Europe & Central Asia
Monaco,MCO,1972,16187.4306500397,Europe & Central Asia
Monaco,MCO,1971,13334.3998386726,Europe & Central Asia
Monaco,MCO,1970,12098.2018753587,Europe & Central Asia
Mongolia,MNG,2025,7108.22743246244,East Asia & Pacific
Mongolia,MNG,2024,6750.6301157724,East Asia & Pacific
Mongolia,MNG,2023,5838.63108083902,East Asia & Pacific
Mongolia,MNG,2022,4993.51487463495,East Asia & Pacific
Mongolia,MNG,2021,4517.61578018785,East Asia & Pacific
Mongolia,MNG,2020,4001.25193077703,East Asia & Pacific
Mongolia,MNG,2019,4347.54610314873,East Asia & Pacific
Mongolia,MNG,2018,4107.64288528468,East Asia & Pacific
Mongolia,MNG,2017,3645.96708669551,East Asia & Pacific
Mongolia,MNG,2016,3619.90026383792,East Asia & Pacific
Mongolia,MNG,2015,3838.92126989984,East Asia & Pacific
Mongolia,MNG,2014,4126.23975800524,East Asia & Pacific
Mongolia,MNG,2013,4340.14310544449,East Asia & Pacific
Mongolia,MNG,2012,4328.89001905655,East Asia & Pacific
Mongolia,MNG,2011,3736.04201455077,East Asia & Pacific
Mongolia,MNG,2010,2625.21881402433,East Asia & Pacific
Mongolia,MNG,2009,1703.32756790019,East Asia & Pacific
Mongolia,MNG,2008,2127.42678594737,East Asia & Pacific
Mongolia,MNG,2007,1627.68787743359,East Asia & Pacific
Mongolia,MNG,2006,1329.89179579053,East Asia & Pacific
Mongolia,MNG,2005,994.90010913241,East Asia & Pacific
Mongolia,MNG,2004,794.154552001815,East Asia & Pacific
Mongolia,MNG,2003,643.168068921658,East Asia & Pacific
Mongolia,MNG,2002,570.249213248399,East Asia & Pacific
Mongolia,MNG,2001,524.453483552485,East Asia & Pacific
Mongolia,MNG,2000,476.02755082717,East Asia & Pacific
Mongolia,MNG,1999,448.660368337533,East Asia & Pacific
Mongolia,MNG,1998,483.878066074871,East Asia & Pacific
Mongolia,MNG,1997,515.298004947316,East Asia & Pacific
Mongolia,MNG,1996,595.5810149554,East Asia & Pacific
Mongolia,MNG,1995,652.67456284915,East Asia & Pacific
Mongolia,MNG,1994,422.864349383041,East Asia & Pacific
Mongolia,MNG,1993,354.898613087701,East Asia & Pacific
Mongolia,MNG,1992,607.813424662797,East Asia & Pacific
Mongolia,MNG,1991,1098.68017445549,East Asia & Pacific
Mongolia,MNG,1990,1220.17127664137,East Asia & Pacific
Mongolia,MNG,1989,1683.92432862486,East Asia & Pacific
Mongolia,MNG,1988,1543.33555521093,East Asia & Pacific
Mongolia,MNG,1987,1493.28238085822,East Asia & Pacific
Mongolia,MNG,1986,1469.42176378914,East Asia & Pacific
Mongolia,MNG,1985,1137.90764730312,East Asia & Pacific
Mongolia,MNG,1984,1119.71388466075,East Asia & Pacific
Mongolia,MNG,1983,1490.21297634746,East Asia & Pacific
Mongolia,MNG,1982,1429.62551800828,East Asia & Pacific
Mongolia,MNG,1981,1325.46680536613,East Asia & Pacific
Mongolia,MNG,1980,1235.14422497627,East Asia & Pacific
Montenegro,MNE,2025,14816.8380299947,Europe & Central Asia
Montenegro,MNE,2024,13270.1824401005,Europe & Central Asia
Montenegro,MNE,2023,12258.1600477339,Europe & Central Asia
Montenegro,MNE,2022,10038.1849482517,Europe & Central Asia
Montenegro,MNE,2021,9315.86435643142,Europe & Central Asia
Montenegro,MNE,2020,7555.48699036321,Europe & Central Asia
Montenegro,MNE,2019,8749.25629734676,Europe & Central Asia
Montenegro,MNE,2018,8673.59469069858,Europe & Central Asia
Montenegro,MNE,2017,7674.2856571219,Europe & Central Asia
Montenegro,MNE,2016,6968.01202883651,Europe & Central Asia
Montenegro,MNE,2015,6421.00005731419,Europe & Central Asia
Montenegro,MNE,2014,7342.17147363741,Europe & Central Asia
Montenegro,MNE,2013,7102.7776714702,Europe & Central Asia
Montenegro,MNE,2012,6552.47970337373,Europe & Central Asia
Montenegro,MNE,2011,7265.51771176628,Europe & Central Asia
Montenegro,MNE,2010,6678.63939560908,Europe & Central Asia
Montenegro,MNE,2009,6726.67589734408,Europe & Central Asia
Montenegro,MNE,2008,7390.01481290503,Europe & Central Asia
Montenegro,MNE,2007,5979.43813180981,Europe & Central Asia
Montenegro,MNE,2006,4422.55172559508,Europe & Central Asia
Montenegro,MNE,2005,3675.98851272723,Europe & Central Asia
Montenegro,MNE,2004,3386.38099417981,Europe & Central Asia
Montenegro,MNE,2003,2789.95435110345,Europe & Central Asia
Montenegro,MNE,2002,2109.30631947331,Europe & Central Asia
Montenegro,MNE,2001,1909.59870186179,Europe & Central Asia
Montenegro,MNE,2000,1627.06511911987,Europe & Central Asia
Montenegro,MNE,1999,1367.90257335097,Europe & Central Asia
Montenegro,MNE,1998,1405.81632669854,Europe & Central Asia
Montenegro,MNE,1997,1375.32616813442,Europe & Central Asia
Morocco,MAR,2025,4672.46826171875,"Middle East, North Africa, Afghanistan & Pakistan"
Morocco,MAR,2024,4153.1943359375,"Middle East, North Africa, Afghanistan & Pakistan"
Morocco,MAR,2023,3813.72607421875,"Middle East, North Africa, Afghanistan & Pakistan"
Morocco,MAR,2022,3463.1376953125,"Middle East, North Africa, Afghanistan & Pakistan"
Morocco,MAR,2021,3785.93627929688,"Middle East, North Africa, Afghanistan & Pakistan"
Morocco,MAR,2020,3268.0302734375,"Middle East, North Africa, Afghanistan & Pakistan"
Morocco,MAR,2019,3508.09765625,"Middle East, North Africa, Afghanistan & Pakistan"
Morocco,MAR,2018,3501.69799804688,"Middle East, North Africa, Afghanistan & Pakistan"
Morocco,MAR,2017,3296.52661132813,"Middle East, North Africa, Afghanistan & Pakistan"
Morocco,MAR,2016,3140.85546875,"Middle East, North Africa, Afghanistan & Pakistan"
Morocco,MAR,2015,3146.24780273438,"Middle East, North Africa, Afghanistan & Pakistan"
Morocco,MAR,2014,3435.40698242188,"Middle East, North Africa, Afghanistan & Pakistan"
Morocco,MAR,2013,3379.7431640625,"Middle East, North Africa, Afghanistan & Pakistan"
Morocco,MAR,2012,3164.17724609375,"Middle East, North Africa, Afghanistan & Pakistan"
Morocco,MAR,2011,3301.98876953125,"Middle East, North Africa, Afghanistan & Pakistan"
Morocco,MAR,2010,3067.9853515625,"Middle East, North Africa, Afghanistan & Pakistan"
Morocco,MAR,2009,3119.58862304688,"Middle East, North Africa, Afghanistan & Pakistan"
Morocco,MAR,2008,3183.20043945313,"Middle East, North Africa, Afghanistan & Pakistan"
Morocco,MAR,2007,2755.5859375,"Middle East, North Africa, Afghanistan & Pakistan"
Morocco,MAR,2006,2438.12646484375,"Middle East, North Africa, Afghanistan & Pakistan"
Morocco,MAR,2005,2242.98828125,"Middle East, North Africa, Afghanistan & Pakistan"
Morocco,MAR,2004,2183.55541992188,"Middle East, North Africa, Afghanistan & Pakistan"
Morocco,MAR,2003,1941.87255859375,"Middle East, North Africa, Afghanistan & Pakistan"
Morocco,MAR,2002,1596.02062988281,"Middle East, North Africa, Afghanistan & Pakistan"
Morocco,MAR,2001,1506.24523925781,"Middle East, North Africa, Afghanistan & Pakistan"
Morocco,MAR,2000,1499.107421875,"Middle East, North Africa, Afghanistan & Pakistan"
Morocco,MAR,1999,1635.65673828125,"Middle East, North Africa, Afghanistan & Pakistan"
Morocco,MAR,1998,1668.49755859375,"Middle East, North Africa, Afghanistan & Pakistan"
Morocco,MAR,1997,1426.30114746094,"Middle East, North Africa, Afghanistan & Pakistan"
Morocco,MAR,1996,1596.83239746094,"Middle East, North Africa, Afghanistan & Pakistan"
Morocco,MAR,1995,1466.78820800781,"Middle East, North Africa, Afghanistan & Pakistan"
Morocco,MAR,1994,1358.79443359375,"Middle East, North Africa, Afghanistan & Pakistan"
Morocco,MAR,1993,1226.43054199219,"Middle East, North Africa, Afghanistan & Pakistan"
Morocco,MAR,1992,1327.02954101563,"Middle East, North Africa, Afghanistan & Pakistan"
Morocco,MAR,1991,1292.23376464844,"Middle East, North Africa, Afghanistan & Pakistan"
Morocco,MAR,1990,1229.07104492188,"Middle East, North Africa, Afghanistan & Pakistan"
Morocco,MAR,1989,1091.27624511719,"Middle East, North Africa, Afghanistan & Pakistan"
Morocco,MAR,1988,1086.03527832031,"Middle East, North Africa, Afghanistan & Pakistan"
Morocco,MAR,1987,937.457153320313,"Middle East, North Africa, Afghanistan & Pakistan"
Morocco,MAR,1986,855.169311523438,"Middle East, North Africa, Afghanistan & Pakistan"
Morocco,MAR,1985,673.2900390625,"Middle East, North Africa, Afghanistan & Pakistan"
Morocco,MAR,1984,681.909729003906,"Middle East, North Africa, Afghanistan & Pakistan"
Morocco,MAR,1983,766.529602050781,"Middle East, North Africa, Afghanistan & Pakistan"
Morocco,MAR,1982,856.569763183594,"Middle East, North Africa, Afghanistan & Pakistan"
Morocco,MAR,1981,884.443237304688,"Middle East, North Africa, Afghanistan & Pakistan"
Morocco,MAR,1980,1109.88220214844,"Middle East, North Africa, Afghanistan & Pakistan"
Morocco,MAR,1979,834.812133789063,"Middle East, North Africa, Afghanistan & Pakistan"
Morocco,MAR,1978,712.879638671875,"Middle East, North Africa, Afghanistan & Pakistan"
Morocco,MAR,1977,610.750366210938,"Middle East, North Africa, Afghanistan & Pakistan"
Morocco,MAR,1976,543.368469238281,"Middle East, North Africa, Afghanistan & Pakistan"
Morocco,MAR,1975,521.838928222656,"Middle East, North Africa, Afghanistan & Pakistan"
Morocco,MAR,1974,456.592529296875,"Middle East, North Africa, Afghanistan & Pakistan"
Morocco,MAR,1973,380.527801513672,"Middle East, North Africa, Afghanistan & Pakistan"
Morocco,MAR,1972,317.074066162109,"Middle East, North Africa, Afghanistan & Pakistan"
Morocco,MAR,1971,279.167236328125,"Middle East, North Africa, Afghanistan & Pakistan"
Morocco,MAR,1970,260.26513671875,"Middle East, North Africa, Afghanistan & Pakistan"
Morocco,MAR,1969,246.799652099609,"Middle East, North Africa, Afghanistan & Pakistan"
Morocco,MAR,1968,227.120864868164,"Middle East, North Africa, Afghanistan & Pakistan"
Morocco,MAR,1967,217.304306030273,"Middle East, North Africa, Afghanistan & Pakistan"
Morocco,MAR,1966,210.824432373047,"Middle East, North Africa, Afghanistan & Pakistan"
Morocco,MAR,1965,221.967697143555,"Middle East, North Africa, Afghanistan & Pakistan"
Morocco,MAR,1964,216.263046264648,"Middle East, North Africa, Afghanistan & Pakistan"
Morocco,MAR,1963,210.635650634766,"Middle East, North Africa, Afghanistan & Pakistan"
Morocco,MAR,1962,193.647811889648,"Middle East, North Africa, Afghanistan & Pakistan"
Morocco,MAR,1961,169.318435668945,"Middle East, North Africa, Afghanistan & Pakistan"
Morocco,MAR,1960,174.784133911133,"Middle East, North Africa, Afghanistan & Pakistan"
Mozambique,MOZ,2025,626.914419215727,Sub-Saharan Africa 
Mozambique,MOZ,2024,656.976148587772,Sub-Saharan Africa 
Mozambique,MOZ,2023,622.191133245967,Sub-Saharan Africa 
Mozambique,MOZ,2022,578.273222184503,Sub-Saharan Africa 
Mozambique,MOZ,2021,509.907829475551,Sub-Saharan Africa 
Mozambique,MOZ,2020,462.433876479921,Sub-Saharan Africa 
Mozambique,MOZ,2019,519.09255091362,Sub-Saharan Africa 
Mozambique,MOZ,2018,517.507260258101,Sub-Saharan Africa 
Mozambique,MOZ,2017,470.93856305196,Sub-Saharan Africa 
Mozambique,MOZ,2016,441.489734819071,Sub-Saharan Africa 
Mozambique,MOZ,2015,610.563774706589,Sub-Saharan Africa 
Mozambique,MOZ,2014,697.142680444123,Sub-Saharan Africa 
Mozambique,MOZ,2013,686.505672517351,Sub-Saharan Africa 
Mozambique,MOZ,2012,685.685748199513,Sub-Saharan Africa 
Mozambique,MOZ,2011,618.17649286789,Sub-Saharan Africa 
Mozambique,MOZ,2010,496.185839392659,Sub-Saharan Africa 
Mozambique,MOZ,2009,547.697144193651,Sub-Saharan Africa 
Mozambique,MOZ,2008,592.159111184122,Sub-Saharan Africa 
Mozambique,MOZ,2007,507.874923914304,Sub-Saharan Africa 
Mozambique,MOZ,2006,457.487647833183,Sub-Saharan Africa 
Mozambique,MOZ,2005,436.773856167384,Sub-Saharan Africa 
Mozambique,MOZ,2004,400.056973161545,Sub-Saharan Africa 
Mozambique,MOZ,2003,339.488737800648,Sub-Saharan Africa 
Mozambique,MOZ,2002,313.886661721198,Sub-Saharan Africa 
Mozambique,MOZ,2001,304.792138621913,Sub-Saharan Africa 
Mozambique,MOZ,2000,327.12623979157,Sub-Saharan Africa 
Mozambique,MOZ,1999,354.406245723711,Sub-Saharan Africa 
Mozambique,MOZ,1998,320.125121723292,Sub-Saharan Africa 
Mozambique,MOZ,1997,287.532091475389,Sub-Saharan Africa 
Mozambique,MOZ,1996,244.362651012498,Sub-Saharan Africa 
Mozambique,MOZ,1995,191.826096861406,Sub-Saharan Africa 
Mozambique,MOZ,1994,196.763143175646,Sub-Saharan Africa 
Mozambique,MOZ,1993,205.189844208699,Sub-Saharan Africa 
Mozambique,MOZ,1992,205.585216062094,Sub-Saharan Africa 
Mozambique,MOZ,1991,288.708092484444,Sub-Saharan Africa 
Myanmar,MMR,2025,1488.87527836542,East Asia & Pacific
Myanmar,MMR,2024,1359.05001560107,East Asia & Pacific
Myanmar,MMR,2023,1233.19666209269,East Asia & Pacific
Myanmar,MMR,2022,1158.05005034332,East Asia & Pacific
Myanmar,MMR,2021,1242.72134419599,East Asia & Pacific
Myanmar,MMR,2020,1490.21683548367,East Asia & Pacific
Myanmar,MMR,2019,1425.98954211903,East Asia & Pacific
Myanmar,MMR,2018,1298.21310320785,East Asia & Pacific
Myanmar,MMR,2017,1272.82241830603,East Asia & Pacific
Myanmar,MMR,2016,1229.19713515893,East Asia & Pacific
Myanmar,MMR,2015,1166.73305546337,East Asia & Pacific
Myanmar,MMR,2014,1293.00042298688,East Asia & Pacific
Myanmar,MMR,2013,1199.09561597055,East Asia & Pacific
Myanmar,MMR,2012,1202.6658960055,East Asia & Pacific
Myanmar,MMR,2011,1213.62898703376,East Asia & Pacific
Myanmar,MMR,2010,1010.53417343401,East Asia & Pacific
Myanmar,MMR,2009,758.442935789255,East Asia & Pacific
Myanmar,MMR,2008,658.442487229705,East Asia & Pacific
Myanmar,MMR,2007,419.375780725042,East Asia & Pacific
Myanmar,MMR,2006,303.495087119254,East Asia & Pacific
Myanmar,MMR,2005,252.685193060728,East Asia & Pacific
Myanmar,MMR,2004,224.508811413327,East Asia & Pacific
Myanmar,MMR,2003,224.292688912409,East Asia & Pacific
Myanmar,MMR,2002,146.598390364449,East Asia & Pacific
Myanmar,MMR,2001,141.525660705722,East Asia & Pacific
Myanmar,MMR,2000,196.619580625284,East Asia & Pacific
Myanmar,MMR,1999,189.490155849067,East Asia & Pacific
Myanmar,MMR,1998,145.950830383757,East Asia & Pacific
Myanmar,MMR,1997,108.039770292032,East Asia & Pacific
Myanmar,MMR,1996,141.897267580367,East Asia & Pacific
Myanmar,MMR,1995,124.14348039051,East Asia & Pacific
Myanmar,MMR,1994,105.391561114159,East Asia & Pacific
Myanmar,MMR,1993,76.212889482598,East Asia & Pacific
Myanmar,MMR,1992,58.8896739558883,East Asia & Pacific
Myanmar,MMR,1991,51.2408970610106,East Asia & Pacific
Myanmar,MMR,1990,53.1225401094506,East Asia & Pacific
Myanmar,MMR,1989,51.3443285034615,East Asia & Pacific
Myanmar,MMR,1988,39.9236088878004,East Asia & Pacific
Myanmar,MMR,1987,41.1478137224602,East Asia & Pacific
Myanmar,MMR,1986,42.4193735892874,East Asia & Pacific
Myanmar,MMR,1985,40.3821412603663,East Asia & Pacific
Myanmar,MMR,1984,36.3255768443636,East Asia & Pacific
Myanmar,MMR,1983,39.2908686161265,East Asia & Pacific
Myanmar,MMR,1982,42.9535414901862,East Asia & Pacific
Myanmar,MMR,1981,32.8127790443581,East Asia & Pacific
Myanmar,MMR,1980,31.2462392881093,East Asia & Pacific
Myanmar,MMR,1979,29.2136757858848,East Asia & Pacific
Myanmar,MMR,1978,29.2562311044151,East Asia & Pacific
Myanmar,MMR,1977,27.8600867193791,East Asia & Pacific
Myanmar,MMR,1976,39.1660083715823,East Asia & Pacific
Myanmar,MMR,1975,35.163291569876,East Asia & Pacific
Myanmar,MMR,1974,41.4076276435663,East Asia & Pacific
Myanmar,MMR,1973,24.7965628847435,East Asia & Pacific
Myanmar,MMR,1972,23.2941302744944,East Asia & Pacific
Myanmar,MMR,1971,21.1257517513266,East Asia & Pacific
Myanmar,MMR,1970,20.7242782768026,East Asia & Pacific
Myanmar,MMR,1969,21.5103180527937,East Asia & Pacific
Myanmar,MMR,1968,21.5453410007264,East Asia & Pacific
Myanmar,MMR,1967,16.5453805372426,East Asia & Pacific
Myanmar,MMR,1966,11.8013216738981,East Asia & Pacific
Myanmar,MMR,1965,15.1178632326484,East Asia & Pacific
Myanmar,MMR,1964,17.3322006236435,East Asia & Pacific
Myanmar,MMR,1963,25.8039844353997,East Asia & Pacific
Myanmar,MMR,1962,27.9470039695431,East Asia & Pacific
Myanmar,MMR,1961,27.2654541223873,East Asia & Pacific
Myanmar,MMR,1960,25.0847757223623,East Asia & Pacific
Namibia,NAM,2025,4875.92558158247,Sub-Saharan Africa 
Namibia,NAM,2024,4501.84849548225,Sub-Saharan Africa 
Namibia,NAM,2023,4225.99102418102,Sub-Saharan Africa 
Namibia,NAM,2022,4349.79908493314,Sub-Saharan Africa 
Namibia,NAM,2021,4412.8355693052,Sub-Saharan Africa 
Namibia,NAM,2020,3878.58982993966,Sub-Saharan Africa 
Namibia,NAM,2019,4731.9210318831,Sub-Saharan Africa 
Namibia,NAM,2018,5308.60813408705,Sub-Saharan Africa 
Namibia,NAM,2017,5143.96072323076,Sub-Saharan Africa 
Namibia,NAM,2016,4395.68776162376,Sub-Saharan Africa 
Namibia,NAM,2015,4774.10650865775,Sub-Saharan Africa 
Namibia,NAM,2014,5378.32326241205,Sub-Saharan Africa 
Namibia,NAM,2013,5346.62131149967,Sub-Saharan Africa 
Namibia,NAM,2012,5942.64680978673,Sub-Saharan Africa 
Namibia,NAM,2011,5834.7917675794,Sub-Saharan Africa 
Namibia,NAM,2010,5418.21633365814,Sub-Saharan Africa 
Namibia,NAM,2009,4302.91374148376,Sub-Saharan Africa 
Namibia,NAM,2008,4204.78555422749,Sub-Saharan Africa 
Namibia,NAM,2007,4379.04313682732,Sub-Saharan Africa 
Namibia,NAM,2006,4017.1834716928,Sub-Saharan Africa 
Namibia,NAM,2005,3685.77299991587,Sub-Saharan Africa 
Namibia,NAM,2004,3403.15496192955,Sub-Saharan Africa 
Namibia,NAM,2003,2569.24739317883,Sub-Saharan Africa 
Namibia,NAM,2002,1772.07565537493,Sub-Saharan Africa 
Namibia,NAM,2001,1915.58926594875,Sub-Saharan Africa 
Namibia,NAM,2000,2156.67590512714,Sub-Saharan Africa 
Namibia,NAM,1999,2177.78733370092,Sub-Saharan Africa 
Namibia,NAM,1998,2235.24515468625,Sub-Saharan Africa 
Namibia,NAM,1997,2459.64511763936,Sub-Saharan Africa 
Namibia,NAM,1996,2423.3982907313,Sub-Saharan Africa 
Namibia,NAM,1995,2483.20353415161,Sub-Saharan Africa 
Namibia,NAM,1994,2355.90445673153,Sub-Saharan Africa 
Namibia,NAM,1993,2154.96473655435,Sub-Saharan Africa 
Namibia,NAM,1992,2346.86242963741,Sub-Saharan Africa 
Namibia,NAM,1991,2116.90552516214,Sub-Saharan Africa 
Namibia,NAM,1990,2037.47589359778,Sub-Saharan Africa 
Namibia,NAM,1989,1966.82702819252,Sub-Saharan Africa 
Namibia,NAM,1988,2062.57997582884,Sub-Saharan Africa 
Namibia,NAM,1987,1969.42364982372,Sub-Saharan Africa 
Namibia,NAM,1986,1599.39785666132,Sub-Saharan Africa 
Namibia,NAM,1985,1466.17924353732,Sub-Saharan Africa 
Namibia,NAM,1984,1830.46920554097,Sub-Saharan Africa 
Namibia,NAM,1983,2214.33863115715,Sub-Saharan Africa 
Namibia,NAM,1982,2097.09340946461,Sub-Saharan Africa 
Namibia,NAM,1981,2266.91040607673,Sub-Saharan Africa 
Namibia,NAM,1980,2467.80765504439,Sub-Saharan Africa 
Naoero,NRU,2025,14639.5046929186,East Asia & Pacific
Naoero,NRU,2024,14048.163961344,East Asia & Pacific
Naoero,NRU,2023,13602.6372112893,East Asia & Pacific
Naoero,NRU,2022,15309.8345351924,East Asia & Pacific
Naoero,NRU,2021,12748.1701249353,East Asia & Pacific
Naoero,NRU,2020,10709.068810538,East Asia & Pacific
Naoero,NRU,2019,10801.7705659635,East Asia & Pacific
Naoero,NRU,2018,11413.7463016389,East Asia & Pacific
Naoero,NRU,2017,9656.97976571484,East Asia & Pacific
Naoero,NRU,2016,8748.15632605428,East Asia & Pacific
Naoero,NRU,2015,7747.25584993607,East Asia & Pacific
Naoero,NRU,2014,9230.05440328927,East Asia & Pacific
Naoero,NRU,2013,8974.51886874433,East Asia & Pacific
Naoero,NRU,2012,9842.77032731856,East Asia & Pacific
Naoero,NRU,2011,6444.03642094634,East Asia & Pacific
Naoero,NRU,2010,4735.92000502092,East Asia & Pacific
Naoero,NRU,2009,4410.56764668962,East Asia & Pacific
Naoero,NRU,2008,3756.84531228766,East Asia & Pacific
Naoero,NRU,2007,2272.15291307045,East Asia & Pacific
Naoero,NRU,2006,2910.14145794684,East Asia & Pacific
Naoero,NRU,2005,2992.40382776926,East Asia & Pacific
Naoero,NRU,2004,3040.51349889,East Asia & Pacific
Naoero,NRU,2003,2463.28259078079,East Asia & Pacific
Naoero,NRU,2002,2084.64824520971,East Asia & Pacific
Naoero,NRU,2001,2232.30874026726,East Asia & Pacific
Naoero,NRU,2000,2648.60152860938,East Asia & Pacific
Naoero,NRU,1999,2682.69486680046,East Asia & Pacific
Naoero,NRU,1998,2908.84986525428,East Asia & Pacific
Naoero,NRU,1997,3661.02846701327,East Asia & Pacific
Naoero,NRU,1996,3678.56242894634,East Asia & Pacific
Naoero,NRU,1995,3932.0910939209,East Asia & Pacific
Naoero,NRU,1994,3920.53972987914,East Asia & Pacific
Naoero,NRU,1993,4310.24433298623,East Asia & Pacific
Naoero,NRU,1992,5102.59685913907,East Asia & Pacific
Naoero,NRU,1991,5333.37954889626,East Asia & Pacific
Naoero,NRU,1990,5775.55347423089,East Asia & Pacific
Naoero,NRU,1989,5722.7674219742,East Asia & Pacific
Naoero,NRU,1988,5011.58031484611,East Asia & Pacific
Naoero,NRU,1987,4484.50814586951,East Asia & Pacific
Naoero,NRU,1986,4568.67887653491,East Asia & Pacific
Naoero,NRU,1985,4858.93351745825,East Asia & Pacific
Naoero,NRU,1984,5653.96100020028,East Asia & Pacific
Naoero,NRU,1983,5895.70266811075,East Asia & Pacific
Naoero,NRU,1982,6576.83364047027,East Asia & Pacific
Naoero,NRU,1981,6593.90695188717,East Asia & Pacific
Naoero,NRU,1980,6137.68129611495,East Asia & Pacific
Naoero,NRU,1979,5949.5621623368,East Asia & Pacific
Naoero,NRU,1978,5721.31368927221,East Asia & Pacific
Naoero,NRU,1977,5646.3355809661,East Asia & Pacific
Naoero,NRU,1976,5703.20317140765,East Asia & Pacific
Naoero,NRU,1975,5740.19978696317,East Asia & Pacific
Naoero,NRU,1974,5199.26497504766,East Asia & Pacific
Naoero,NRU,1973,3863.94069095729,East Asia & Pacific
Naoero,NRU,1972,3190.58553898837,East Asia & Pacific
Naoero,NRU,1971,2811.2146269153,East Asia & Pacific
Naoero,NRU,1970,2618.53445937725,East Asia & Pacific
Nepal,NPL,2025,1535.87781246307,South Asia
Nepal,NPL,2024,1460.28237984149,South Asia
Nepal,NPL,2023,1382.38300895424,South Asia
Nepal,NPL,2022,1385.91066002922,South Asia
Nepal,NPL,2021,1252.75076731986,South Asia
Nepal,NPL,2020,1154.21517578318,South Asia
Nepal,NPL,2019,1203.14294706401,South Asia
Nepal,NPL,2018,1179.19843190389,South Asia
Nepal,NPL,2017,1034.28374906846,South Asia
Nepal,NPL,2016,877.256454696737,South Asia
Nepal,NPL,2015,875.543635474862,South Asia
Nepal,NPL,2014,821.455224911731,South Asia
Nepal,NPL,2013,803.269595420477,South Asia
Nepal,NPL,2012,788.202937148377,South Asia
Nepal,NPL,2011,785.518656222132,South Asia
Nepal,NPL,2010,585.278491984574,South Asia
Nepal,NPL,2009,473.078751198621,South Asia
Nepal,NPL,2008,464.817391891529,South Asia
Nepal,NPL,2007,385.449767660642,South Asia
Nepal,NPL,2006,340.431796437968,South Asia
Nepal,NPL,2005,309.024168339372,South Asia
Nepal,NPL,2004,279.587750044428,South Asia
Nepal,NPL,2003,246.429706587633,South Asia
Nepal,NPL,2002,238.89140296106,South Asia
Nepal,NPL,2001,240.795114544664,South Asia
Nepal,NPL,2000,223.830289183078,South Asia
Nepal,NPL,1999,208.646667913743,South Asia
Nepal,NPL,1998,205.075246306069,South Asia
Nepal,NPL,1997,211.834869589153,South Asia
Nepal,NPL,1996,198.821907435345,South Asia
Nepal,NPL,1995,197.843001330326,South Asia
Nepal,NPL,1994,187.258176246151,South Asia
Nepal,NPL,1993,172.805202579767,South Asia
Nepal,NPL,1992,165.02959412726,South Asia
Nepal,NPL,1991,195.716621410462,South Asia
Nepal,NPL,1990,185.794600449903,South Asia
Nepal,NPL,1989,184.975416457251,South Asia
Nepal,NPL,1988,187.084777621975,South Asia
Nepal,NPL,1987,162.036906898913,South Asia
Nepal,NPL,1986,159.545682806044,South Asia
Nepal,NPL,1985,149.900453418882,South Asia
Nepal,NPL,1984,151.078187115939,South Asia
Nepal,NPL,1983,146.632953086254,South Asia
Nepal,NPL,1982,146.976662933749,South Asia
Nepal,NPL,1981,142.916898807843,South Asia
Nepal,NPL,1980,125.114347478097,South Asia
Nepal,NPL,1979,121.86820974915,South Asia
Nepal,NPL,1978,108.099425052837,South Asia
Nepal,NPL,1977,95.3433557426543,South Asia
Nepal,NPL,1976,102.470373251774,South Asia
Nepal,NPL,1975,113.605645172746,South Asia
Nepal,NPL,1974,89.7637455591626,South Asia
Nepal,NPL,1973,73.2266835267801,South Asia
Nepal,NPL,1972,78.842912842237,South Asia
Nepal,NPL,1971,69.4540704096493,South Asia
Nepal,NPL,1970,69.6334897297304,South Asia
Nepal,NPL,1969,64.8179199463286,South Asia
Nepal,NPL,1968,64.8592419247839,South Asia
Nepal,NPL,1967,72.255603368576,South Asia
Nepal,NPL,1966,79.484178651631,South Asia
Nepal,NPL,1965,65.8050690424137,South Asia
Nepal,NPL,1964,45.320757315163,South Asia
Nepal,NPL,1963,46.3146629740628,South Asia
Nepal,NPL,1962,54.565608932967,South Asia
Nepal,NPL,1961,51.5544820747585,South Asia
Nepal,NPL,1960,50.2125233749587,South Asia
Netherlands,NLD,2025,73683.917132794,Europe & Central Asia
Netherlands,NLD,2024,67465.3208126875,Europe & Central Asia
Netherlands,NLD,2023,63515.6030780019,Europe & Central Asia
Netherlands,NLD,2022,59123.318556487,Europe & Central Asia
Netherlands,NLD,2021,60141.9880911492,Europe & Central Asia
Netherlands,NLD,2020,53467.9277413737,Europe & Central Asia
Netherlands,NLD,2019,53554.9007491475,Europe & Central Asia
Netherlands,NLD,2018,53955.0770024266,Europe & Central Asia
Netherlands,NLD,2017,49513.6817346384,Europe & Central Asia
Netherlands,NLD,2016,46808.5291492503,Europe & Central Asia
Netherlands,NLD,2015,45793.8135434697,Europe & Central Asia
Netherlands,NLD,2014,53457.2234864322,Europe & Central Asia
Netherlands,NLD,2013,52602.2860520766,Europe & Central Asia
Netherlands,NLD,2012,50473.9442002689,Europe & Central Asia
Netherlands,NLD,2011,54701.7728030611,Europe & Central Asia
Netherlands,NLD,2010,51305.7338533973,Europe & Central Asia
Netherlands,NLD,2009,53172.0261581418,Europe & Central Asia
Netherlands,NLD,2008,58246.7026905874,Europe & Central Asia
Netherlands,NLD,2007,52100.7996285947,Europe & Central Asia
Netherlands,NLD,2006,45123.5432406426,Europe & Central Asia
Netherlands,NLD,2005,42165.396168388,Europe & Central Asia
Netherlands,NLD,2004,40611.3414353091,Europe & Central Asia
Netherlands,NLD,2003,35896.7504630706,Europe & Central Asia
Netherlands,NLD,2002,29446.5330872868,Europe & Central Asia
Netherlands,NLD,2001,26955.7128032278,Europe & Central Asia
Netherlands,NLD,2000,26225.1697734149,Europe & Central Asia
Netherlands,NLD,1999,28318.7466538357,Europe & Central Asia
Netherlands,NLD,1998,27924.281808994,Europe & Central Asia
Netherlands,NLD,1997,26744.9601318097,Europe & Central Asia
Netherlands,NLD,1996,29063.6236532536,Europe & Central Asia
Netherlands,NLD,1995,29301.1940492376,Europe & Central Asia
Netherlands,NLD,1994,24682.5866742863,Europe & Central Asia
Netherlands,NLD,1993,23156.4404444568,Europe & Central Asia
Netherlands,NLD,1992,23939.2173482108,Europe & Central Asia
Netherlands,NLD,1991,21764.2144987258,Europe & Central Asia
Netherlands,NLD,1990,21322.1944802703,Europe & Central Asia
Netherlands,NLD,1989,17423.2961585523,Europe & Central Asia
Netherlands,NLD,1988,17770.6162376388,Europe & Central Asia
Netherlands,NLD,1987,16734.1514052316,Europe & Central Asia
Netherlands,NLD,1986,13804.1360603265,Europe & Central Asia
Netherlands,NLD,1985,9940.73843593795,Europe & Central Asia
Netherlands,NLD,1984,9991.84377655651,Europe & Central Asia
Netherlands,NLD,1983,10696.0774958682,Europe & Central Asia
Netherlands,NLD,1982,11088.9543150885,Europe & Central Asia
Netherlands,NLD,1981,11537.4026865092,Europe & Central Asia
Netherlands,NLD,1980,13812.1600098191,Europe & Central Asia
Netherlands,NLD,1979,12817.3790153401,Europe & Central Asia
Netherlands,NLD,1978,11195.8424872959,Europe & Central Asia
Netherlands,NLD,1977,9180.29918461772,Europe & Central Asia
Netherlands,NLD,1976,7937.35246713998,Europe & Central Asia
Netherlands,NLD,1975,7346.3047476862,Europe & Central Asia
Netherlands,NLD,1974,6450.45770236493,Europe & Central Asia
Netherlands,NLD,1973,5353.44265154981,Europe & Central Asia
Netherlands,NLD,1972,4110.49164551948,Europe & Central Asia
Netherlands,NLD,1971,3383.58715579996,Europe & Central Asia
Netherlands,NLD,1970,2931.38078026525,Europe & Central Asia
Netherlands,NLD,1969,2646.84581766825,Europe & Central Asia
Netherlands,NLD,1968,2364.3594192663,Europe & Central Asia
Netherlands,NLD,1967,2154.57969743046,Europe & Central Asia
Netherlands,NLD,1966,1986.2702443166,Europe & Central Asia
Netherlands,NLD,1965,1848.09801532427,Europe & Central Asia
Netherlands,NLD,1964,1668.33086114697,Europe & Central Asia
Netherlands,NLD,1963,1436.88726083934,Europe & Central Asia
Netherlands,NLD,1962,1342.36827187015,Europe & Central Asia
Netherlands,NLD,1961,1254.42028262131,Europe & Central Asia
Netherlands,NLD,1960,1156.38597727767,Europe & Central Asia
New Caledonia,NCL,2024,29213.1923192946,East Asia & Pacific
New Caledonia,NCL,2023,33701.8923322781,East Asia & Pacific
New Caledonia,NCL,2022,33516.363085906,East Asia & Pacific
New Caledonia,NCL,2021,35311.5543551452,East Asia & Pacific
New Caledonia,NCL,2020,33270.330597637,East Asia & Pacific
New Caledonia,NCL,2019,33411.3358835672,East Asia & Pacific
New Caledonia,NCL,2018,34902.8968780031,East Asia & Pacific
New Caledonia,NCL,2017,32354.7102832901,East Asia & Pacific
New Caledonia,NCL,2016,30782.8544433514,East Asia & Pacific
New Caledonia,NCL,2015,30858.7237060533,East Asia & Pacific
New Caledonia,NCL,2014,37816.9558599295,East Asia & Pacific
New Caledonia,NCL,2013,36671.1566752621,East Asia & Pacific
New Caledonia,NCL,2012,35559.5672006157,East Asia & Pacific
New Caledonia,NCL,2011,38835.9401851385,East Asia & Pacific
New Caledonia,NCL,2010,35798.9084757829,East Asia & Pacific
New Caledonia,NCL,2009,33836.494080472,East Asia & Pacific
New Caledonia,NCL,2008,35723.9033194947,East Asia & Pacific
New Caledonia,NCL,2007,35177.6535261448,East Asia & Pacific
New Caledonia,NCL,2006,28193.2537573387,East Asia & Pacific
New Caledonia,NCL,2005,25528.2918353444,East Asia & Pacific
New Caledonia,NCL,2004,24475.6488547037,East Asia & Pacific
New Caledonia,NCL,2003,20768.1061488848,East Asia & Pacific
New Caledonia,NCL,2002,16104.5520406819,East Asia & Pacific
New Caledonia,NCL,2001,14482.3606263602,East Asia & Pacific
New Caledonia,NCL,2000,15329.7297200058,East Asia & Pacific
New Caledonia,NCL,1999,16692.6835119189,East Asia & Pacific
New Caledonia,NCL,1998,16614.5978812179,East Asia & Pacific
New Caledonia,NCL,1997,15704.9593483537,East Asia & Pacific
New Caledonia,NCL,1996,17592.0502745845,East Asia & Pacific
New Caledonia,NCL,1995,18107.8880778022,East Asia & Pacific
New Caledonia,NCL,1994,15534.3093278924,East Asia & Pacific
New Caledonia,NCL,1993,14787.2165075183,East Asia & Pacific
New Caledonia,NCL,1992,15713.7198562158,East Asia & Pacific
New Caledonia,NCL,1991,14642.5179713722,East Asia & Pacific
New Caledonia,NCL,1990,14334.6807372176,East Asia & Pacific
New Caledonia,NCL,1989,12701.8289877333,East Asia & Pacific
New Caledonia,NCL,1988,12301.1923190702,East Asia & Pacific
New Caledonia,NCL,1987,8983.35708724875,East Asia & Pacific
New Caledonia,NCL,1986,7374.68547045802,East Asia & Pacific
New Caledonia,NCL,1985,5334.82839832455,East Asia & Pacific
New Caledonia,NCL,1984,5051.72635841793,East Asia & Pacific
New Caledonia,NCL,1983,5315.10934087161,East Asia & Pacific
New Caledonia,NCL,1982,5912.37880618972,East Asia & Pacific
New Caledonia,NCL,1981,6422.06638106676,East Asia & Pacific
New Caledonia,NCL,1980,7892.72212911846,East Asia & Pacific
New Caledonia,NCL,1979,7069.54421444295,East Asia & Pacific
New Caledonia,NCL,1978,5779.03633913119,East Asia & Pacific
New Caledonia,NCL,1977,5792.71036838794,East Asia & Pacific
New Caledonia,NCL,1976,5618.32573273327,East Asia & Pacific
New Caledonia,NCL,1975,5940.93032547352,East Asia & Pacific
New Caledonia,NCL,1974,4848.9446983879,East Asia & Pacific
New Caledonia,NCL,1973,4318.13831160265,East Asia & Pacific
New Caledonia,NCL,1972,4225.83816273241,East Asia & Pacific
New Caledonia,NCL,1971,3615.1542919613,East Asia & Pacific
New Caledonia,NCL,1970,3281.71069593272,East Asia & Pacific
New Caledonia,NCL,1969,2509.40725556196,East Asia & Pacific
New Caledonia,NCL,1968,2124.4581832684,East Asia & Pacific
New Caledonia,NCL,1967,1826.17147949386,East Asia & Pacific
New Caledonia,NCL,1966,1713.69793827137,East Asia & Pacific
New Caledonia,NCL,1965,1713.14089313598,East Asia & Pacific
New Zealand,NZL,2025,49591.0405731713,East Asia & Pacific
New Zealand,NZL,2024,49432.3626396797,East Asia & Pacific
New Zealand,NZL,2023,49302.341876493,East Asia & Pacific
New Zealand,NZL,2022,49141.6316294227,East Asia & Pacific
New Zealand,NZL,2021,49902.154346032,East Asia & Pacific
New Zealand,NZL,2020,42054.6743136586,East Asia & Pacific
New Zealand,NZL,2019,42872.2681243427,East Asia & Pacific
New Zealand,NZL,2018,43204.1305124872,East Asia & Pacific
New Zealand,NZL,2017,42912.1537002148,East Asia & Pacific
New Zealand,NZL,2016,40088.3205470499,East Asia & Pacific
New Zealand,NZL,2015,38648.7302562109,East Asia & Pacific
New Zealand,NZL,2014,44599.8992733675,East Asia & Pacific
New Zealand,NZL,2013,42984.9571801167,East Asia & Pacific
New Zealand,NZL,2012,40041.7524816244,East Asia & Pacific
New Zealand,NZL,2011,38425.829997974,East Asia & Pacific
New Zealand,NZL,2010,33761.9009639947,East Asia & Pacific
New Zealand,NZL,2009,28276.7255416225,East Asia & Pacific
New Zealand,NZL,2008,31324.7397977102,East Asia & Pacific
New Zealand,NZL,2007,32479.9817381467,East Asia & Pacific
New Zealand,NZL,2006,26654.5932018985,East Asia & Pacific
New Zealand,NZL,2005,27751.0654708859,East Asia & Pacific
New Zealand,NZL,2004,25420.234882944,East Asia & Pacific
New Zealand,NZL,2003,21913.7081719961,East Asia & Pacific
New Zealand,NZL,2002,16874.1874918196,East Asia & Pacific
New Zealand,NZL,2001,13882.8568268586,East Asia & Pacific
New Zealand,NZL,2000,13641.1027183822,East Asia & Pacific
New Zealand,NZL,1999,15322.2238340267,East Asia & Pacific
New Zealand,NZL,1998,14738.4455703918,East Asia & Pacific
New Zealand,NZL,1997,17474.187029724,East Asia & Pacific
New Zealand,NZL,1996,18794.436039393,East Asia & Pacific
New Zealand,NZL,1995,17400.4201848172,East Asia & Pacific
New Zealand,NZL,1994,15280.3127842922,East Asia & Pacific
New Zealand,NZL,1993,13094.3454502639,East Asia & Pacific
New Zealand,NZL,1992,11793.1392416214,East Asia & Pacific
New Zealand,NZL,1991,12230.0734548834,East Asia & Pacific
New Zealand,NZL,1990,13663.0216184298,East Asia & Pacific
New Zealand,NZL,1989,13312.3855858113,East Asia & Pacific
New Zealand,NZL,1988,13759.1556295922,East Asia & Pacific
New Zealand,NZL,1987,12330.9168305483,East Asia & Pacific
New Zealand,NZL,1986,9427.55394035348,East Asia & Pacific
New Zealand,NZL,1985,7600.56524172937,East Asia & Pacific
New Zealand,NZL,1984,6713.76013104154,East Asia & Pacific
New Zealand,NZL,1983,7598.31203875006,East Asia & Pacific
New Zealand,NZL,1982,7656.47573238963,East Asia & Pacific
New Zealand,NZL,1981,7813.88754336067,East Asia & Pacific
New Zealand,NZL,1980,7467.16803773805,East Asia & Pacific
New Zealand,NZL,1979,6668.1386662247,East Asia & Pacific
New Zealand,NZL,1978,5936.98526036423,East Asia & Pacific
New Zealand,NZL,1977,4950.58820538927,East Asia & Pacific
New Zealand,NZL,1976,4373.84099791231,East Asia & Pacific
New Zealand,NZL,1975,4171.76973967475,East Asia & Pacific
New Zealand,NZL,1974,4610.57042634013,East Asia & Pacific
New Zealand,NZL,1973,4323.19653458655,East Asia & Pacific
New Zealand,NZL,1972,3294.64894268304,East Asia & Pacific
New Zealand,NZL,1971,2772.9185969396,East Asia & Pacific
New Zealand,NZL,1970,2311.02761979013,East Asia & Pacific
New Zealand,NZL,1969,2096.92646729301,East Asia & Pacific
New Zealand,NZL,1968,1902.42182426883,East Asia & Pacific
New Zealand,NZL,1967,2208.44213762022,East Asia & Pacific
New Zealand,NZL,1966,2211.38222406465,East Asia & Pacific
New Zealand,NZL,1965,2170.99809777651,East Asia & Pacific
New Zealand,NZL,1964,2839.31554692453,East Asia & Pacific
New Zealand,NZL,1963,2646.23652937762,East Asia & Pacific
New Zealand,NZL,1962,2471.05500895111,East Asia & Pacific
New Zealand,NZL,1961,2364.75383900097,East Asia & Pacific
New Zealand,NZL,1960,2334.1337214332,East Asia & Pacific
Nicaragua,NIC,2025,3173.33724815085,Latin America & Caribbean 
Nicaragua,NIC,2024,2847.87639497305,Latin America & Caribbean 
Nicaragua,NIC,2023,2609.44491147975,Latin America & Caribbean 
Nicaragua,NIC,2022,2322.89069619459,Latin America & Caribbean 
Nicaragua,NIC,2021,2138.38573878237,Latin America & Caribbean 
Nicaragua,NIC,2020,1938.44704754382,Latin America & Caribbean 
Nicaragua,NIC,2019,1958.62051528095,Latin America & Caribbean 
Nicaragua,NIC,2018,2035.16549390507,Latin America & Caribbean 
Nicaragua,NIC,2017,2182.61380995674,Latin America & Caribbean 
Nicaragua,NIC,2016,2131.68704828322,Latin America & Caribbean 
Nicaragua,NIC,2015,2074.45620634731,Latin America & Caribbean 
Nicaragua,NIC,2014,1958.37047579547,Latin America & Caribbean 
Nicaragua,NIC,2013,1835.43996363715,Latin America & Caribbean 
Nicaragua,NIC,2012,1784.69836017555,Latin America & Caribbean 
Nicaragua,NIC,2011,1679.71192084633,Latin America & Caribbean 
Nicaragua,NIC,2010,1526.56706951408,Latin America & Caribbean 
Nicaragua,NIC,2009,1467.08288052845,Latin America & Caribbean 
Nicaragua,NIC,2008,1523.68437086409,Latin America & Caribbean 
Nicaragua,NIC,2007,1350.38145753377,Latin America & Caribbean 
Nicaragua,NIC,2006,1248.17371577788,Latin America & Caribbean 
Nicaragua,NIC,2005,1183.30214010175,Latin America & Caribbean 
Nicaragua,NIC,2004,1098.62118662335,Latin America & Caribbean 
Nicaragua,NIC,2003,1021.35216668794,Latin America & Caribbean 
Nicaragua,NIC,2002,1014.3339042591,Latin America & Caribbean 
Nicaragua,NIC,2001,1051.874235891,Latin America & Caribbean 
Nicaragua,NIC,2000,1017.3124434882,Latin America & Caribbean 
Nicaragua,NIC,1999,980.219744675246,Latin America & Caribbean 
Nicaragua,NIC,1998,949.155373494771,Latin America & Caribbean 
Nicaragua,NIC,1997,912.757429788533,Latin America & Caribbean 
Nicaragua,NIC,1996,910.861645917295,Latin America & Caribbean 
Nicaragua,NIC,1995,891.779352309996,Latin America & Caribbean 
Nicaragua,NIC,1994,849.179331364895,Latin America & Caribbean 
Nicaragua,NIC,1993,394.378074021071,Latin America & Caribbean 
Nicaragua,NIC,1992,411.473330661786,Latin America & Caribbean 
Nicaragua,NIC,1991,349.514318640612,Latin America & Caribbean 
Nicaragua,NIC,1990,242.508390600822,Latin America & Caribbean 
Nicaragua,NIC,1989,249.155474069011,Latin America & Caribbean 
Nicaragua,NIC,1988,662.308196621167,Latin America & Caribbean 
Nicaragua,NIC,1987,992.024066415935,Latin America & Caribbean 
Nicaragua,NIC,1986,760.59055909276,Latin America & Caribbean 
Nicaragua,NIC,1985,724.056425347288,Latin America & Caribbean 
Nicaragua,NIC,1984,861.428649767358,Latin America & Caribbean 
Nicaragua,NIC,1983,779.852730684977,Latin America & Caribbean 
Nicaragua,NIC,1982,713.777809066357,Latin America & Caribbean 
Nicaragua,NIC,1981,739.671655710215,Latin America & Caribbean 
Nicaragua,NIC,1980,659.297143121648,Latin America & Caribbean 
Nicaragua,NIC,1979,495.366597419221,Latin America & Caribbean 
Nicaragua,NIC,1978,690.741261696299,Latin America & Caribbean 
Nicaragua,NIC,1977,744.185320440322,Latin America & Caribbean 
Nicaragua,NIC,1976,632.573778388006,Latin America & Caribbean 
Nicaragua,NIC,1975,561.459695350208,Latin America & Caribbean 
Nicaragua,NIC,1974,556.866122465391,Latin America & Caribbean 
Nicaragua,NIC,1973,412.527494204714,Latin America & Caribbean 
Nicaragua,NIC,1972,341.380772391976,Latin America & Caribbean 
Nicaragua,NIC,1971,331.451182972568,Latin America & Caribbean 
Nicaragua,NIC,1970,321.316159006971,Latin America & Caribbean 
Nicaragua,NIC,1969,319.366650327118,Latin America & Caribbean 
Nicaragua,NIC,1968,304.441965331491,Latin America & Caribbean 
Nicaragua,NIC,1967,297.946065908473,Latin America & Caribbean 
Nicaragua,NIC,1966,283.999593265889,Latin America & Caribbean 
Nicaragua,NIC,1965,272.251263163163,Latin America & Caribbean 
Nicaragua,NIC,1964,172.68135633824,Latin America & Caribbean 
Nicaragua,NIC,1963,152.461498316554,Latin America & Caribbean 
Nicaragua,NIC,1962,142.303523551421,Latin America & Caribbean 
Nicaragua,NIC,1961,132.943507152279,Latin America & Caribbean 
Nicaragua,NIC,1960,127.483812082529,Latin America & Caribbean 
Niger,NER,2025,775.353622143879,Sub-Saharan Africa 
Niger,NER,2024,729.856664168989,Sub-Saharan Africa 
Niger,NER,2023,647.930108509567,Sub-Saharan Africa 
Niger,NER,2022,613.614736429298,Sub-Saharan Africa 
Niger,NER,2021,609.585703670137,Sub-Saharan Africa 
Niger,NER,2020,575.451340306915,Sub-Saharan Africa 
Niger,NER,2019,541.265819870273,Sub-Saharan Africa 
Niger,NER,2018,576.927536415462,Sub-Saharan Africa 
Niger,NER,2017,529.929418934868,Sub-Saharan Africa 
Niger,NER,2016,499.910520068193,Sub-Saharan Africa 
Niger,NER,2015,485.662574175279,Sub-Saharan Africa 
Niger,NER,2014,565.30989731175,Sub-Saharan Africa 
Niger,NER,2013,552.103334363117,Sub-Saharan Africa 
Niger,NER,2012,528.510104469655,Sub-Saharan Africa 
Niger,NER,2011,510.75956176268,Sub-Saharan Africa 
Niger,NER,2010,474.425692340831,Sub-Saharan Africa 
Niger,NER,2009,461.131533961487,Sub-Saharan Africa 
Niger,NER,2008,475.044955398162,Sub-Saharan Africa 
Niger,NER,2007,387.168065883301,Sub-Saharan Africa 
Niger,NER,2006,333.345078419447,Sub-Saharan Africa 
Niger,NER,2005,318.643121918273,Sub-Saharan Africa 
Niger,NER,2004,283.468281798296,Sub-Saharan Africa 
Niger,NER,2003,265.225363452469,Sub-Saharan Africa 
Niger,NER,2002,225.294391147438,Sub-Saharan Africa 
Niger,NER,2001,205.417936120931,Sub-Saharan Africa 
Niger,NER,2000,194.771959898935,Sub-Saharan Africa 
Niger,NER,1999,228.271656116064,Sub-Saharan Africa 
Niger,NER,1998,246.090855923026,Sub-Saharan Africa 
Niger,NER,1997,220.562957209,Sub-Saharan Africa 
Niger,NER,1996,239.494513213973,Sub-Saharan Africa 
Niger,NER,1995,237.01998956862,Sub-Saharan Africa 
Niger,NER,1994,206.214617135856,Sub-Saharan Africa 
Niger,NER,1993,335.429581902384,Sub-Saharan Africa 
Niger,NER,1992,384.029657304316,Sub-Saharan Africa 
Niger,NER,1991,384.44311679922,Sub-Saharan Africa 
Niger,NER,1990,423.887460599302,Sub-Saharan Africa 
Niger,NER,1989,271.266557931133,Sub-Saharan Africa 
Niger,NER,1988,292.587878484489,Sub-Saharan Africa 
Niger,NER,1987,295.326253933298,Sub-Saharan Africa 
Niger,NER,1986,259.561894151866,Sub-Saharan Africa 
Niger,NER,1985,202.372740665362,Sub-Saharan Africa 
Niger,NER,1984,211.468807340699,Sub-Saharan Africa 
Niger,NER,1983,268.772580748131,Sub-Saharan Africa 
Niger,NER,1982,309.795062345471,Sub-Saharan Africa 
Niger,NER,1981,343.386800706738,Sub-Saharan Africa 
Niger,NER,1980,408.822779755471,Sub-Saharan Africa 
Niger,NER,1979,354.169730869649,Sub-Saharan Africa 
Niger,NER,1978,306.828022482047,Sub-Saharan Africa 
Niger,NER,1977,229.808417625006,Sub-Saharan Africa 
Niger,NER,1976,194.789570593583,Sub-Saharan Africa 
Niger,NER,1975,197.232873008404,Sub-Saharan Africa 
Niger,NER,1974,198.28916531089,Sub-Saharan Africa 
Niger,NER,1973,187.854399670045,Sub-Saharan Africa 
Niger,NER,1972,151.437947747318,Sub-Saharan Africa 
Niger,NER,1971,145.213783611591,Sub-Saharan Africa 
Niger,NER,1970,139.75875001865,Sub-Saharan Africa 
Niger,NER,1969,138.291209756182,Sub-Saharan Africa 
Niger,NER,1968,145.610145933803,Sub-Saharan Africa 
Niger,NER,1967,155.380620524944,Sub-Saharan Africa 
Niger,NER,1966,168.596485499415,Sub-Saharan Africa 
Niger,NER,1965,166.280055859235,Sub-Saharan Africa 
Niger,NER,1964,148.080269139855,Sub-Saharan Africa 
Niger,NER,1963,153.324882584919,Sub-Saharan Africa 
Niger,NER,1962,143.150824130834,Sub-Saharan Africa 
Niger,NER,1961,134.635094261008,Sub-Saharan Africa 
Niger,NER,1960,128.251201351162,Sub-Saharan Africa 
Nigeria,NGA,2025,1224.25410237743,Sub-Saharan Africa 
Nigeria,NGA,2024,1084.16041805058,Sub-Saharan Africa 
Nigeria,NGA,2023,2138.76383718757,Sub-Saharan Africa 
Nigeria,NGA,2022,2899.16047469267,Sub-Saharan Africa 
Nigeria,NGA,2021,2787.48779220991,Sub-Saharan Africa 
Nigeria,NGA,2020,2797.184580679,Sub-Saharan Africa 
Nigeria,NGA,2019,3189.81286496183,Sub-Saharan Africa 
Nigeria,NGA,2018,2057.87944554011,Sub-Saharan Africa 
Nigeria,NGA,2017,1876.34027111773,Sub-Saharan Africa 
Nigeria,NGA,2016,2070.4127339595,Sub-Saharan Africa 
Nigeria,NGA,2015,2585.73360671797,Sub-Saharan Africa 
Nigeria,NGA,2014,3088.72131316169,Sub-Saharan Africa 
Nigeria,NGA,2013,2872.79083379398,Sub-Saharan Africa 
Nigeria,NGA,2012,2633.19734671361,Sub-Saharan Africa 
Nigeria,NGA,2011,2418.41316975875,Sub-Saharan Africa 
Nigeria,NGA,2010,2202.25672957344,Sub-Saharan Africa 
Nigeria,NGA,2009,1820.48633854782,Sub-Saharan Africa 
Nigeria,NGA,2008,2154.10543545364,Sub-Saharan Africa 
Nigeria,NGA,2007,1815.52697545827,Sub-Saharan Africa 
Nigeria,NGA,2006,1599.53891556365,Sub-Saharan Africa 
Nigeria,NGA,2005,1211.37703504386,Sub-Saharan Africa 
Nigeria,NGA,2004,962.48104194733,Sub-Saharan Africa 
Nigeria,NGA,2003,763.388745367223,Sub-Saharan Africa 
Nigeria,NGA,2002,712.164852077686,Sub-Saharan Africa 
Nigeria,NGA,2001,566.428231812933,Sub-Saharan Africa 
Nigeria,NGA,2000,547.318298903379,Sub-Saharan Africa 
Nigeria,NGA,1999,480.669363941805,Sub-Saharan Africa 
Nigeria,NGA,1998,1822.46998452473,Sub-Saharan Africa 
Nigeria,NGA,1997,1720.27540949396,Sub-Saharan Africa 
Nigeria,NGA,1996,1632.72469370276,Sub-Saharan Africa 
Nigeria,NGA,1995,1271.61617353199,Sub-Saharan Africa 
Nigeria,NGA,1994,744.884247151377,Sub-Saharan Africa 
Nigeria,NGA,1993,539.573202297542,Sub-Saharan Africa 
Nigeria,NGA,1992,508.515905682785,Sub-Saharan Africa 
Nigeria,NGA,1991,596.938795710722,Sub-Saharan Africa 
Nigeria,NGA,1990,556.376449130902,Sub-Saharan Africa 
Nigeria,NGA,1989,465.488089532188,Sub-Saharan Africa 
Nigeria,NGA,1988,539.539468397166,Sub-Saharan Africa 
Nigeria,NGA,1987,587.956613434089,Sub-Saharan Africa 
Nigeria,NGA,1986,628.248453718536,Sub-Saharan Africa 
Nigeria,NGA,1985,868.640540548893,Sub-Saharan Africa 
Nigeria,NGA,1984,890.434106332302,Sub-Saharan Africa 
Nigeria,NGA,1983,1207.07374565349,Sub-Saharan Africa 
Nigeria,NGA,1982,1821.53265482387,Sub-Saharan Africa 
Nigeria,NGA,1981,2162.20995436075,Sub-Saharan Africa 
Nigeria,NGA,1980,870.359934682057,Sub-Saharan Africa 
Nigeria,NGA,1979,660.994040864293,Sub-Saharan Africa 
Nigeria,NGA,1978,526.895852928476,Sub-Saharan Africa 
Nigeria,NGA,1977,535.965307817329,Sub-Saharan Africa 
Nigeria,NGA,1976,556.389687719878,Sub-Saharan Africa 
Nigeria,NGA,1975,438.078813916795,Sub-Saharan Africa 
Nigeria,NGA,1974,402.836999782685,Sub-Saharan Africa 
Nigeria,NGA,1973,252.369032452868,Sub-Saharan Africa 
Nigeria,NGA,1972,209.454776294345,Sub-Saharan Africa 
Nigeria,NGA,1971,160.479255841113,Sub-Saharan Africa 
Nigeria,NGA,1970,224.46293599595,Sub-Saharan Africa 
Nigeria,NGA,1969,121.436663307697,Sub-Saharan Africa 
Nigeria,NGA,1968,97.3372081255964,Sub-Saharan Africa 
Nigeria,NGA,1967,99.5014906604697,Sub-Saharan Africa 
Nigeria,NGA,1966,124.382440176253,Sub-Saharan Africa 
Nigeria,NGA,1965,117.287226824734,Sub-Saharan Africa 
Nigeria,NGA,1964,113.297345671875,Sub-Saharan Africa 
Nigeria,NGA,1963,107.675741358944,Sub-Saharan Africa 
Nigeria,NGA,1962,104.532495533943,Sub-Saharan Africa 
Nigeria,NGA,1961,97.1375281143562,Sub-Saharan Africa 
Nigeria,NGA,1960,93.1370090424417,Sub-Saharan Africa 
North Macedonia,MKD,2025,10489.9255355525,Europe & Central Asia
North Macedonia,MKD,2024,9291.8566035502,Europe & Central Asia
North Macedonia,MKD,2023,8674.35846327485,Europe & Central Asia
North Macedonia,MKD,2022,7606.2375253797,Europe & Central Asia
North Macedonia,MKD,2021,7620.80296977508,Europe & Central Asia
North Macedonia,MKD,2020,6659.59651070776,Europe & Central Asia
North Macedonia,MKD,2019,6718.85826635458,Europe & Central Asia
North Macedonia,MKD,2018,6713.98925398989,Europe & Central Asia
North Macedonia,MKD,2017,5955.2973863451,Europe & Central Asia
North Macedonia,MKD,2016,5598.48622617967,Europe & Central Asia
North Macedonia,MKD,2015,5262.68671928674,Europe & Central Asia
North Macedonia,MKD,2014,5925.38592218015,Europe & Central Asia
North Macedonia,MKD,2013,5626.26115664893,Europe & Central Asia
North Macedonia,MKD,2012,5049.8265386157,Europe & Central Asia
North Macedonia,MKD,2011,5416.86672931659,Europe & Central Asia
North Macedonia,MKD,2010,4833.36586759968,Europe & Central Asia
North Macedonia,MKD,2009,4799.78722768888,Europe & Central Asia
North Macedonia,MKD,2008,5026.4202989873,Europe & Central Asia
North Macedonia,MKD,2007,4204.11328760452,Europe & Central Asia
North Macedonia,MKD,2006,3440.4411057968,Europe & Central Asia
North Macedonia,MKD,2005,3120.98401394233,Europe & Central Asia
North Macedonia,MKD,2004,2818.5814561242,Europe & Central Asia
North Macedonia,MKD,2003,2445.36286400013,Europe & Central Asia
North Macedonia,MKD,2002,1989.13537265159,Europe & Central Asia
North Macedonia,MKD,2001,1823.02267682636,Europe & Central Asia
North Macedonia,MKD,2000,1861.89899780644,Europe & Central Asia
North Macedonia,MKD,1999,1915.39281060996,Europe & Central Asia
North Macedonia,MKD,1998,1875.81662735988,Europe & Central Asia
North Macedonia,MKD,1997,1959.56073782188,Europe & Central Asia
North Macedonia,MKD,1996,2306.53366957635,Europe & Central Asia
North Macedonia,MKD,1995,2355.24705371138,Europe & Central Asia
North Macedonia,MKD,1994,1786.35488334914,Europe & Central Asia
North Macedonia,MKD,1993,1336.64775641463,Europe & Central Asia
North Macedonia,MKD,1992,1198.92829846257,Europe & Central Asia
North Macedonia,MKD,1991,2402.13517656378,Europe & Central Asia
North Macedonia,MKD,1990,2277.30372314314,Europe & Central Asia
Northern Mariana Islands,MNP,2022,23785.754590043,East Asia & Pacific
Northern Mariana Islands,MNP,2021,19455.50139424,East Asia & Pacific
Northern Mariana Islands,MNP,2020,18220.8382427201,East Asia & Pacific
Northern Mariana Islands,MNP,2019,24496.6652122421,East Asia & Pacific
Northern Mariana Islands,MNP,2018,26509.3628379893,East Asia & Pacific
Northern Mariana Islands,MNP,2017,31225.6049960968,East Asia & Pacific
Northern Mariana Islands,MNP,2016,24225.474169342,East Asia & Pacific
Northern Mariana Islands,MNP,2015,17665.1007493109,East Asia & Pacific
Northern Mariana Islands,MNP,2014,15945.417608954,East Asia & Pacific
Northern Mariana Islands,MNP,2013,14632.8518897608,East Asia & Pacific
Northern Mariana Islands,MNP,2012,14013.6003306158,East Asia & Pacific
Northern Mariana Islands,MNP,2011,13598.7166094613,East Asia & Pacific
Northern Mariana Islands,MNP,2010,14771.4037455399,East Asia & Pacific
Northern Mariana Islands,MNP,2009,14369.6339810212,East Asia & Pacific
Northern Mariana Islands,MNP,2008,16430.4461942257,East Asia & Pacific
Northern Mariana Islands,MNP,2007,15914.2193040498,East Asia & Pacific
Northern Mariana Islands,MNP,2006,16314.5578590027,East Asia & Pacific
Northern Mariana Islands,MNP,2005,17015.7487891715,East Asia & Pacific
Northern Mariana Islands,MNP,2004,18924.5831899653,East Asia & Pacific
Northern Mariana Islands,MNP,2003,18938.8728389967,East Asia & Pacific
Northern Mariana Islands,MNP,2002,19227.8894246608,East Asia & Pacific
Norway,NOR,2025,94594.1929573987,Europe & Central Asia
Norway,NOR,2024,89888.9535204758,Europe & Central Asia
Norway,NOR,2023,90984.4087141111,Europe & Central Asia
Norway,NOR,2022,113122.130765691,Europe & Central Asia
Norway,NOR,2021,96442.5552173002,Europe & Central Asia
Norway,NOR,2020,71057.5879471399,Europe & Central Asia
Norway,NOR,2019,79329.3075190012,Europe & Central Asia
Norway,NOR,2018,85579.0776455494,Europe & Central Asia
Norway,NOR,2017,78771.2151264554,Europe & Central Asia
Norway,NOR,2016,73222.4006864905,Europe & Central Asia
Norway,NOR,2015,77220.9524311414,Europe & Central Asia
Norway,NOR,2014,100410.020200979,Europe & Central Asia
Norway,NOR,2013,106333.138368566,Europe & Central Asia
Norway,NOR,2012,104627.93694681,Europe & Central Asia
Norway,NOR,2011,103545.218988177,Europe & Central Asia
Norway,NOR,2010,90020.342257973,Europe & Central Asia
Norway,NOR,2009,81939.726548458,Europe & Central Asia
Norway,NOR,2008,99001.5300678626,Europe & Central Asia
Norway,NOR,2007,86600.2387607877,Europe & Central Asia
Norway,NOR,2006,75047.741700385,Europe & Central Asia
Norway,NOR,2005,67358.3615969796,Europe & Central Asia
Norway,NOR,2004,57854.5698169407,Europe & Central Asia
Norway,NOR,2003,50208.0960234078,Europe & Central Asia
Norway,NOR,2002,43048.288735011,Europe & Central Asia
Norway,NOR,2001,38458.2530907659,Europe & Central Asia
Norway,NOR,2000,37991.8907576589,Europe & Central Asia
Norway,NOR,1999,36151.4491624485,Europe & Central Asia
Norway,NOR,1998,34515.8977194734,Europe & Central Asia
Norway,NOR,1997,36324.1473513598,Europe & Central Asia
Norway,NOR,1996,37072.6000316602,Europe & Central Asia
Norway,NOR,1995,34658.6948344762,Europe & Central Asia
Norway,NOR,1994,29129.7350937014,Europe & Central Asia
Norway,NOR,1993,27792.6599198329,Europe & Central Asia
Norway,NOR,1992,30328.210916818,Europe & Central Asia
Norway,NOR,1991,28427.2524217324,Europe & Central Asia
Norway,NOR,1990,28137.4837293741,Europe & Central Asia
Norway,NOR,1989,24184.8126093052,Europe & Central Asia
Norway,NOR,1988,24111.6310594146,Europe & Central Asia
Norway,NOR,1987,22430.2488269377,Europe & Central Asia
Norway,NOR,1986,18822.0644903098,Europe & Central Asia
Norway,NOR,1985,15704.0849927239,Europe & Central Asia
Norway,NOR,1984,14943.1398958054,Europe & Central Asia
Norway,NOR,1983,14876.7583997781,Europe & Central Asia
Norway,NOR,1982,15177.7873936039,Europe & Central Asia
Norway,NOR,1981,15462.7834538319,Europe & Central Asia
Norway,NOR,1980,15707.9683777553,Europe & Central Asia
Norway,NOR,1979,12998.2915999562,Europe & Central Asia
Norway,NOR,1978,11421.4699303169,Europe & Central Asia
Norway,NOR,1977,10230.160816144,Europe & Central Asia
Norway,NOR,1976,8895.7022645797,Europe & Central Asia
Norway,NOR,1975,8170.69776714575,Europe & Central Asia
Norway,NOR,1974,6783.35338935005,Europe & Central Asia
Norway,NOR,1973,5664.19042060684,Europe & Central Asia
Norway,NOR,1972,4394.5879226684,Europe & Central Asia
Norway,NOR,1971,3721.02526677458,Europe & Central Asia
Norway,NOR,1970,3290.57877867639,Europe & Central Asia
Norway,NOR,1969,2880.54823198589,Europe & Central Asia
Norway,NOR,1968,2667.03611449992,Europe & Central Asia
Norway,NOR,1967,2518.68880884488,Europe & Central Asia
Norway,NOR,1966,2321.47621551643,Europe & Central Asia
Norway,NOR,1965,2168.46797295547,Europe & Central Asia
Norway,NOR,1964,1941.46511840231,Europe & Central Asia
Norway,NOR,1963,1778.86328512139,Europe & Central Asia
Norway,NOR,1962,1670.32789543337,Europe & Central Asia
Norway,NOR,1961,1563.20784301582,Europe & Central Asia
Norway,NOR,1960,1444.41949906697,Europe & Central Asia
Oman,OMN,2025,19947.3966227092,"Middle East, North Africa, Afghanistan & Pakistan"
Oman,OMN,2024,20285.2272765262,"Middle East, North Africa, Afghanistan & Pakistan"
Oman,OMN,2023,21027.7384572657,"Middle East, North Africa, Afghanistan & Pakistan"
Oman,OMN,2022,23223.5829405935,"Middle East, North Africa, Afghanistan & Pakistan"
Oman,OMN,2021,19403.4600160211,"Middle East, North Africa, Afghanistan & Pakistan"
Oman,OMN,2020,16784.8630630058,"Middle East, North Africa, Afghanistan & Pakistan"
Oman,OMN,2019,19180.1864152801,"Middle East, North Africa, Afghanistan & Pakistan"
Oman,OMN,2018,19901.7615642016,"Middle East, North Africa, Afghanistan & Pakistan"
Oman,OMN,2017,17820.0661809335,"Middle East, North Africa, Afghanistan & Pakistan"
Oman,OMN,2016,17110.1897460545,"Middle East, North Africa, Afghanistan & Pakistan"
Oman,OMN,2015,18808.3077921839,"Middle East, North Africa, Afghanistan & Pakistan"
Oman,OMN,2014,23160.6502252547,"Middle East, North Africa, Afghanistan & Pakistan"
Oman,OMN,2013,23458.0233840053,"Middle East, North Africa, Afghanistan & Pakistan"
Oman,OMN,2012,24642.2978768596,"Middle East, North Africa, Afghanistan & Pakistan"
Oman,OMN,2011,25188.0074151885,"Middle East, North Africa, Afghanistan & Pakistan"
Oman,OMN,2010,23570.1798147325,"Middle East, North Africa, Afghanistan & Pakistan"
Oman,OMN,2009,20655.9180249218,"Middle East, North Africa, Afghanistan & Pakistan"
Oman,OMN,2008,26576.779241509,"Middle East, North Africa, Afghanistan & Pakistan"
Oman,OMN,2007,18792.653772482,"Middle East, North Africa, Afghanistan & Pakistan"
Oman,OMN,2006,16930.8565071853,"Middle East, North Africa, Afghanistan & Pakistan"
Oman,OMN,2005,14434.8577924647,"Middle East, North Africa, Afghanistan & Pakistan"
Oman,OMN,2004,11800.8507411171,"Middle East, North Africa, Afghanistan & Pakistan"
Oman,OMN,2003,10463.5425832141,"Middle East, North Africa, Afghanistan & Pakistan"
Oman,OMN,2002,9869.13050219438,"Middle East, North Africa, Afghanistan & Pakistan"
Oman,OMN,2001,9611.96360191054,"Middle East, North Africa, Afghanistan & Pakistan"
Oman,OMN,2000,9753.84755185404,"Middle East, North Africa, Afghanistan & Pakistan"
Oman,OMN,1999,7915.44169380534,"Middle East, North Africa, Afghanistan & Pakistan"
Oman,OMN,1998,7219.02932432025,"Middle East, North Africa, Afghanistan & Pakistan"
Oman,OMN,1997,8234.64063759005,"Middle East, North Africa, Afghanistan & Pakistan"
Oman,OMN,1996,8068.00076784612,"Middle East, North Africa, Afghanistan & Pakistan"
Oman,OMN,1995,7414.30279204109,"Middle East, North Africa, Afghanistan & Pakistan"
Oman,OMN,1994,7068.38996979073,"Middle East, North Africa, Afghanistan & Pakistan"
Oman,OMN,1993,7038.9301587736,"Middle East, North Africa, Afghanistan & Pakistan"
Oman,OMN,1992,7317.78815838166,"Middle East, North Africa, Afghanistan & Pakistan"
Oman,OMN,1991,6977.3285922345,"Middle East, North Africa, Afghanistan & Pakistan"
Oman,OMN,1990,7545.70305230441,"Middle East, North Africa, Afghanistan & Pakistan"
Oman,OMN,1989,5591.22723847558,"Middle East, North Africa, Afghanistan & Pakistan"
Oman,OMN,1988,5279.10411437183,"Middle East, North Africa, Afghanistan & Pakistan"
Oman,OMN,1987,5203.99994065839,"Middle East, North Africa, Afghanistan & Pakistan"
Oman,OMN,1986,5181.87980290561,"Middle East, North Africa, Afghanistan & Pakistan"
Oman,OMN,1985,7548.69588410284,"Middle East, North Africa, Afghanistan & Pakistan"
Oman,OMN,1984,7070.07295804885,"Middle East, North Africa, Afghanistan & Pakistan"
Oman,OMN,1983,6714.19125910699,"Middle East, North Africa, Afghanistan & Pakistan"
Oman,OMN,1982,6759.29870293907,"Middle East, North Africa, Afghanistan & Pakistan"
Oman,OMN,1981,6865.58482819779,"Middle East, North Africa, Afghanistan & Pakistan"
Oman,OMN,1980,5974.30434611467,"Middle East, North Africa, Afghanistan & Pakistan"
Oman,OMN,1979,3933.50510857105,"Middle East, North Africa, Afghanistan & Pakistan"
Oman,OMN,1978,3043.75121036129,"Middle East, North Africa, Afghanistan & Pakistan"
Oman,OMN,1977,3204.86972958061,"Middle East, North Africa, Afghanistan & Pakistan"
Oman,OMN,1976,3142.52717836645,"Middle East, North Africa, Afghanistan & Pakistan"
Oman,OMN,1975,2691.99653514052,"Middle East, North Africa, Afghanistan & Pakistan"
Oman,OMN,1974,2203.40591346986,"Middle East, North Africa, Afghanistan & Pakistan"
Oman,OMN,1973,669.829529995212,"Middle East, North Africa, Afghanistan & Pakistan"
Oman,OMN,1972,523.675726630998,"Middle East, North Africa, Afghanistan & Pakistan"
Oman,OMN,1971,441.935384423256,"Middle East, North Africa, Afghanistan & Pakistan"
Oman,OMN,1970,386.792712839023,"Middle East, North Africa, Afghanistan & Pakistan"
Oman,OMN,1969,371.945677290612,"Middle East, North Africa, Afghanistan & Pakistan"
Oman,OMN,1968,300.382394498902,"Middle East, North Africa, Afghanistan & Pakistan"
Oman,OMN,1967,174.708442422448,"Middle East, North Africa, Afghanistan & Pakistan"
Oman,OMN,1966,113.158851470616,"Middle East, North Africa, Afghanistan & Pakistan"
Oman,OMN,1965,108.127276326149,"Middle East, North Africa, Afghanistan & Pakistan"
Oman,OMN,1964,108.059747071369,"Middle East, North Africa, Afghanistan & Pakistan"
Oman,OMN,1963,106.829311959455,"Middle East, North Africa, Afghanistan & Pakistan"
Oman,OMN,1962,102.325889863048,"Middle East, North Africa, Afghanistan & Pakistan"
Oman,OMN,1961,84.5311646369716,"Middle East, North Africa, Afghanistan & Pakistan"
Oman,OMN,1960,83.3853105243323,"Middle East, North Africa, Afghanistan & Pakistan"
Pakistan,PAK,2025,1595.90912252837,"Middle East, North Africa, Afghanistan & Pakistan"
Pakistan,PAK,2024,1479.47755241191,"Middle East, North Africa, Afghanistan & Pakistan"
Pakistan,PAK,2023,1360.32417758419,"Middle East, North Africa, Afghanistan & Pakistan"
Pakistan,PAK,2022,1538.3228133171,"Middle East, North Africa, Afghanistan & Pakistan"
Pakistan,PAK,2021,1455.31922370186,"Middle East, North Africa, Afghanistan & Pakistan"
Pakistan,PAK,2020,1278.39735206896,"Middle East, North Africa, Afghanistan & Pakistan"
Pakistan,PAK,2019,1390.41690981745,"Middle East, North Africa, Afghanistan & Pakistan"
Pakistan,PAK,2018,1569.33814626355,"Middle East, North Africa, Afghanistan & Pakistan"
Pakistan,PAK,2017,1519.23459514248,"Middle East, North Africa, Afghanistan & Pakistan"
Pakistan,PAK,2016,1424.69161195897,"Middle East, North Africa, Afghanistan & Pakistan"
Pakistan,PAK,2015,1380.47020838317,"Middle East, North Africa, Afghanistan & Pakistan"
Pakistan,PAK,2014,1266.61340849959,"Middle East, North Africa, Afghanistan & Pakistan"
Pakistan,PAK,2013,1225.4340119198,"Middle East, North Africa, Afghanistan & Pakistan"
Pakistan,PAK,2012,1204.36475491585,"Middle East, North Africa, Afghanistan & Pakistan"
Pakistan,PAK,2011,1131.73513834324,"Middle East, North Africa, Afghanistan & Pakistan"
Pakistan,PAK,2010,987.304571124485,"Middle East, North Africa, Afghanistan & Pakistan"
Pakistan,PAK,2009,963.788066395225,"Middle East, North Africa, Afghanistan & Pakistan"
Pakistan,PAK,2008,1067.04324565284,"Middle East, North Africa, Afghanistan & Pakistan"
Pakistan,PAK,2007,998.090114197524,"Middle East, North Africa, Afghanistan & Pakistan"
Pakistan,PAK,2006,900.873564984808,"Middle East, North Africa, Afghanistan & Pakistan"
Pakistan,PAK,2005,827.619861189926,"Middle East, North Africa, Afghanistan & Pakistan"
Pakistan,PAK,2004,771.902247348954,"Middle East, North Africa, Afghanistan & Pakistan"
Pakistan,PAK,2003,672.44178669894,"Middle East, North Africa, Afghanistan & Pakistan"
Pakistan,PAK,2002,599.937345723927,"Middle East, North Africa, Afghanistan & Pakistan"
Pakistan,PAK,2001,609.939506905073,"Middle East, North Africa, Afghanistan & Pakistan"
Pakistan,PAK,2000,642.338346499898,"Middle East, North Africa, Afghanistan & Pakistan"
Pakistan,PAK,1999,418.249257055367,"Middle East, North Africa, Afghanistan & Pakistan"
Pakistan,PAK,1998,424.453697798497,"Middle East, North Africa, Afghanistan & Pakistan"
Pakistan,PAK,1997,438.030942680153,"Middle East, North Africa, Afghanistan & Pakistan"
Pakistan,PAK,1996,456.996961832943,"Middle East, North Africa, Afghanistan & Pakistan"
Pakistan,PAK,1995,450.550279346206,"Middle East, North Africa, Afghanistan & Pakistan"
Pakistan,PAK,1994,399.955927561352,"Middle East, North Africa, Afghanistan & Pakistan"
Pakistan,PAK,1993,407.888140688466,"Middle East, North Africa, Afghanistan & Pakistan"
Pakistan,PAK,1992,395.67720859593,"Middle East, North Africa, Afghanistan & Pakistan"
Pakistan,PAK,1991,380.019843346229,"Middle East, North Africa, Afghanistan & Pakistan"
Pakistan,PAK,1990,344.45547384189,"Middle East, North Africa, Afghanistan & Pakistan"
Pakistan,PAK,1989,357.595796105007,"Middle East, North Africa, Afghanistan & Pakistan"
Pakistan,PAK,1988,353.85454278549,"Middle East, North Africa, Afghanistan & Pakistan"
Pakistan,PAK,1987,317.23867416111,"Middle East, North Africa, Afghanistan & Pakistan"
Pakistan,PAK,1986,313.946324043906,"Middle East, North Africa, Afghanistan & Pakistan"
Pakistan,PAK,1985,317.063499386432,"Middle East, North Africa, Afghanistan & Pakistan"
Pakistan,PAK,1984,327.345625152291,"Middle East, North Africa, Afghanistan & Pakistan"
Pakistan,PAK,1983,311.098361356703,"Middle East, North Africa, Afghanistan & Pakistan"
Pakistan,PAK,1982,344.889792466995,"Middle East, North Africa, Afghanistan & Pakistan"
Pakistan,PAK,1981,327.505069961745,"Middle East, North Africa, Afghanistan & Pakistan"
Pakistan,PAK,1980,287.448707270022,"Middle East, North Africa, Afghanistan & Pakistan"
Pakistan,PAK,1979,249.229389957057,"Middle East, North Africa, Afghanistan & Pakistan"
Pakistan,PAK,1978,233.41799161409,"Middle East, North Africa, Afghanistan & Pakistan"
Pakistan,PAK,1977,204.677762649367,"Middle East, North Africa, Afghanistan & Pakistan"
Pakistan,PAK,1976,183.859733422347,"Middle East, North Africa, Afghanistan & Pakistan"
Pakistan,PAK,1975,161.681774899518,"Middle East, North Africa, Afghanistan & Pakistan"
Pakistan,PAK,1974,132.005156607293,"Middle East, North Africa, Afghanistan & Pakistan"
Pakistan,PAK,1973,97.5136425928243,"Middle East, North Africa, Afghanistan & Pakistan"
Pakistan,PAK,1972,148.073976270617,"Middle East, North Africa, Afghanistan & Pakistan"
Pakistan,PAK,1971,172.453662202274,"Middle East, North Africa, Afghanistan & Pakistan"
Pakistan,PAK,1970,166.662061958389,"Middle East, North Africa, Afghanistan & Pakistan"
Pakistan,PAK,1969,148.528512990071,"Middle East, North Africa, Afghanistan & Pakistan"
Pakistan,PAK,1968,141.558306459346,"Middle East, North Africa, Afghanistan & Pakistan"
Pakistan,PAK,1967,135.190474942968,"Middle East, North Africa, Afghanistan & Pakistan"
Pakistan,PAK,1966,122.229353754713,"Middle East, North Africa, Afghanistan & Pakistan"
Pakistan,PAK,1965,113.567206414596,"Middle East, North Africa, Afghanistan & Pakistan"
Pakistan,PAK,1964,102.45976384531,"Middle East, North Africa, Afghanistan & Pakistan"
Pakistan,PAK,1963,93.6508728613463,"Middle East, North Africa, Afghanistan & Pakistan"
Pakistan,PAK,1962,89.5039525753413,"Middle East, North Africa, Afghanistan & Pakistan"
Pakistan,PAK,1961,87.7778246966181,"Middle East, North Africa, Afghanistan & Pakistan"
Pakistan,PAK,1960,82.0241000071912,"Middle East, North Africa, Afghanistan & Pakistan"
Palau,PLW,2025,19532.3557719527,East Asia & Pacific
Palau,PLW,2024,18169.0767165866,East Asia & Pacific
Palau,PLW,2023,15578.3497630733,East Asia & Pacific
Palau,PLW,2022,13934.951996171,East Asia & Pacific
Palau,PLW,2021,13267.4877340719,East Asia & Pacific
Palau,PLW,2020,14556.30954221,East Asia & Pacific
Palau,PLW,2019,15841.8923474548,East Asia & Pacific
Palau,PLW,2018,16179.877834849,East Asia & Pacific
Palau,PLW,2017,16280.241199753,East Asia & Pacific
Palau,PLW,2016,17043.6660673147,East Asia & Pacific
Palau,PLW,2015,15938.3652222848,East Asia & Pacific
Palau,PLW,2014,13854.730278013,East Asia & Pacific
Palau,PLW,2013,12820.5931621147,East Asia & Pacific
Palau,PLW,2012,12098.4124331551,East Asia & Pacific
Palau,PLW,2011,10795.639900708,East Asia & Pacific
Palau,PLW,2010,10018.065238367,East Asia & Pacific
Palau,PLW,2009,9837.49883077663,East Asia & Pacific
Palau,PLW,2008,10471.1510008417,East Asia & Pacific
Palau,PLW,2007,10155.0470806134,East Asia & Pacific
Palau,PLW,2006,9737.01943934058,East Asia & Pacific
Palau,PLW,2005,9367.68615343862,East Asia & Pacific
Palau,PLW,2004,8393.73029137235,East Asia & Pacific
Palau,PLW,2003,7862.39286077623,East Asia & Pacific
Palau,PLW,2002,8340.18965031021,East Asia & Pacific
Palau,PLW,2001,8239.26386807565,East Asia & Pacific
Palau,PLW,2000,7798.07510558974,East Asia & Pacific
Palau,PLW,1999,7629.56986402836,East Asia & Pacific
Palau,PLW,1998,8047.91621679983,East Asia & Pacific
Palau,PLW,1997,7944.59907223327,East Asia & Pacific
Palau,PLW,1996,7788.29726974057,East Asia & Pacific
Palau,PLW,1995,7038.00523407967,East Asia & Pacific
Palau,PLW,1994,6329.06976744186,East Asia & Pacific
Palau,PLW,1993,5891.50378695334,East Asia & Pacific
Palau,PLW,1992,6552.7112389768,East Asia & Pacific
Palau,PLW,1991,6824.34353785065,East Asia & Pacific
Palau,PLW,1990,6402.929615309,East Asia & Pacific
Palau,PLW,1989,5741.0868517899,East Asia & Pacific
Palau,PLW,1988,5145.00614544213,East Asia & Pacific
Palau,PLW,1987,4616.29028882378,East Asia & Pacific
Palau,PLW,1986,4143.56203650884,East Asia & Pacific
Palau,PLW,1985,3728.1295295149,East Asia & Pacific
Palau,PLW,1984,3360.14538501912,East Asia & Pacific
Palau,PLW,1983,3049.47947101338,East Asia & Pacific
Palau,PLW,1982,2838.1584213014,East Asia & Pacific
Palau,PLW,1981,2638.81583615546,East Asia & Pacific
Palau,PLW,1980,2422.62684377801,East Asia & Pacific
Palau,PLW,1979,2188.88311583043,East Asia & Pacific
Palau,PLW,1978,1971.86615755627,East Asia & Pacific
Palau,PLW,1977,1781.08614770459,East Asia & Pacific
Palau,PLW,1976,1616.48039371329,East Asia & Pacific
Palau,PLW,1975,1463.541050968,East Asia & Pacific
Palau,PLW,1974,1328.03334121542,East Asia & Pacific
Palau,PLW,1973,1221.46980560867,East Asia & Pacific
Palau,PLW,1972,1144.53616532721,East Asia & Pacific
Palau,PLW,1971,1080.60838506676,East Asia & Pacific
Palau,PLW,1970,1017.15701970443,East Asia & Pacific
Panama,PAN,2025,19789.7308555826,Latin America & Caribbean 
Panama,PAN,2024,19161.218843129,Latin America & Caribbean 
Panama,PAN,2023,18797.1933894611,Latin America & Caribbean 
Panama,PAN,2022,17378.6070083597,Latin America & Caribbean 
Panama,PAN,2021,15509.8069109784,Latin America & Caribbean 
Panama,PAN,2020,13290.5608347594,Latin America & Caribbean 
Panama,PAN,2019,16477.9066285687,Latin America & Caribbean 
Panama,PAN,2018,16151.3273478476,Latin America & Caribbean 
Panama,PAN,2017,15694.6297454295,Latin America & Caribbean 
Panama,PAN,2016,14832.3611608191,Latin America & Caribbean 
Panama,PAN,2015,14082.6548502728,Latin America & Caribbean 
Panama,PAN,2014,13213.1989637473,Latin America & Caribbean 
Panama,PAN,2013,12273.3225037637,Latin America & Caribbean 
Panama,PAN,2012,11064.8063606203,Latin America & Caribbean 
Panama,PAN,2011,9662.29592216607,Latin America & Caribbean 
Panama,PAN,2010,8331.46421351868,Latin America & Caribbean 
Panama,PAN,2009,7796.92617035048,Latin America & Caribbean 
Panama,PAN,2008,7347.59050324397,Latin America & Caribbean 
Panama,PAN,2007,6317.81730274124,Latin America & Caribbean 
Panama,PAN,2006,5528.76705469354,Latin America & Caribbean 
Panama,PAN,2005,5017.7410922824,Latin America & Caribbean 
Panama,PAN,2004,4644.56582353041,Latin America & Caribbean 
Panama,PAN,2003,4264.66428846636,Latin America & Caribbean 
Panama,PAN,2002,4090.58617397129,Latin America & Caribbean 
Panama,PAN,2001,3991.7767076924,Latin America & Caribbean 
Panama,PAN,2000,3975.09308659503,Latin America & Caribbean 
Panama,PAN,1999,3950.34145012809,Latin America & Caribbean 
Panama,PAN,1998,3807.83869182014,Latin America & Caribbean 
Panama,PAN,1997,3545.97670881078,Latin America & Caribbean 
Panama,PAN,1996,3308.18429574276,Latin America & Caribbean 
Panama,PAN,1995,3513.89737854631,Latin America & Caribbean 
Panama,PAN,1994,3508.19570069218,Latin America & Caribbean 
Panama,PAN,1993,3358.41411740053,Latin America & Caribbean 
Panama,PAN,1992,3139.89952899581,Latin America & Caribbean 
Panama,PAN,1991,2820.54547665418,Latin America & Caribbean 
Panama,PAN,1990,2620.13827266274,Latin America & Caribbean 
Panama,PAN,1989,2462.11022455924,Latin America & Caribbean 
Panama,PAN,1988,2508.78229277879,Latin America & Caribbean 
Panama,PAN,1987,2966.00967866653,Latin America & Caribbean 
Panama,PAN,1986,3019.48150533575,Latin America & Caribbean 
Panama,PAN,1985,2972.18070666064,Latin America & Caribbean 
Panama,PAN,1984,2874.94832112227,Latin America & Caribbean 
Panama,PAN,1983,2819.35128451397,Latin America & Caribbean 
Panama,PAN,1982,2811.40643706411,Latin America & Caribbean 
Panama,PAN,1981,2605.45529924397,Latin America & Caribbean 
Panama,PAN,1980,2357.09131999751,Latin America & Caribbean 
Panama,PAN,1979,1937.98107506361,Latin America & Caribbean 
Panama,PAN,1978,1738.48763684081,Latin America & Caribbean 
Panama,PAN,1977,1503.26503409472,Latin America & Caribbean 
Panama,PAN,1976,1456.50009707727,Latin America & Caribbean 
Panama,PAN,1975,1405.74899748267,Latin America & Caribbean 
Panama,PAN,1974,1296.44759308169,Latin America & Caribbean 
Panama,PAN,1973,1164.32745834068,Latin America & Caribbean 
Panama,PAN,1972,1046.06341222824,Latin America & Caribbean 
Panama,PAN,1971,979.3302533737,Latin America & Caribbean 
Panama,PAN,1970,892.890877487492,Latin America & Caribbean 
Panama,PAN,1969,830.319752856442,Latin America & Caribbean 
Panama,PAN,1968,778.476641666323,Latin America & Caribbean 
Panama,PAN,1967,744.890928311974,Latin America & Caribbean 
Panama,PAN,1966,688.846978762789,Latin America & Caribbean 
Panama,PAN,1965,651.331374848625,Latin America & Caribbean 
Panama,PAN,1964,611.100612960754,Latin America & Caribbean 
Panama,PAN,1963,586.61668793076,Latin America & Caribbean 
Panama,PAN,1962,545.570446272529,Latin America & Caribbean 
Panama,PAN,1961,516.459861881073,Latin America & Caribbean 
Panama,PAN,1960,477.037935000289,Latin America & Caribbean 
Papua New Guinea,PNG,2025,3019.5309140573,East Asia & Pacific
Papua New Guinea,PNG,2024,2912.4914068385,East Asia & Pacific
Papua New Guinea,PNG,2023,2966.06455045333,East Asia & Pacific
Papua New Guinea,PNG,2022,3102.29409730005,East Asia & Pacific
Papua New Guinea,PNG,2021,2607.97769973161,East Asia & Pacific
Papua New Guinea,PNG,2020,2429.61134585269,East Asia & Pacific
Papua New Guinea,PNG,2019,2575.77274140393,East Asia & Pacific
Papua New Guinea,PNG,2018,2566.36833735041,East Asia & Pacific
Papua New Guinea,PNG,2017,2477.76530986323,East Asia & Pacific
Papua New Guinea,PNG,2016,2316.39479758492,East Asia & Pacific
Papua New Guinea,PNG,2015,2484.5963398603,East Asia & Pacific
Papua New Guinea,PNG,2014,2723.17529825196,East Asia & Pacific
Papua New Guinea,PNG,2013,2560.77458976327,East Asia & Pacific
Papua New Guinea,PNG,2012,2635.0873631547,East Asia & Pacific
Papua New Guinea,PNG,2011,2288.37591141234,East Asia & Pacific
Papua New Guinea,PNG,2010,1866.86889851208,East Asia & Pacific
Papua New Guinea,PNG,2009,1568.83193368607,East Asia & Pacific
Papua New Guinea,PNG,2008,1624.79319935188,East Asia & Pacific
Papua New Guinea,PNG,2007,1370.753415829,East Asia & Pacific
Papua New Guinea,PNG,2006,1238.18282926706,East Asia & Pacific
Papua New Guinea,PNG,2005,744.486489977433,East Asia & Pacific
Papua New Guinea,PNG,2004,620.596147680561,East Asia & Pacific
Papua New Guinea,PNG,2003,577.467922387259,East Asia & Pacific
Papua New Guinea,PNG,2002,506.331789534482,East Asia & Pacific
Papua New Guinea,PNG,2001,537.847459634131,East Asia & Pacific
Papua New Guinea,PNG,2000,635.957919047725,East Asia & Pacific
Papua New Guinea,PNG,1999,649.994719718763,East Asia & Pacific
Papua New Guinea,PNG,1998,733.479860137662,East Asia & Pacific
Papua New Guinea,PNG,1997,989.721550965343,East Asia & Pacific
Papua New Guinea,PNG,1996,1071.04185150251,East Asia & Pacific
Papua New Guinea,PNG,1995,998.229967376131,East Asia & Pacific
Papua New Guinea,PNG,1994,1228.24343638772,East Asia & Pacific
Papua New Guinea,PNG,1993,1151.28388116601,East Asia & Pacific
Papua New Guinea,PNG,1992,1050.7071689258,East Asia & Pacific
Papua New Guinea,PNG,1991,941.707721616563,East Asia & Pacific
Papua New Guinea,PNG,1990,826.317152082832,East Asia & Pacific
Papua New Guinea,PNG,1989,934.246494854331,East Asia & Pacific
Papua New Guinea,PNG,1988,984.993556016427,East Asia & Pacific
Papua New Guinea,PNG,1987,865.468569563314,East Asia & Pacific
Papua New Guinea,PNG,1986,744.908522742949,East Asia & Pacific
Papua New Guinea,PNG,1985,696.574806636325,East Asia & Pacific
Papua New Guinea,PNG,1984,749.637059926778,East Asia & Pacific
Papua New Guinea,PNG,1983,768.636364904269,East Asia & Pacific
Papua New Guinea,PNG,1982,725.645992789394,East Asia & Pacific
Papua New Guinea,PNG,1981,781.41257446286,East Asia & Pacific
Papua New Guinea,PNG,1980,812.964617578981,East Asia & Pacific
Papua New Guinea,PNG,1979,747.800949082904,East Asia & Pacific
Papua New Guinea,PNG,1978,648.490112781654,East Asia & Pacific
Papua New Guinea,PNG,1977,558.015016249782,East Asia & Pacific
Papua New Guinea,PNG,1976,525.433235600649,East Asia & Pacific
Papua New Guinea,PNG,1975,481.950394020557,East Asia & Pacific
Papua New Guinea,PNG,1974,533.088651774956,East Asia & Pacific
Papua New Guinea,PNG,1973,482.816252421415,East Asia & Pacific
Papua New Guinea,PNG,1972,326.720237042343,East Asia & Pacific
Papua New Guinea,PNG,1971,279.669733884528,East Asia & Pacific
Papua New Guinea,PNG,1970,257.647270580834,East Asia & Pacific
Papua New Guinea,PNG,1969,225.288234672395,East Asia & Pacific
Papua New Guinea,PNG,1968,202.937753394767,East Asia & Pacific
Papua New Guinea,PNG,1967,188.972036608059,East Asia & Pacific
Papua New Guinea,PNG,1966,171.054558569102,East Asia & Pacific
Papua New Guinea,PNG,1965,153.93728254876,East Asia & Pacific
Papua New Guinea,PNG,1964,139.518603886501,East Asia & Pacific
Papua New Guinea,PNG,1963,128.874165095194,East Asia & Pacific
Papua New Guinea,PNG,1962,124.734548848091,East Asia & Pacific
Papua New Guinea,PNG,1961,119.656325913849,East Asia & Pacific
Papua New Guinea,PNG,1960,115.530490488928,East Asia & Pacific
Paraguay,PRY,2025,7026.61906146401,Latin America & Caribbean 
Paraguay,PRY,2024,6456.60723068562,Latin America & Caribbean 
Paraguay,PRY,2023,6303.26495017292,Latin America & Caribbean 
Paraguay,PRY,2022,6189.10205375331,Latin America & Caribbean 
Paraguay,PRY,2021,5974.9057185863,Latin America & Caribbean 
Paraguay,PRY,2020,5365.47220721191,Latin America & Caribbean 
Paraguay,PRY,2019,5821.18199548637,Latin America & Caribbean 
Paraguay,PRY,2018,6258.44991640954,Latin America & Caribbean 
Paraguay,PRY,2017,6152.26711537703,Latin America & Caribbean 
Paraguay,PRY,2016,5775.1596339946,Latin America & Caribbean 
Paraguay,PRY,2015,5879.33792308671,Latin America & Caribbean 
Paraguay,PRY,2014,6652.25478942291,Latin America & Caribbean 
Paraguay,PRY,2013,6435.68342733182,Latin America & Caribbean 
Paraguay,PRY,2012,5642.1699167298,Latin America & Caribbean 
Paraguay,PRY,2011,5805.40154543044,Latin America & Caribbean 
Paraguay,PRY,2010,4750.96273669322,Latin America & Caribbean 
Paraguay,PRY,2009,3941.84815479271,Latin America & Caribbean 
Paraguay,PRY,2008,4384.9546943793,Latin America & Caribbean 
Paraguay,PRY,2007,3211.93621659546,Latin America & Caribbean 
Paraguay,PRY,2006,2439.43124694576,Latin America & Caribbean 
Paraguay,PRY,2005,1970.87169852378,Latin America & Caribbean 
Paraguay,PRY,2004,1786.21533938543,Latin America & Caribbean 
Paraguay,PRY,2003,1443.99885236205,Latin America & Caribbean 
Paraguay,PRY,2002,1367.76506935997,Latin America & Caribbean 
Paraguay,PRY,2001,1637.68615122932,Latin America & Caribbean 
Paraguay,PRY,2000,1736.11729210765,Latin America & Caribbean 
Paraguay,PRY,1999,1766.30657288259,Latin America & Caribbean 
Paraguay,PRY,1998,1889.88455618586,Latin America & Caribbean 
Paraguay,PRY,1997,2078.50841313824,Latin America & Caribbean 
Paraguay,PRY,1996,2088.17109102236,Latin America & Caribbean 
Paraguay,PRY,1995,1978.71514099575,Latin America & Caribbean 
Paraguay,PRY,1994,1760.28807083292,Latin America & Caribbean 
Paraguay,PRY,1993,1661.70955306218,Latin America & Caribbean 
Paraguay,PRY,1992,1682.67444777611,Latin America & Caribbean 
Paraguay,PRY,1991,1685.26890082621,Latin America & Caribbean 
Paraguay,PRY,1990,1440.15829610029,Latin America & Caribbean 
Paraguay,PRY,1989,1211.29634333964,Latin America & Caribbean 
Paraguay,PRY,1988,1113.89406863138,Latin America & Caribbean 
Paraguay,PRY,1987,1068.95380287336,Latin America & Caribbean 
Paraguay,PRY,1986,1031.15623781062,Latin America & Caribbean 
Paraguay,PRY,1985,934.991981806694,Latin America & Caribbean 
Paraguay,PRY,1984,1319.23446766653,Latin America & Caribbean 
Paraguay,PRY,1983,1709.80484009501,Latin America & Caribbean 
Paraguay,PRY,1982,1679.81843739033,Latin America & Caribbean 
Paraguay,PRY,1981,1792.61496129399,Latin America & Caribbean 
Paraguay,PRY,1980,1456.84406918803,Latin America & Caribbean 
Paraguay,PRY,1979,1148.89527317637,Latin America & Caribbean 
Paraguay,PRY,1978,882.931919341442,Latin America & Caribbean 
Paraguay,PRY,1977,739.83449409653,Latin America & Caribbean 
Paraguay,PRY,1976,615.825049934218,Latin America & Caribbean 
Paraguay,PRY,1975,561.522396286823,Latin America & Caribbean 
Paraguay,PRY,1974,507.87047971714,Latin America & Caribbean 
Paraguay,PRY,1973,388.712259813059,Latin America & Caribbean 
Paraguay,PRY,1972,307.630516228445,Latin America & Caribbean 
Paraguay,PRY,1971,272.082440745597,Latin America & Caribbean 
Paraguay,PRY,1970,248.996708209079,Latin America & Caribbean 
Paraguay,PRY,1969,238.242208450243,Latin America & Caribbean 
Paraguay,PRY,1968,226.80197812329,Latin America & Caribbean 
Paraguay,PRY,1967,220.930909757875,Latin America & Caribbean 
Paraguay,PRY,1966,213.947608399441,Latin America & Caribbean 
Paraguay,PRY,1965,208.729579506696,Latin America & Caribbean 
Paraguay,PRY,1964,196.973355774177,Latin America & Caribbean 
Paraguay,PRY,1963,189.872423489268,Latin America & Caribbean 
Paraguay,PRY,1962,182.805194132375,Latin America & Caribbean 
Paraguay,PRY,1961,167.092827495951,Latin America & Caribbean 
Paraguay,PRY,1960,153.375216758109,Latin America & Caribbean 
Peru,PER,2025,9684.41170314988,Latin America & Caribbean 
Peru,PER,2024,8526.29665719783,Latin America & Caribbean 
Peru,PER,2023,7919.04634828547,Latin America & Caribbean 
Peru,PER,2022,7353.74598721667,Latin America & Caribbean 
Peru,PER,2021,6828.53422535638,Latin America & Caribbean 
Peru,PER,2020,6133.32552410183,Latin America & Caribbean 
Peru,PER,2019,7037.00803692604,Latin America & Caribbean 
Peru,PER,2018,6978.49121548627,Latin America & Caribbean 
Peru,PER,2017,6736.16693725487,Latin America & Caribbean 
Peru,PER,2016,6217.03599995447,Latin America & Caribbean 
Peru,PER,2015,6231.71150338894,Latin America & Caribbean 
Peru,PER,2014,6667.13410360861,Latin America & Caribbean 
Peru,PER,2013,6746.80025696601,Latin America & Caribbean 
Peru,PER,2012,6519.37852981527,Latin America & Caribbean 
Peru,PER,2011,5861.35793645245,Latin America & Caribbean 
Peru,PER,2010,5072.11494019615,Latin America & Caribbean 
Peru,PER,2009,4181.18755462253,Latin America & Caribbean 
Peru,PER,2008,4197.58444634142,Latin America & Caribbean 
Peru,PER,2007,3581.0893081917,Latin America & Caribbean 
Peru,PER,2006,3129.55996496982,Latin America & Caribbean 
Peru,PER,2005,2706.66947297608,Latin America & Caribbean 
Peru,PER,2004,2397.25147277714,Latin America & Caribbean 
Peru,PER,2003,2129.44114197634,Latin America & Caribbean 
Peru,PER,2002,2007.37019626753,Latin America & Caribbean 
Peru,PER,2001,1929.57273038846,Latin America & Caribbean 
Peru,PER,2000,1945.41338451698,Latin America & Caribbean 
Peru,PER,1999,1916.53397367908,Latin America & Caribbean 
Peru,PER,1998,2156.39377651613,Latin America & Caribbean 
Peru,PER,1997,2300.67200774461,Latin America & Caribbean 
Peru,PER,1996,2226.91682429265,Latin America & Caribbean 
Peru,PER,1995,2189.53431515311,Latin America & Caribbean 
Peru,PER,1994,1879.36657757919,Latin America & Caribbean 
Peru,PER,1993,1487.67404314175,Latin America & Caribbean 
Peru,PER,1992,1567.40910765128,Latin America & Caribbean 
Peru,PER,1991,1527.38879472866,Latin America & Caribbean 
Peru,PER,1990,1199.66666756615,Latin America & Caribbean 
Peru,PER,1989,1044.90725784847,Latin America & Caribbean 
Peru,PER,1988,733.299784874657,Latin America & Caribbean 
Peru,PER,1987,1792.30070238361,Latin America & Caribbean 
Peru,PER,1986,1086.60913755382,Latin America & Caribbean 
Peru,PER,1985,767.43588754407,Latin America & Caribbean 
Peru,PER,1984,917.896274683145,Latin America & Caribbean 
Peru,PER,1983,927.258656933852,Latin America & Caribbean 
Peru,PER,1982,1194.45000618562,Latin America & Caribbean 
Peru,PER,1981,1216.27350223135,Latin America & Caribbean 
Peru,PER,1980,1044.69165468575,Latin America & Caribbean 
Peru,PER,1979,942.176901705359,Latin America & Caribbean 
Peru,PER,1978,756.347306761911,Latin America & Caribbean 
Peru,PER,1977,902.860901025509,Latin America & Caribbean 
Peru,PER,1976,1026.41438542928,Latin America & Caribbean 
Peru,PER,1975,1104.16133001287,Latin America & Caribbean 
Peru,PER,1974,926.57995047717,Latin America & Caribbean 
Peru,PER,1973,753.924581161999,Latin America & Caribbean 
Peru,PER,1972,646.679686654992,Latin America & Caribbean 
Peru,PER,1971,599.041967615617,Latin America & Caribbean 
Peru,PER,1970,550.484609442545,Latin America & Caribbean 
Peru,PER,1969,487.660318575547,Latin America & Caribbean 
Peru,PER,1968,447.99179719095,Latin America & Caribbean 
Peru,PER,1967,497.58475625699,Latin America & Caribbean 
Peru,PER,1966,504.825948542419,Latin America & Caribbean 
Peru,PER,1965,438.990796969303,Latin America & Caribbean 
Peru,PER,1964,380.965457465866,Latin America & Caribbean 
Peru,PER,1963,324.107404672837,Latin America & Caribbean 
Peru,PER,1962,304.537817519843,Latin America & Caribbean 
Peru,PER,1961,276.641400132003,Latin America & Caribbean 
Peru,PER,1960,252.796782675034,Latin America & Caribbean 
Philippines,PHL,2025,4170.72347271451,East Asia & Pacific
Philippines,PHL,2024,3985.29464669706,East Asia & Pacific
Philippines,PHL,2023,3804.08274131718,East Asia & Pacific
Philippines,PHL,2022,3548.06930572116,East Asia & Pacific
Philippines,PHL,2021,3484.38593882819,East Asia & Pacific
Philippines,PHL,2020,3227.57910235199,East Asia & Pacific
Philippines,PHL,2019,3400.78949767074,East Asia & Pacific
Philippines,PHL,2018,3168.51036609727,East Asia & Pacific
Philippines,PHL,2017,3038.12124959289,East Asia & Pacific
Philippines,PHL,2016,2985.19564024046,East Asia & Pacific
Philippines,PHL,2015,2909.85818010301,East Asia & Pacific
Philippines,PHL,2014,2866.83803761407,East Asia & Pacific
Philippines,PHL,2013,2781.27957677397,East Asia & Pacific
Philippines,PHL,2012,2614.61644401308,East Asia & Pacific
Philippines,PHL,2011,2383.91892522087,East Asia & Pacific
Philippines,PHL,2010,2162.91375885614,East Asia & Pacific
Philippines,PHL,2009,1864.45043406471,East Asia & Pacific
Philippines,PHL,2008,1959.29233534978,East Asia & Pacific
Philippines,PHL,2007,1712.65543282793,East Asia & Pacific
Philippines,PHL,2006,1426.14649179546,East Asia & Pacific
Philippines,PHL,2005,1220.46018559867,East Asia & Pacific
Philippines,PHL,2004,1099.63013023758,East Asia & Pacific
Philippines,PHL,2003,1027.2301192843,East Asia & Pacific
Philippines,PHL,2002,1014.90879320106,East Asia & Pacific
Philippines,PHL,2001,969.530611744453,East Asia & Pacific
Philippines,PHL,2000,1050.79273107952,East Asia & Pacific
Philippines,PHL,1999,1101.43515975318,East Asia & Pacific
Philippines,PHL,1998,982.865943728564,East Asia & Pacific
Philippines,PHL,1997,1273.27604875636,East Asia & Pacific
Philippines,PHL,1996,1311.09249403865,East Asia & Pacific
Philippines,PHL,1995,1199.84171414993,East Asia & Pacific
Philippines,PHL,1994,1059.9838951587,East Asia & Pacific
Philippines,PHL,1993,918.642953796961,East Asia & Pacific
Philippines,PHL,1992,916.515694532029,East Asia & Pacific
Philippines,PHL,1991,804.323330530547,East Asia & Pacific
Philippines,PHL,1990,803.572588255813,East Asia & Pacific
Philippines,PHL,1989,791.864324425833,East Asia & Pacific
Philippines,PHL,1988,722.343718454247,East Asia & Pacific
Philippines,PHL,1987,649.812857590607,East Asia & Pacific
Philippines,PHL,1986,600.002843935462,East Asia & Pacific
Philippines,PHL,1985,633.211065310196,East Asia & Pacific
Philippines,PHL,1984,665.042349344043,East Asia & Pacific
Philippines,PHL,1983,723.430497138016,East Asia & Pacific
Philippines,PHL,1982,832.536200258054,East Asia & Pacific
Philippines,PHL,1981,821.293256858092,East Asia & Pacific
Philippines,PHL,1980,766.969451146209,East Asia & Pacific
Philippines,PHL,1979,666.956386771672,East Asia & Pacific
Philippines,PHL,1978,565.267487053598,East Asia & Pacific
Philippines,PHL,1977,502.23424288346,East Asia & Pacific
Philippines,PHL,1976,448.620084504484,East Asia & Pacific
Philippines,PHL,1975,400.638883090952,East Asia & Pacific
Philippines,PHL,1974,379.068181207602,East Asia & Pacific
Philippines,PHL,1973,283.228592733126,East Asia & Pacific
Philippines,PHL,1972,230.097611314044,East Asia & Pacific
Philippines,PHL,1971,217.429055093343,East Asia & Pacific
Philippines,PHL,1970,200.921655645037,East Asia & Pacific
Philippines,PHL,1969,261.090890369413,East Asia & Pacific
Philippines,PHL,1968,242.232067627814,East Asia & Pacific
Philippines,PHL,1967,223.124766332659,East Asia & Pacific
Philippines,PHL,1966,213.849586020843,East Asia & Pacific
Philippines,PHL,1965,199.763575376063,East Asia & Pacific
Philippines,PHL,1964,188.153783582113,East Asia & Pacific
Philippines,PHL,1963,179.464434045296,East Asia & Pacific
Philippines,PHL,1962,166.689221357377,East Asia & Pacific
Philippines,PHL,1961,283.794741192369,East Asia & Pacific
Philippines,PHL,1960,269.465146474794,East Asia & Pacific
Poland,POL,2025,28419.5777395638,Europe & Central Asia
Poland,POL,2024,25103.565661423,Europe & Central Asia
Poland,POL,2023,22145.2660647429,Europe & Central Asia
Poland,POL,2022,18891.2121169279,Europe & Central Asia
Poland,POL,2021,18635.5104895754,Europe & Central Asia
Poland,POL,2020,16150.9304813473,Europe & Central Asia
Poland,POL,2019,15874.5220531254,Europe & Central Asia
Poland,POL,2018,15658.210586693,Europe & Central Asia
Poland,POL,2017,13913.3415190124,Europe & Central Asia
Poland,POL,2016,12464.0121044827,Europe & Central Asia
Poland,POL,2015,12637.5220324406,Europe & Central Asia
Poland,POL,2014,14262.2841914116,Europe & Central Asia
Poland,POL,2013,13621.9023794031,Europe & Central Asia
Poland,POL,2012,13087.420943321,Europe & Central Asia
Poland,POL,2011,13867.6669408192,Europe & Central Asia
Poland,POL,2010,12567.7317676382,Europe & Central Asia
Poland,POL,2009,11556.3026866026,Europe & Central Asia
Poland,POL,2008,14048.5604672654,Europe & Central Asia
Poland,POL,2007,11272.5293683383,Europe & Central Asia
Poland,POL,2006,9068.85528307627,Europe & Central Asia
Poland,POL,2005,8043.92332253757,Europe & Central Asia
Poland,POL,2004,6711.72715262967,Europe & Central Asia
Poland,POL,2003,5720.81366178104,Europe & Central Asia
Poland,POL,2002,5223.45178967082,Europe & Central Asia
Poland,POL,2001,5015.23790036613,Europe & Central Asia
Poland,POL,2000,4520.64100449111,Europe & Central Asia
Poland,POL,1999,4415.50067547826,Europe & Central Asia
Poland,POL,1998,4533.5356551781,Europe & Central Asia
Poland,POL,1997,4137.00831823145,Europe & Central Asia
Poland,POL,1996,4163.51195431959,Europe & Central Asia
Poland,POL,1995,3700.95956775144,Europe & Central Asia
Poland,POL,1994,2874.83163555069,Europe & Central Asia
Poland,POL,1993,2497.13055936127,Europe & Central Asia
Poland,POL,1992,2459.02068468253,Europe & Central Asia
Poland,POL,1991,2235.54108862522,Europe & Central Asia
Poland,POL,1990,1731.2095094382,Europe & Central Asia
Portugal,PRT,2025,32081.8106150292,Europe & Central Asia
Portugal,PRT,2024,29328.3067415343,Europe & Central Asia
Portugal,PRT,2023,27634.6183139773,Europe & Central Asia
Portugal,PRT,2022,24620.5197587181,Europe & Central Asia
Portugal,PRT,2021,24711.4510062111,Europe & Central Asia
Portugal,PRT,2020,22299.4044062173,Europe & Central Asia
Portugal,PRT,2019,23343.3628970034,Europe & Central Asia
Portugal,PRT,2018,23541.1401075289,Europe & Central Asia
Portugal,PRT,2017,21442.3842768879,Europe & Central Asia
Portugal,PRT,2016,19980.2808866516,Europe & Central Asia
Portugal,PRT,2015,19215.7813014347,Europe & Central Asia
Portugal,PRT,2014,22120.6850127107,Europe & Central Asia
Portugal,PRT,2013,21676.4859642714,Europe & Central Asia
Portugal,PRT,2012,20593.4274224109,Europe & Central Asia
Portugal,PRT,2011,23246.5425416481,Europe & Central Asia
Portugal,PRT,2010,22551.935098809,Europe & Central Asia
Portugal,PRT,2009,23151.2154130712,Europe & Central Asia
Portugal,PRT,2008,24949.0413566739,Europe & Central Asia
Portugal,PRT,2007,22811.0564844365,Europe & Central Asia
Portugal,PRT,2006,19839.4540499032,Europe & Central Asia
Portugal,PRT,2005,18780.12751241,Europe & Central Asia
Portugal,PRT,2004,18064.1580932987,Europe & Central Asia
Portugal,PRT,2003,15797.7821340276,Europe & Central Asia
Portugal,PRT,2002,12936.6928204482,Europe & Central Asia
Portugal,PRT,2001,11734.7649743954,Europe & Central Asia
Portugal,PRT,2000,11526.3720667968,Europe & Central Asia
Portugal,PRT,1999,12475.2917701476,Europe & Central Asia
Portugal,PRT,1998,12199.206385024,Europe & Central Asia
Portugal,PRT,1997,11575.5071124358,Europe & Central Asia
Portugal,PRT,1996,12185.0914010629,Europe & Central Asia
Portugal,PRT,1995,11781.3618502221,Europe & Central Asia
Portugal,PRT,1994,9977.31990905771,Europe & Central Asia
Portugal,PRT,1993,9534.6563637308,Europe & Central Asia
Portugal,PRT,1992,10810.5665079626,Europe & Central Asia
Portugal,PRT,1991,8958.9853330247,Europe & Central Asia
Portugal,PRT,1990,7884.61798756332,Europe & Central Asia
Portugal,PRT,1989,6056.38102771889,Europe & Central Asia
Portugal,PRT,1988,5623.69699982123,Europe & Central Asia
Portugal,PRT,1987,4803.86609546941,Europe & Central Asia
Portugal,PRT,1986,3861.9484333688,Europe & Central Asia
Portugal,PRT,1985,2705.19300197317,Europe & Central Asia
Portugal,PRT,1984,2522.74747620658,Europe & Central Asia
Portugal,PRT,1983,2735.49106580047,Europe & Central Asia
Portugal,PRT,1982,3079.94956634271,Europe & Central Asia
Portugal,PRT,1981,3245.97521367748,Europe & Central Asia
Portugal,PRT,1980,3368.36666940279,Europe & Central Asia
Portugal,PRT,1979,2755.6246177008,Europe & Central Asia
Portugal,PRT,1978,2457.31321644599,Europe & Central Asia
Portugal,PRT,1977,2267.37100319478,Europe & Central Asia
Portugal,PRT,1976,2173.28393425975,Europe & Central Asia
Portugal,PRT,1975,2127.6375072593,Europe & Central Asia
Portugal,PRT,1974,2000.41824574682,Europe & Central Asia
Portugal,PRT,1973,1747.98904060266,Europe & Central Asia
Portugal,PRT,1972,1302.2662677393,Europe & Central Asia
Portugal,PRT,1971,1064.53771257341,Europe & Central Asia
Portugal,PRT,1970,934.082156096117,Europe & Central Asia
Portugal,PRT,1969,832.130682107245,Europe & Central Asia
Portugal,PRT,1968,751.947085624465,Europe & Central Asia
Portugal,PRT,1967,676.386669887118,Europe & Central Asia
Portugal,PRT,1966,601.289222261876,Europe & Central Asia
Portugal,PRT,1965,544.71961987576,Europe & Central Asia
Portugal,PRT,1964,490.207385856289,Europe & Central Asia
Portugal,PRT,1963,452.280291618213,Europe & Central Asia
Portugal,PRT,1962,426.49433629823,Europe & Central Asia
Portugal,PRT,1961,400.223162057827,Europe & Central Asia
Portugal,PRT,1960,376.976430250874,Europe & Central Asia
Puerto Rico (US),PRI,2025,40620.1526923687,Latin America & Caribbean 
Puerto Rico (US),PRI,2024,39353.2242360643,Latin America & Caribbean 
Puerto Rico (US),PRI,2023,36980.7653928068,Latin America & Caribbean 
Puerto Rico (US),PRI,2022,35353.5613891039,Latin America & Caribbean 
Puerto Rico (US),PRI,2021,32618.8705106244,Latin America & Caribbean 
Puerto Rico (US),PRI,2020,31427.1034994916,Latin America & Caribbean 
Puerto Rico (US),PRI,2019,31830.5284993358,Latin America & Caribbean 
Puerto Rico (US),PRI,2018,30679.9181934488,Latin America & Caribbean 
Puerto Rico (US),PRI,2017,30328.479490518,Latin America & Caribbean 
Puerto Rico (US),PRI,2016,29978.0889268918,Latin America & Caribbean 
Puerto Rico (US),PRI,2015,29242.041465085,Latin America & Caribbean 
Puerto Rico (US),PRI,2014,28576.0988023209,Latin America & Caribbean 
Puerto Rico (US),PRI,2013,28212.0499737431,Latin America & Caribbean 
Puerto Rico (US),PRI,2012,27742.024476618,Latin America & Caribbean 
Puerto Rico (US),PRI,2011,27170.0766543278,Latin America & Caribbean 
Puerto Rico (US),PRI,2010,26414.8810634548,Latin America & Caribbean 
Puerto Rico (US),PRI,2009,25768.7258883384,Latin America & Caribbean 
Puerto Rico (US),PRI,2008,24898.3345857045,Latin America & Caribbean 
Puerto Rico (US),PRI,2007,23664.8823485096,Latin America & Caribbean 
Puerto Rico (US),PRI,2006,22935.9411586313,Latin America & Caribbean 
Puerto Rico (US),PRI,2005,21959.322696986,Latin America & Caribbean 
Puerto Rico (US),PRI,2004,20988.9923326534,Latin America & Caribbean 
Puerto Rico (US),PRI,2003,19557.1202492358,Latin America & Caribbean 
Puerto Rico (US),PRI,2002,18731.4593897378,Latin America & Caribbean 
Puerto Rico (US),PRI,2001,18123.1987019918,Latin America & Caribbean 
Puerto Rico (US),PRI,2000,16192.1269719638,Latin America & Caribbean 
Puerto Rico (US),PRI,1999,15220.9913420267,Latin America & Caribbean 
Puerto Rico (US),PRI,1998,14304.4049868015,Latin America & Caribbean 
Puerto Rico (US),PRI,1997,12817.6449621352,Latin America & Caribbean 
Puerto Rico (US),PRI,1996,12173.163688986,Latin America & Caribbean 
Puerto Rico (US),PRI,1995,11579.1849969985,Latin America & Caribbean 
Puerto Rico (US),PRI,1994,10876.4188239898,Latin America & Caribbean 
Puerto Rico (US),PRI,1993,10212.2767630564,Latin America & Caribbean 
Puerto Rico (US),PRI,1992,9659.33889995916,Latin America & Caribbean 
Puerto Rico (US),PRI,1991,9064.01851711486,Latin America & Caribbean 
Puerto Rico (US),PRI,1990,8652.50749222505,Latin America & Caribbean 
Puerto Rico (US),PRI,1989,8033.08944133042,Latin America & Caribbean 
Puerto Rico (US),PRI,1988,7595.44465611829,Latin America & Caribbean 
Puerto Rico (US),PRI,1987,6980.49014338219,Latin America & Caribbean 
Puerto Rico (US),PRI,1986,6455.18446107614,Latin America & Caribbean 
Puerto Rico (US),PRI,1985,6008.05448623038,Latin America & Caribbean 
Puerto Rico (US),PRI,1984,5730.11700890201,Latin America & Caribbean 
Puerto Rico (US),PRI,1983,5217.72272856039,Latin America & Caribbean 
Puerto Rico (US),PRI,1982,5115.00851423346,Latin America & Caribbean 
Puerto Rico (US),PRI,1981,4920.72293674859,Latin America & Caribbean 
Puerto Rico (US),PRI,1980,4502.8384279476,Latin America & Caribbean 
Puerto Rico (US),PRI,1979,4024.50942019287,Latin America & Caribbean 
Puerto Rico (US),PRI,1978,3567.7526290007,Latin America & Caribbean 
Puerto Rico (US),PRI,1977,3208.77135614128,Latin America & Caribbean 
Puerto Rico (US),PRI,1976,2946.46195251152,Latin America & Caribbean 
Puerto Rico (US),PRI,1975,2738.24315297261,Latin America & Caribbean 
Puerto Rico (US),PRI,1974,2614.50094053038,Latin America & Caribbean 
Puerto Rico (US),PRI,1973,2432.41421904928,Latin America & Caribbean 
Puerto Rico (US),PRI,1972,2246.4767135113,Latin America & Caribbean 
Puerto Rico (US),PRI,1971,2044.31990558216,Latin America & Caribbean 
Puerto Rico (US),PRI,1970,1852.35467255335,Latin America & Caribbean 
Puerto Rico (US),PRI,1969,1661.86688523369,Latin America & Caribbean 
Puerto Rico (US),PRI,1968,1480.69317642251,Latin America & Caribbean 
Puerto Rico (US),PRI,1967,1335.27411162524,Latin America & Caribbean 
Puerto Rico (US),PRI,1966,1207.81182440348,Latin America & Caribbean 
Puerto Rico (US),PRI,1965,1110.83269082498,Latin America & Caribbean 
Puerto Rico (US),PRI,1964,1006.43444609497,Latin America & Caribbean 
Puerto Rico (US),PRI,1963,931.751665981242,Latin America & Caribbean 
Puerto Rico (US),PRI,1962,854.74480496849,Latin America & Caribbean 
Puerto Rico (US),PRI,1961,777.215027407341,Latin America & Caribbean 
Puerto Rico (US),PRI,1960,717.514843087362,Latin America & Caribbean 
Qatar,QAT,2025,72524.9066385222,"Middle East, North Africa, Afghanistan & Pakistan"
Qatar,QAT,2024,75685.0865779973,"Middle East, North Africa, Afghanistan & Pakistan"
Qatar,QAT,2023,80195.8746508549,"Middle East, North Africa, Afghanistan & Pakistan"
Qatar,QAT,2022,88701.463352273,"Middle East, North Africa, Afghanistan & Pakistan"
Qatar,QAT,2021,71751.8831257169,"Middle East, North Africa, Afghanistan & Pakistan"
Qatar,QAT,2020,51683.5054376677,"Middle East, North Africa, Afghanistan & Pakistan"
Qatar,QAT,2019,66841.3013484919,"Middle East, North Africa, Afghanistan & Pakistan"
Qatar,QAT,2018,71039.8490579352,"Middle East, North Africa, Afghanistan & Pakistan"
Qatar,QAT,2017,63279.8556949332,"Middle East, North Africa, Afghanistan & Pakistan"
Qatar,QAT,2016,61253.6375482797,"Middle East, North Africa, Afghanistan & Pakistan"
Qatar,QAT,2015,68985.2946961507,"Middle East, North Africa, Afghanistan & Pakistan"
Qatar,QAT,2014,95840.6310094498,"Middle East, North Africa, Afghanistan & Pakistan"
Qatar,QAT,2013,103697.008372373,"Middle East, North Africa, Afghanistan & Pakistan"
Qatar,QAT,2012,108470.378825036,"Middle East, North Africa, Afghanistan & Pakistan"
Qatar,QAT,2011,103261.510293068,"Middle East, North Africa, Afghanistan & Pakistan"
Qatar,QAT,2010,77387.2936379616,"Middle East, North Africa, Afghanistan & Pakistan"
Qatar,QAT,2009,60785.7351551657,"Middle East, North Africa, Afghanistan & Pakistan"
Qatar,QAT,2008,80781.2113909506,"Middle East, North Africa, Afghanistan & Pakistan"
Qatar,QAT,2007,65954.1146428814,"Middle East, North Africa, Afghanistan & Pakistan"
Qatar,QAT,2006,62582.4453138755,"Middle East, North Africa, Afghanistan & Pakistan"
Qatar,QAT,2005,53949.6764091147,"Middle East, North Africa, Afghanistan & Pakistan"
Qatar,QAT,2004,41035.5008380177,"Middle East, North Africa, Afghanistan & Pakistan"
Qatar,QAT,2003,31602.470865136,"Middle East, North Africa, Afghanistan & Pakistan"
Qatar,QAT,2002,27226.6593510117,"Middle East, North Africa, Afghanistan & Pakistan"
Qatar,QAT,2001,25870.7991864314,"Middle East, North Africa, Afghanistan & Pakistan"
Qatar,QAT,2000,27535.182940934,"Middle East, North Africa, Afghanistan & Pakistan"
Qatar,QAT,1999,20233.6846826643,"Middle East, North Africa, Afghanistan & Pakistan"
Qatar,QAT,1998,17665.4399446972,"Middle East, North Africa, Afghanistan & Pakistan"
Qatar,QAT,1997,20522.801449232,"Middle East, North Africa, Afghanistan & Pakistan"
Qatar,QAT,1996,17124.7926054464,"Middle East, North Africa, Afghanistan & Pakistan"
Qatar,QAT,1995,15822.5092848142,"Middle East, North Africa, Afghanistan & Pakistan"
Qatar,QAT,1994,14764.8766954856,"Middle East, North Africa, Afghanistan & Pakistan"
Qatar,QAT,1993,14769.718821974,"Middle East, North Africa, Afghanistan & Pakistan"
Qatar,QAT,1992,16280.293589053,"Middle East, North Africa, Afghanistan & Pakistan"
Qatar,QAT,1991,15133.4969397069,"Middle East, North Africa, Afghanistan & Pakistan"
Qatar,QAT,1990,16721.6210835226,"Middle East, North Africa, Afghanistan & Pakistan"
Qatar,QAT,1989,15242.5068904961,"Middle East, North Africa, Afghanistan & Pakistan"
Qatar,QAT,1988,14682.0213127986,"Middle East, North Africa, Afghanistan & Pakistan"
Qatar,QAT,1987,13718.7908752499,"Middle East, North Africa, Afghanistan & Pakistan"
Qatar,QAT,1986,13213.2094336152,"Middle East, North Africa, Afghanistan & Pakistan"
Qatar,QAT,1985,16815.0426389482,"Middle East, North Africa, Afghanistan & Pakistan"
Qatar,QAT,1984,19749.2502266015,"Middle East, North Africa, Afghanistan & Pakistan"
Qatar,QAT,1983,19668.5262152083,"Middle East, North Africa, Afghanistan & Pakistan"
Qatar,QAT,1982,24431.3315473402,"Middle East, North Africa, Afghanistan & Pakistan"
Qatar,QAT,1981,29543.3106543877,"Middle East, North Africa, Afghanistan & Pakistan"
Qatar,QAT,1980,28407.2006612113,"Middle East, North Africa, Afghanistan & Pakistan"
Qatar,QAT,1979,21776.6381753833,"Middle East, North Africa, Afghanistan & Pakistan"
Qatar,QAT,1978,16757.0982461328,"Middle East, North Africa, Afghanistan & Pakistan"
Qatar,QAT,1977,16057.7252719384,"Middle East, North Africa, Afghanistan & Pakistan"
Qatar,QAT,1976,15710.3208135683,"Middle East, North Africa, Afghanistan & Pakistan"
Qatar,QAT,1975,13013.6838099496,"Middle East, North Africa, Afghanistan & Pakistan"
Qatar,QAT,1974,13539.5587974924,"Middle East, North Africa, Afghanistan & Pakistan"
Qatar,QAT,1973,4905.34265094329,"Middle East, North Africa, Afghanistan & Pakistan"
Qatar,QAT,1972,3482.877835561,"Middle East, North Africa, Afghanistan & Pakistan"
Qatar,QAT,1971,2951.769414533,"Middle East, North Africa, Afghanistan & Pakistan"
Qatar,QAT,1970,2593.82296339752,"Middle East, North Africa, Afghanistan & Pakistan"
Romania,ROU,2025,22537.9532108047,Europe & Central Asia
Romania,ROU,2024,20080.2096215595,Europe & Central Asia
Romania,ROU,2023,18244.4186876321,Europe & Central Asia
Romania,ROU,2022,15503.4691366242,Europe & Central Asia
Romania,ROU,2021,14908.0412813921,Europe & Central Asia
Romania,ROU,2020,13009.1525348396,Europe & Central Asia
Romania,ROU,2019,12909.6104013244,Europe & Central Asia
Romania,ROU,2018,12416.134317959,Europe & Central Asia
Romania,ROU,2017,10727.9822007426,Europe & Central Asia
Romania,ROU,2016,9404.54005870715,Europe & Central Asia
Romania,ROU,2015,8977.01748158196,Europe & Central Asia
Romania,ROU,2014,10031.7710755404,Europe & Central Asia
Romania,ROU,2013,9497.67411615237,Europe & Central Asia
Romania,ROU,2012,8929.95366231474,Europe & Central Asia
Romania,ROU,2011,9560.6755277458,Europe & Central Asia
Romania,ROU,2010,8399.5374234284,Europe & Central Asia
Romania,ROU,2009,8548.4543409242,Europe & Central Asia
Romania,ROU,2008,10435.1561230787,Europe & Central Asia
Romania,ROU,2007,8360.33775916596,Europe & Central Asia
Romania,ROU,2006,5757.53127301178,Europe & Central Asia
Romania,ROU,2005,4618.00350802913,Europe & Central Asia
Romania,ROU,2004,3494.99056448955,Europe & Central Asia
Romania,ROU,2003,2679.40626016154,Europe & Central Asia
Romania,ROU,2002,2119.85509684554,Europe & Central Asia
Romania,ROU,2001,1825.19299373184,Europe & Central Asia
Romania,ROU,2000,1659.92904910528,Europe & Central Asia
Romania,ROU,1999,1599.90622808339,Europe & Central Asia
Romania,ROU,1998,1852.5549693339,Europe & Central Asia
Romania,ROU,1997,1577.33656023974,Europe & Central Asia
Romania,ROU,1996,1633.01064354117,Europe & Central Asia
Romania,ROU,1995,1650.04922365201,Europe & Central Asia
Romania,ROU,1994,1323.03237766927,Europe & Central Asia
Romania,ROU,1993,1158.05632799712,Europe & Central Asia
Romania,ROU,1992,1102.10378473246,Europe & Central Asia
Romania,ROU,1991,1254.3124421298,Europe & Central Asia
Romania,ROU,1990,1648.48522974542,Europe & Central Asia
Romania,ROU,1989,1789.64455528113,Europe & Central Asia
Romania,ROU,1988,1753.19285632198,Europe & Central Asia
Romania,ROU,1987,1658.75873899995,Europe & Central Asia
Russian Federation,RUS,2025,17546.609375,Europe & Central Asia
Russian Federation,RUS,2024,14961.8974609375,Europe & Central Asia
Russian Federation,RUS,2023,13986.9951171875,Europe & Central Asia
Russian Federation,RUS,2022,15625.6328125,Europe & Central Asia
Russian Federation,RUS,2021,12425.029296875,Europe & Central Asia
Russian Federation,RUS,2020,10108.3271484375,Europe & Central Asia
Russian Federation,RUS,2019,11447.701171875,Europe & Central Asia
Russian Federation,RUS,2018,11211.8876953125,Europe & Central Asia
Russian Federation,RUS,2017,10658.9130859375,Europe & Central Asia
Russian Federation,RUS,2016,8663.158203125,Europe & Central Asia
Russian Federation,RUS,2015,9277.7138671875,Europe & Central Asia
Russian Federation,RUS,2014,14055.47265625,Europe & Central Asia
Russian Federation,RUS,2013,15941.4482421875,Europe & Central Asia
Russian Federation,RUS,2012,15401.8515625,Europe & Central Asia
Russian Federation,RUS,2011,14305.33203125,Europe & Central Asia
Russian Federation,RUS,2010,10674.990234375,Europe & Central Asia
Russian Federation,RUS,2009,8562.82421875,Europe & Central Asia
Russian Federation,RUS,2008,11635.2841796875,Europe & Central Asia
Russian Federation,RUS,2007,9101.2392578125,Europe & Central Asia
Russian Federation,RUS,2006,6920.19970703125,Europe & Central Asia
Russian Federation,RUS,2005,5323.455078125,Europe & Central Asia
Russian Federation,RUS,2004,4102.36474609375,Europe & Central Asia
Russian Federation,RUS,2003,2975.123046875,Europe & Central Asia
Russian Federation,RUS,2002,2377.52954101563,Europe & Central Asia
Russian Federation,RUS,2001,2100.3525390625,Europe & Central Asia
Russian Federation,RUS,2000,1771.59411621094,Europe & Central Asia
Russian Federation,RUS,1999,1330.75720214844,Europe & Central Asia
Russian Federation,RUS,1998,1834.86181640625,Europe & Central Asia
Russian Federation,RUS,1997,2737.57202148438,Europe & Central Asia
Russian Federation,RUS,1996,2643.92919921875,Europe & Central Asia
Russian Federation,RUS,1995,2665.77978515625,Europe & Central Asia
Russian Federation,RUS,1994,2662.10400390625,Europe & Central Asia
Russian Federation,RUS,1993,2930.67016601563,Europe & Central Asia
Russian Federation,RUS,1992,3098.802734375,Europe & Central Asia
Russian Federation,RUS,1991,3490.45239257813,Europe & Central Asia
Russian Federation,RUS,1990,3494.06323242188,Europe & Central Asia
Russian Federation,RUS,1989,3429.64990234375,Europe & Central Asia
Russian Federation,RUS,1988,3778.01977539063,Europe & Central Asia
Rwanda,RWA,2025,1123.73874633225,Sub-Saharan Africa 
Rwanda,RWA,2024,1059.93709298801,Sub-Saharan Africa 
Rwanda,RWA,2023,1061.05788154076,Sub-Saharan Africa 
Rwanda,RWA,2022,1007.05989322914,Sub-Saharan Africa 
Rwanda,RWA,2021,842.581492947672,Sub-Saharan Africa 
Rwanda,RWA,2020,802.638686936204,Sub-Saharan Africa 
Rwanda,RWA,2019,823.355304065304,Sub-Saharan Africa 
Rwanda,RWA,2018,772.754982959354,Sub-Saharan Africa 
Rwanda,RWA,2017,751.049039527547,Sub-Saharan Africa 
Rwanda,RWA,2016,721.258515833094,Sub-Saharan Africa 
Rwanda,RWA,2015,725.691418696952,Sub-Saharan Africa 
Rwanda,RWA,2014,715.36808783393,Sub-Saharan Africa 
Rwanda,RWA,2013,695.397140963607,Sub-Saharan Africa 
Rwanda,RWA,2012,697.760143509565,Sub-Saharan Africa 
Rwanda,RWA,2011,643.356138618166,Sub-Saharan Africa 
Rwanda,RWA,2010,586.599950359877,Sub-Saharan Africa 
Rwanda,RWA,2009,556.97399621739,Sub-Saharan Africa 
Rwanda,RWA,2008,522.288339420679,Sub-Saharan Africa 
Rwanda,RWA,2007,420.733580702508,Sub-Saharan Africa 
Rwanda,RWA,2006,352.093916578347,Sub-Saharan Africa 
Rwanda,RWA,2005,324.016863847189,Sub-Saharan Africa 
Rwanda,RWA,2004,269.540446333402,Sub-Saharan Africa 
Rwanda,RWA,2003,249.012274982252,Sub-Saharan Africa 
Rwanda,RWA,2002,234.043016755733,Sub-Saharan Africa 
Rwanda,RWA,2001,237.308846200901,Sub-Saharan Africa 
Rwanda,RWA,2000,251.86926386091,Sub-Saharan Africa 
Rwanda,RWA,1999,264.74368682977,Sub-Saharan Africa 
Rwanda,RWA,1998,246.154673288384,Sub-Saharan Africa 
Rwanda,RWA,1997,238.749371368214,Sub-Saharan Africa 
Rwanda,RWA,1996,206.04911417485,Sub-Saharan Africa 
Rwanda,RWA,1995,227.971147849318,Sub-Saharan Africa 
Rwanda,RWA,1994,110.953668251372,Sub-Saharan Africa 
Rwanda,RWA,1993,247.023318476014,Sub-Saharan Africa 
Rwanda,RWA,1992,264.083914517464,Sub-Saharan Africa 
Rwanda,RWA,1991,253.966902025944,Sub-Saharan Africa 
Rwanda,RWA,1990,345.773495139137,Sub-Saharan Africa 
Rwanda,RWA,1989,334.741963426594,Sub-Saharan Africa 
Rwanda,RWA,1988,343.781325823561,Sub-Saharan Africa 
Rwanda,RWA,1987,319.643663256479,Sub-Saharan Africa 
Rwanda,RWA,1986,297.725981826167,Sub-Saharan Africa 
Rwanda,RWA,1985,271.578979042227,Sub-Saharan Africa 
Rwanda,RWA,1984,259.906684534137,Sub-Saharan Africa 
Rwanda,RWA,1983,250.568951738884,Sub-Saharan Africa 
Rwanda,RWA,1982,246.385549572059,Sub-Saharan Africa 
Rwanda,RWA,1981,254.569201378167,Sub-Saharan Africa 
Rwanda,RWA,1980,234.392851445713,Sub-Saharan Africa 
Rwanda,RWA,1979,213.765751338516,Sub-Saharan Africa 
Rwanda,RWA,1978,179.876527814998,Sub-Saharan Africa 
Rwanda,RWA,1977,152.744262361192,Sub-Saharan Africa 
Rwanda,RWA,1976,134.378431213996,Sub-Saharan Africa 
Rwanda,RWA,1975,124.109648020906,Sub-Saharan Africa 
Rwanda,RWA,1974,68.9411498895124,Sub-Saharan Africa 
Rwanda,RWA,1973,66.9143871515521,Sub-Saharan Africa 
Rwanda,RWA,1972,58.3976955241411,Sub-Saharan Africa 
Rwanda,RWA,1971,54.378076042345,Sub-Saharan Africa 
Rwanda,RWA,1970,55.24197214158,Sub-Saharan Africa 
Rwanda,RWA,1969,48.8699283221628,Sub-Saharan Africa 
Rwanda,RWA,1968,45.9934717060673,Sub-Saharan Africa 
Rwanda,RWA,1967,43.9610505582521,Sub-Saharan Africa 
Rwanda,RWA,1966,35.3602860890843,Sub-Saharan Africa 
Rwanda,RWA,1965,43.4679672009398,Sub-Saharan Africa 
Rwanda,RWA,1964,38.9824483022799,Sub-Saharan Africa 
Rwanda,RWA,1963,39.2771771988804,Sub-Saharan Africa 
Rwanda,RWA,1962,39.2338440538353,Sub-Saharan Africa 
Rwanda,RWA,1961,39.2689714979989,Sub-Saharan Africa 
Rwanda,RWA,1960,39.3740728074578,Sub-Saharan Africa 
Samoa,WSM,2025,5872.78333308796,East Asia & Pacific
Samoa,WSM,2024,5392.87761915762,East Asia & Pacific
Samoa,WSM,2023,4822.74084650019,East Asia & Pacific
Samoa,WSM,2022,4132.44717734444,East Asia & Pacific
Samoa,WSM,2021,4021.55934894283,East Asia & Pacific
Samoa,WSM,2020,4099.59660548583,East Asia & Pacific
Samoa,WSM,2019,4351.94234943706,East Asia & Pacific
Samoa,WSM,2018,4231.81409469194,East Asia & Pacific
Samoa,WSM,2017,4307.59381964907,East Asia & Pacific
Samoa,WSM,2016,4147.07097674888,East Asia & Pacific
Samoa,WSM,2015,4084.36083819933,East Asia & Pacific
Samoa,WSM,2014,3982.68080202084,East Asia & Pacific
Samoa,WSM,2013,4023.5254013825,East Asia & Pacific
Samoa,WSM,2012,3934.60320799981,East Asia & Pacific
Samoa,WSM,2011,3821.50678264479,East Asia & Pacific
Samoa,WSM,2010,3524.2479246203,East Asia & Pacific
Samoa,WSM,2009,3279.18269477295,East Asia & Pacific
Samoa,WSM,2008,3373.60639884263,East Asia & Pacific
Samoa,WSM,2007,3038.61904093377,East Asia & Pacific
Samoa,WSM,2006,2663.29135939532,East Asia & Pacific
Samoa,WSM,2005,2550.04221437511,East Asia & Pacific
Samoa,WSM,2004,2189.26042607992,East Asia & Pacific
Samoa,WSM,2003,1798.12429714048,East Asia & Pacific
Samoa,WSM,2002,1527.55790455937,East Asia & Pacific
Samoa,WSM,2001,1453.87021324606,East Asia & Pacific
Samoa,WSM,2000,1424.75240002471,East Asia & Pacific
Samoa,WSM,1999,1416.76915966987,East Asia & Pacific
Samoa,WSM,1998,1506.30359215846,East Asia & Pacific
Samoa,WSM,1997,1607.88744330521,East Asia & Pacific
Samoa,WSM,1996,1419.35849045228,East Asia & Pacific
Samoa,WSM,1995,1288.10473321401,East Asia & Pacific
Samoa,WSM,1994,1276.85021574897,East Asia & Pacific
Samoa,WSM,1993,774.988631552282,East Asia & Pacific
Samoa,WSM,1992,776.740824409711,East Asia & Pacific
Samoa,WSM,1991,741.563963808482,East Asia & Pacific
Samoa,WSM,1990,743.994213008355,East Asia & Pacific
Samoa,WSM,1989,728.151128858805,East Asia & Pacific
Samoa,WSM,1988,790.134992313838,East Asia & Pacific
Samoa,WSM,1987,666.308337309081,East Asia & Pacific
Samoa,WSM,1986,604.257418815764,East Asia & Pacific
Samoa,WSM,1985,572.806387713236,East Asia & Pacific
Samoa,WSM,1984,654.697560664036,East Asia & Pacific
Samoa,WSM,1983,670.98638131758,East Asia & Pacific
Samoa,WSM,1982,728.127937935873,East Asia & Pacific
Samoa,WSM,1981,713.375672542904,East Asia & Pacific
Samoa,WSM,1980,765.24773288828,East Asia & Pacific
Samoa,WSM,1979,750.588726090539,East Asia & Pacific
Samoa,WSM,1978,670.633271871531,East Asia & Pacific
Samoa,WSM,1977,615.297809957995,East Asia & Pacific
Samoa,WSM,1976,541.03147223181,East Asia & Pacific
Samoa,WSM,1975,609.670300459943,East Asia & Pacific
Samoa,WSM,1974,626.0388469155,East Asia & Pacific
Samoa,WSM,1973,562.757551160649,East Asia & Pacific
Samoa,WSM,1972,432.869670090088,East Asia & Pacific
Samoa,WSM,1971,376.971495094961,East Asia & Pacific
Samoa,WSM,1970,321.996706619559,East Asia & Pacific
San Marino,SMR,2023,59871.3288101478,Europe & Central Asia
San Marino,SMR,2022,54264.5837022908,Europe & Central Asia
San Marino,SMR,2021,54168.9744311193,Europe & Central Asia
San Marino,SMR,2020,44426.6259613672,Europe & Central Asia
San Marino,SMR,2019,46626.9998571568,Europe & Central Asia
San Marino,SMR,2018,47950.7076296808,Europe & Central Asia
San Marino,SMR,2017,45192.0530047599,Europe & Central Asia
San Marino,SMR,2016,44359.4574206971,Europe & Central Asia
San Marino,SMR,2015,43146.8035302005,Europe & Central Asia
San Marino,SMR,2014,51260.4804236805,Europe & Central Asia
San Marino,SMR,2013,50807.8206340193,Europe & Central Asia
San Marino,SMR,2012,47945.8917557105,Europe & Central Asia
San Marino,SMR,2011,55601.4008139955,Europe & Central Asia
San Marino,SMR,2010,56543.190562068,Europe & Central Asia
San Marino,SMR,2009,62429.0202738462,Europe & Central Asia
San Marino,SMR,2008,75902.1677701187,Europe & Central Asia
San Marino,SMR,2007,70124.4249984768,Europe & Central Asia
San Marino,SMR,2006,63270.7994496499,Europe & Central Asia
San Marino,SMR,2005,59877.7862692185,Europe & Central Asia
San Marino,SMR,2004,58232.0431338765,Europe & Central Asia
San Marino,SMR,2003,52529.9136967576,Europe & Central Asia
San Marino,SMR,2002,41790.8434204136,Europe & Central Asia
San Marino,SMR,2001,39035.1004348216,Europe & Central Asia
San Marino,SMR,2000,37600.7049136309,Europe & Central Asia
San Marino,SMR,1999,41931.7919135033,Europe & Central Asia
San Marino,SMR,1998,40126.93686908,Europe & Central Asia
San Marino,SMR,1997,37852.9810311,Europe & Central Asia
Sao Tome and Principe,STP,2025,4084.40062145233,Sub-Saharan Africa 
Sao Tome and Principe,STP,2024,3502.6176807171,Sub-Saharan Africa 
Sao Tome and Principe,STP,2023,2990.6606143535,Sub-Saharan Africa 
Sao Tome and Principe,STP,2022,2389.73729784737,Sub-Saharan Africa 
Sao Tome and Principe,STP,2021,2362.58827248102,Sub-Saharan Africa 
Sao Tome and Principe,STP,2020,2167.22001796925,Sub-Saharan Africa 
Sao Tome and Principe,STP,2019,1935.2931816596,Sub-Saharan Africa 
Sao Tome and Principe,STP,2018,1825.59971753966,Sub-Saharan Africa 
Sao Tome and Principe,STP,2017,1555.79477812888,Sub-Saharan Africa 
Sao Tome and Principe,STP,2016,1434.87018050521,Sub-Saharan Africa 
Sao Tome and Principe,STP,2015,1298.10946596396,Sub-Saharan Africa 
Sao Tome and Principe,STP,2014,1489.67633417608,Sub-Saharan Africa 
Sao Tome and Principe,STP,2013,1382.5757842916,Sub-Saharan Africa 
Sao Tome and Principe,STP,2012,1210.7926479817,Sub-Saharan Africa 
Sao Tome and Principe,STP,2011,1219.80189089671,Sub-Saharan Africa 
Sao Tome and Principe,STP,2010,1045.20958234528,Sub-Saharan Africa 
Sao Tome and Principe,STP,2009,1128.28046213305,Sub-Saharan Africa 
Sao Tome and Principe,STP,2008,1081.8684584729,Sub-Saharan Africa 
Sao Tome and Principe,STP,2007,878.885791918745,Sub-Saharan Africa 
Sao Tome and Principe,STP,2006,861.970707697664,Sub-Saharan Africa 
Sao Tome and Principe,STP,2005,844.169181884274,Sub-Saharan Africa 
Sao Tome and Principe,STP,2004,726.560882130444,Sub-Saharan Africa 
Sao Tome and Principe,STP,2003,663.696211810494,Sub-Saharan Africa 
Sao Tome and Principe,STP,2002,568.10257252271,Sub-Saharan Africa 
Sao Tome and Principe,STP,2001,518.88050130005,Sub-Saharan Africa 
Sao Tome and Principe,STP,2000,529.089383412262,Sub-Saharan Africa 
Sao Tome and Principe,STP,1999,542.692548018387,Sub-Saharan Africa 
Sao Tome and Principe,STP,1998,513.569380269738,Sub-Saharan Africa 
Sao Tome and Principe,STP,1997,661.668232822488,Sub-Saharan Africa 
Sao Tome and Principe,STP,1996,987.048712395264,Sub-Saharan Africa 
Sao Tome and Principe,STP,1995,768.710751184259,Sub-Saharan Africa 
Sao Tome and Principe,STP,1994,989.500757799244,Sub-Saharan Africa 
Sao Tome and Principe,STP,1993,963.785698734091,Sub-Saharan Africa 
Sao Tome and Principe,STP,1992,740.471318576498,Sub-Saharan Africa 
Sao Tome and Principe,STP,1991,855.105075821698,Sub-Saharan Africa 
Sao Tome and Principe,STP,1990,970.059625606155,Sub-Saharan Africa 
Sao Tome and Principe,STP,1989,821.355129173615,Sub-Saharan Africa 
Sao Tome and Principe,STP,1988,846.60177007008,Sub-Saharan Africa 
Sao Tome and Principe,STP,1987,1017.85413731046,Sub-Saharan Africa 
Sao Tome and Principe,STP,1986,1042.99511241999,Sub-Saharan Africa 
Sao Tome and Principe,STP,1985,761.407990592529,Sub-Saharan Africa 
Sao Tome and Principe,STP,1984,735.13352186245,Sub-Saharan Africa 
Sao Tome and Principe,STP,1983,719.585065944304,Sub-Saharan Africa 
Sao Tome and Principe,STP,1982,783.429221364288,Sub-Saharan Africa 
Sao Tome and Principe,STP,1981,829.888818772033,Sub-Saharan Africa 
Sao Tome and Principe,STP,1980,828.688007722406,Sub-Saharan Africa 
Sao Tome and Principe,STP,1979,683.1642785186,Sub-Saharan Africa 
Sao Tome and Principe,STP,1978,586.866567172971,Sub-Saharan Africa 
Sao Tome and Principe,STP,1977,538.961153996478,Sub-Saharan Africa 
Sao Tome and Principe,STP,1976,585.225491976985,Sub-Saharan Africa 
Sao Tome and Principe,STP,1975,693.150687886501,Sub-Saharan Africa 
Sao Tome and Principe,STP,1974,682.841924804006,Sub-Saharan Africa 
Sao Tome and Principe,STP,1973,676.480648564475,Sub-Saharan Africa 
Sao Tome and Principe,STP,1972,511.225883278212,Sub-Saharan Africa 
Sao Tome and Principe,STP,1971,470.047210516664,Sub-Saharan Africa 
Sao Tome and Principe,STP,1970,479.373226585893,Sub-Saharan Africa 
Saudi Arabia,SAU,2025,34536.6555456551,"Middle East, North Africa, Afghanistan & Pakistan"
Saudi Arabia,SAU,2024,35527.786181866,"Middle East, North Africa, Afghanistan & Pakistan"
Saudi Arabia,SAU,2023,36156.8562500172,"Middle East, North Africa, Afghanistan & Pakistan"
Saudi Arabia,SAU,2022,38510.2276211037,"Middle East, North Africa, Afghanistan & Pakistan"
Saudi Arabia,SAU,2021,31920.7653655643,"Middle East, North Africa, Afghanistan & Pakistan"
Saudi Arabia,SAU,2020,24338.8307301067,"Middle East, North Africa, Afghanistan & Pakistan"
Saudi Arabia,SAU,2019,29566.7933827436,"Middle East, North Africa, Afghanistan & Pakistan"
Saudi Arabia,SAU,2018,29360.0658968566,"Middle East, North Africa, Afghanistan & Pakistan"
Saudi Arabia,SAU,2017,23929.2907135982,"Middle East, North Africa, Afghanistan & Pakistan"
Saudi Arabia,SAU,2016,22267.7217050387,"Middle East, North Africa, Afghanistan & Pakistan"
Saudi Arabia,SAU,2015,23256.1549553531,"Middle East, North Africa, Afghanistan & Pakistan"
Saudi Arabia,SAU,2014,27805.4850319422,"Middle East, North Africa, Afghanistan & Pakistan"
Saudi Arabia,SAU,2013,27865.465604962,"Middle East, North Africa, Afghanistan & Pakistan"
Saudi Arabia,SAU,2012,28733.4375513452,"Middle East, North Africa, Afghanistan & Pakistan"
Saudi Arabia,SAU,2011,27126.7498747702,"Middle East, North Africa, Afghanistan & Pakistan"
Saudi Arabia,SAU,2010,22028.3901426586,"Middle East, North Africa, Afghanistan & Pakistan"
Saudi Arabia,SAU,2009,17718.3911648365,"Middle East, North Africa, Afghanistan & Pakistan"
Saudi Arabia,SAU,2008,22320.4888964331,"Middle East, North Africa, Afghanistan & Pakistan"
Saudi Arabia,SAU,2007,18596.1502627898,"Middle East, North Africa, Afghanistan & Pakistan"
Saudi Arabia,SAU,2006,17563.6145370639,"Middle East, North Africa, Afghanistan & Pakistan"
Saudi Arabia,SAU,2005,15975.7473782258,"Middle East, North Africa, Afghanistan & Pakistan"
Saudi Arabia,SAU,2004,13154.4978989446,"Middle East, North Africa, Afghanistan & Pakistan"
Saudi Arabia,SAU,2003,11487.220410693,"Middle East, North Africa, Afghanistan & Pakistan"
Saudi Arabia,SAU,2002,10586.0543471363,"Middle East, North Africa, Afghanistan & Pakistan"
Saudi Arabia,SAU,2001,10805.311325122,"Middle East, North Africa, Afghanistan & Pakistan"
Saudi Arabia,SAU,2000,11714.5623675159,"Middle East, North Africa, Afghanistan & Pakistan"
Saudi Arabia,SAU,1999,10452.1899400479,"Middle East, North Africa, Afghanistan & Pakistan"
Saudi Arabia,SAU,1998,9836.05729768574,"Middle East, North Africa, Afghanistan & Pakistan"
Saudi Arabia,SAU,1997,11545.3455998551,"Middle East, North Africa, Afghanistan & Pakistan"
Saudi Arabia,SAU,1996,11471.5045960191,"Middle East, North Africa, Afghanistan & Pakistan"
Saudi Arabia,SAU,1995,10786.4008952769,"Middle East, North Africa, Afghanistan & Pakistan"
Saudi Arabia,SAU,1994,10601.9196697805,"Middle East, North Africa, Afghanistan & Pakistan"
Saudi Arabia,SAU,1993,10884.8607880777,"Middle East, North Africa, Afghanistan & Pakistan"
Saudi Arabia,SAU,1992,11730.2687665244,"Middle East, North Africa, Afghanistan & Pakistan"
Saudi Arabia,SAU,1991,11847.1699534218,"Middle East, North Africa, Afghanistan & Pakistan"
Saudi Arabia,SAU,1990,11054.7495049666,"Middle East, North Africa, Afghanistan & Pakistan"
Saudi Arabia,SAU,1989,9413.58119352769,"Middle East, North Africa, Afghanistan & Pakistan"
Saudi Arabia,SAU,1988,9165.49615323397,"Middle East, North Africa, Afghanistan & Pakistan"
Saudi Arabia,SAU,1987,9385.98469519899,"Middle East, North Africa, Afghanistan & Pakistan"
Saudi Arabia,SAU,1986,10078.2896080512,"Middle East, North Africa, Afghanistan & Pakistan"
Saudi Arabia,SAU,1985,12745.41992535,"Middle East, North Africa, Afghanistan & Pakistan"
Saudi Arabia,SAU,1984,15541.1312184609,"Middle East, North Africa, Afghanistan & Pakistan"
Saudi Arabia,SAU,1983,17809.5527471054,"Middle East, North Africa, Afghanistan & Pakistan"
Saudi Arabia,SAU,1982,22454.4843169614,"Middle East, North Africa, Afghanistan & Pakistan"
Saudi Arabia,SAU,1981,28703.35585508,"Middle East, North Africa, Afghanistan & Pakistan"
Saudi Arabia,SAU,1980,27205.6452285141,"Middle East, North Africa, Afghanistan & Pakistan"
Saudi Arabia,SAU,1979,19611.565126033,"Middle East, North Africa, Afghanistan & Pakistan"
Saudi Arabia,SAU,1978,14914.1542686138,"Middle East, North Africa, Afghanistan & Pakistan"
Saudi Arabia,SAU,1977,14595.3739933329,"Middle East, North Africa, Afghanistan & Pakistan"
Saudi Arabia,SAU,1976,13312.5119926546,"Middle East, North Africa, Afghanistan & Pakistan"
Saudi Arabia,SAU,1975,10265.6414406471,"Middle East, North Africa, Afghanistan & Pakistan"
Saudi Arabia,SAU,1974,10503.4280777085,"Middle East, North Africa, Afghanistan & Pakistan"
Saudi Arabia,SAU,1973,3640.08361192413,"Middle East, North Africa, Afghanistan & Pakistan"
Saudi Arabia,SAU,1972,2474.38683208975,"Middle East, North Africa, Afghanistan & Pakistan"
Saudi Arabia,SAU,1971,1929.30910330483,"Middle East, North Africa, Afghanistan & Pakistan"
Saudi Arabia,SAU,1970,1509.43961165521,"Middle East, North Africa, Afghanistan & Pakistan"
Saudi Arabia,SAU,1969,1312.73865737123,"Middle East, North Africa, Afghanistan & Pakistan"
Saudi Arabia,SAU,1968,1275.70709426176,"Middle East, North Africa, Afghanistan & Pakistan"
Saudi Arabia,SAU,1967,1031.60360297585,"Middle East, North Africa, Afghanistan & Pakistan"
Saudi Arabia,SAU,1966,960.744776733843,"Middle East, North Africa, Afghanistan & Pakistan"
Saudi Arabia,SAU,1965,904.118334125664,"Middle East, North Africa, Afghanistan & Pakistan"
Saudi Arabia,SAU,1964,840.480371460232,"Middle East, North Africa, Afghanistan & Pakistan"
Saudi Arabia,SAU,1963,811.738274661234,"Middle East, North Africa, Afghanistan & Pakistan"
Saudi Arabia,SAU,1962,812.926247668855,"Middle East, North Africa, Afghanistan & Pakistan"
Saudi Arabia,SAU,1961,760.311740320004,"Middle East, North Africa, Afghanistan & Pakistan"
Saudi Arabia,SAU,1960,717.796628958557,"Middle East, North Africa, Afghanistan & Pakistan"
Senegal,SEN,2025,1954.71174194867,Sub-Saharan Africa 
Senegal,SEN,2024,1738.73223822106,Sub-Saharan Africa 
Senegal,SEN,2023,1698.03387300843,Sub-Saharan Africa 
Senegal,SEN,2022,1574.0281059306,Sub-Saharan Africa 
Senegal,SEN,2021,1598.10676952274,Sub-Saharan Africa 
Senegal,SEN,2020,1461.08720350553,Sub-Saharan Africa 
Senegal,SEN,2019,1431.18128932159,Sub-Saharan Africa 
Senegal,SEN,2018,1452.55612562445,Sub-Saharan Africa 
Senegal,SEN,2017,1354.77007193387,Sub-Saharan Africa 
Senegal,SEN,2016,1266.43957151587,Sub-Saharan Africa 
Senegal,SEN,2015,1218.00613555438,Sub-Saharan Africa 
Senegal,SEN,2014,1398.89137601382,Sub-Saharan Africa 
Senegal,SEN,2013,1379.83196553924,Sub-Saharan Africa 
Senegal,SEN,2012,1326.83798848379,Sub-Saharan Africa 
Senegal,SEN,2011,1374.67591873844,Sub-Saharan Africa 
Senegal,SEN,2010,1275.88357492357,Sub-Saharan Africa 
Senegal,SEN,2009,1308.69404336205,Sub-Saharan Africa 
Senegal,SEN,2008,1398.79218010021,Sub-Saharan Africa 
Senegal,SEN,2007,1188.93877808175,Sub-Saharan Africa 
Senegal,SEN,2006,1017.20196747987,Sub-Saharan Africa 
Senegal,SEN,2005,979.846101520171,Sub-Saharan Africa 
Senegal,SEN,2004,918.102079522155,Sub-Saharan Africa 
Senegal,SEN,2003,817.888034221442,Sub-Saharan Africa 
Senegal,SEN,2002,669.430447319209,Sub-Saharan Africa 
Senegal,SEN,2001,637.213530563724,Sub-Saharan Africa 
Senegal,SEN,2000,603.233162455158,Sub-Saharan Africa 
Senegal,SEN,1999,677.516338727268,Sub-Saharan Africa 
Senegal,SEN,1998,684.588105785786,Sub-Saharan Africa 
Senegal,SEN,1997,650.776321407448,Sub-Saharan Africa 
Senegal,SEN,1996,723.469950081149,Sub-Saharan Africa 
Senegal,SEN,1995,714.994396357297,Sub-Saharan Africa 
Senegal,SEN,1994,583.782776032181,Sub-Saharan Africa 
Senegal,SEN,1993,877.52900343803,Sub-Saharan Africa 
Senegal,SEN,1992,951.204960087807,Sub-Saharan Africa 
Senegal,SEN,1991,913.399575796737,Sub-Saharan Africa 
Senegal,SEN,1990,957.314337438177,Sub-Saharan Africa 
Senegal,SEN,1989,848.555548058968,Sub-Saharan Africa 
Senegal,SEN,1988,880.487755138196,Sub-Saharan Africa 
Senegal,SEN,1987,916.09484148409,Sub-Saharan Africa 
Senegal,SEN,1986,783.940524706279,Sub-Saharan Africa 
Senegal,SEN,1985,571.417166069201,Sub-Saharan Africa 
Senegal,SEN,1984,536.231765402514,Sub-Saharan Africa 
Senegal,SEN,1983,564.369336303935,Sub-Saharan Africa 
Senegal,SEN,1982,651.93712330983,Sub-Saharan Africa 
Senegal,SEN,1981,682.972070210382,Sub-Saharan Africa 
Senegal,SEN,1980,771.533969550579,Sub-Saharan Africa 
Senegal,SEN,1979,716.281436518959,Sub-Saharan Africa 
Senegal,SEN,1978,589.134045255614,Sub-Saharan Africa 
Senegal,SEN,1977,540.126849249781,Sub-Saharan Africa 
Senegal,SEN,1976,540.594007051938,Sub-Saharan Africa 
Senegal,SEN,1975,547.378148664851,Sub-Saharan Africa 
Senegal,SEN,1974,417.407600285381,Sub-Saharan Africa 
Senegal,SEN,1973,381.439007163828,Sub-Saharan Africa 
Senegal,SEN,1972,341.835352336553,Sub-Saharan Africa 
Senegal,SEN,1971,291.08835742165,Sub-Saharan Africa 
Senegal,SEN,1970,290.486425297989,Sub-Saharan Africa 
Senegal,SEN,1969,287.253148792203,Sub-Saharan Africa 
Senegal,SEN,1968,311.196146846683,Sub-Saharan Africa 
Senegal,SEN,1967,305.22048105837,Sub-Saharan Africa 
Senegal,SEN,1966,314.534344145945,Sub-Saharan Africa 
Senegal,SEN,1965,314.318146394326,Sub-Saharan Africa 
Senegal,SEN,1964,317.850426568454,Sub-Saharan Africa 
Senegal,SEN,1963,308.629849224244,Sub-Saharan Africa 
Senegal,SEN,1962,307.092565107939,Sub-Saharan Africa 
Senegal,SEN,1961,308.166383753301,Sub-Saharan Africa 
Senegal,SEN,1960,300.425115236279,Sub-Saharan Africa 
Serbia,SRB,2025,15262.0464193413,Europe & Central Asia
Serbia,SRB,2024,13677.7794863909,Europe & Central Asia
Serbia,SRB,2023,12281.707946167,Europe & Central Asia
Serbia,SRB,2022,10024.8191112596,Europe & Central Asia
Serbia,SRB,2021,9680.52798074468,Europe & Central Asia
Serbia,SRB,2020,8098.70955668849,Europe & Central Asia
Serbia,SRB,2019,7755.632986437,Europe & Central Asia
Serbia,SRB,2018,7559.86165747394,Europe & Central Asia
Serbia,SRB,2017,6548.03653824187,Europe & Central Asia
Serbia,SRB,2016,5982.37030126471,Europe & Central Asia
Serbia,SRB,2015,5820.3215576888,Europe & Central Asia
Serbia,SRB,2014,6886.67809068704,Europe & Central Asia
Serbia,SRB,2013,7040.41812068781,Europe & Central Asia
Serbia,SRB,2012,6263.04086072815,Europe & Central Asia
Serbia,SRB,2011,7082.2861666075,Europe & Central Asia
Serbia,SRB,2010,5970.92660940072,Europe & Central Asia
Serbia,SRB,2009,6414.0448463847,Europe & Central Asia
Serbia,SRB,2008,7376.73517910716,Europe & Central Asia
Serbia,SRB,2007,6081.08765700202,Europe & Central Asia
Serbia,SRB,2006,4492.7136699046,Europe & Central Asia
Serbia,SRB,2005,3807.97417321786,Europe & Central Asia
Serbia,SRB,2004,3597.08798057009,Europe & Central Asia
Serbia,SRB,2003,3153.9011312754,Europe & Central Asia
Serbia,SRB,2002,2390.73459447107,Europe & Central Asia
Serbia,SRB,2001,1812.42088281393,Europe & Central Asia
Serbia,SRB,2000,974.725469278615,Europe & Central Asia
Serbia,SRB,1999,2768.91041346166,Europe & Central Asia
Serbia,SRB,1998,2775.47372982047,Europe & Central Asia
Serbia,SRB,1997,3573.50440240049,Europe & Central Asia
Serbia,SRB,1996,3053.90516860949,Europe & Central Asia
Serbia,SRB,1995,2349.40645150289,Europe & Central Asia
Seychelles,SYC,2025,19449.3836346926,Sub-Saharan Africa 
Seychelles,SYC,2024,18364.5259678223,Sub-Saharan Africa 
Seychelles,SYC,2023,18130.5297135548,Sub-Saharan Africa 
Seychelles,SYC,2022,16682.6990711785,Sub-Saharan Africa 
Seychelles,SYC,2021,14982.9111487767,Sub-Saharan Africa 
Seychelles,SYC,2020,14041.4754074575,Sub-Saharan Africa 
Seychelles,SYC,2019,19141.5118743615,Sub-Saharan Africa 
Seychelles,SYC,2018,18440.2340460932,Sub-Saharan Africa 
Seychelles,SYC,2017,17480.3651911372,Sub-Saharan Africa 
Seychelles,SYC,2016,16566.9946042294,Sub-Saharan Africa 
Seychelles,SYC,2015,15333.1051727105,Sub-Saharan Africa 
Seychelles,SYC,2014,15188.1902175113,Sub-Saharan Africa 
Seychelles,SYC,2013,14821.2921476077,Sub-Saharan Africa 
Seychelles,SYC,2012,12337.1554669388,Sub-Saharan Africa 
Seychelles,SYC,2011,12110.0937461973,Sub-Saharan Africa 
Seychelles,SYC,2010,10934.79494629,Sub-Saharan Africa 
Seychelles,SYC,2009,9747.09180546291,Sub-Saharan Africa 
Seychelles,SYC,2008,11265.4376270005,Sub-Saharan Africa 
Seychelles,SYC,2007,12669.3026687222,Sub-Saharan Africa 
Seychelles,SYC,2006,12782.9938926475,Sub-Saharan Africa 
Seychelles,SYC,2005,11802.1118276833,Sub-Saharan Africa 
Seychelles,SYC,2004,10827.671636033,Sub-Saharan Africa 
Seychelles,SYC,2003,9070.28460757013,Sub-Saharan Africa 
Seychelles,SYC,2002,8864.16919495467,Sub-Saharan Africa 
Seychelles,SYC,2001,8153.2986369879,Sub-Saharan Africa 
Seychelles,SYC,2000,8063.65500575169,Sub-Saharan Africa 
Seychelles,SYC,1999,8243.23610099084,Sub-Saharan Africa 
Seychelles,SYC,1998,8209.51444287,Sub-Saharan Africa 
Seychelles,SYC,1997,7746.69851330444,Sub-Saharan Africa 
Seychelles,SYC,1996,7004.33603896356,Sub-Saharan Africa 
Seychelles,SYC,1995,7180.66832748656,Sub-Saharan Africa 
Seychelles,SYC,1994,6974.86770636796,Sub-Saharan Africa 
Seychelles,SYC,1993,6978.68075445824,Sub-Saharan Africa 
Seychelles,SYC,1992,6520.48950519188,Sub-Saharan Africa 
Seychelles,SYC,1991,5654.63975724251,Sub-Saharan Africa 
Seychelles,SYC,1990,5642.072897243,Sub-Saharan Africa 
Seychelles,SYC,1989,4689.1345079999,Sub-Saharan Africa 
Seychelles,SYC,1988,4392.19864861545,Sub-Saharan Africa 
Seychelles,SYC,1987,3871.77851995844,Sub-Saharan Africa 
Seychelles,SYC,1986,3368.4740950781,Sub-Saharan Africa 
Seychelles,SYC,1985,2754.14571028218,Sub-Saharan Africa 
Seychelles,SYC,1984,2487.64499220084,Sub-Saharan Africa 
Seychelles,SYC,1983,2426.33460826276,Sub-Saharan Africa 
Seychelles,SYC,1982,2440.6841742286,Sub-Saharan Africa 
Seychelles,SYC,1981,2557.20665504671,Sub-Saharan Africa 
Seychelles,SYC,1980,2478.36470343969,Sub-Saharan Africa 
Seychelles,SYC,1979,2030.13590313409,Sub-Saharan Africa 
Seychelles,SYC,1978,1376.5465132826,Sub-Saharan Africa 
Seychelles,SYC,1977,1044.35311338903,Sub-Saharan Africa 
Seychelles,SYC,1976,814.47477447888,Sub-Saharan Africa 
Seychelles,SYC,1975,806.232644338165,Sub-Saharan Africa 
Seychelles,SYC,1974,744.506898260813,Sub-Saharan Africa 
Seychelles,SYC,1973,648.531963657638,Sub-Saharan Africa 
Seychelles,SYC,1972,546.951095334072,Sub-Saharan Africa 
Seychelles,SYC,1971,401.608022143052,Sub-Saharan Africa 
Seychelles,SYC,1970,343.88118849057,Sub-Saharan Africa 
Seychelles,SYC,1969,314.179858636278,Sub-Saharan Africa 
Seychelles,SYC,1968,314.351070663894,Sub-Saharan Africa 
Seychelles,SYC,1967,333.233798841887,Sub-Saharan Africa 
Seychelles,SYC,1966,337.64622904411,Sub-Saharan Africa 
Seychelles,SYC,1965,328.484883920328,Sub-Saharan Africa 
Seychelles,SYC,1964,332.304985875279,Sub-Saharan Africa 
Seychelles,SYC,1963,308.195248410849,Sub-Saharan Africa 
Seychelles,SYC,1962,287.04477353783,Sub-Saharan Africa 
Seychelles,SYC,1961,270.279646614487,Sub-Saharan Africa 
Seychelles,SYC,1960,288.058144476031,Sub-Saharan Africa 
Sierra Leone,SLE,2025,846.296172499617,Sub-Saharan Africa 
Sierra Leone,SLE,2024,806.654650274255,Sub-Saharan Africa 
Sierra Leone,SLE,2023,758.329137301888,Sub-Saharan Africa 
Sierra Leone,SLE,2022,860.371067874555,Sub-Saharan Africa 
Sierra Leone,SLE,2021,885.396401613729,Sub-Saharan Africa 
Sierra Leone,SLE,2020,845.277558236182,Sub-Saharan Africa 
Sierra Leone,SLE,2019,843.71251730417,Sub-Saharan Africa 
Sierra Leone,SLE,2018,845.914540460932,Sub-Saharan Africa 
Sierra Leone,SLE,2017,779.186007841728,Sub-Saharan Africa 
Sierra Leone,SLE,2016,844.416411175476,Sub-Saharan Africa 
Sierra Leone,SLE,2015,964.575980888989,Sub-Saharan Africa 
Sierra Leone,SLE,2014,1117.7586465721,Sub-Saharan Africa 
Sierra Leone,SLE,2013,1117.47183075115,Sub-Saharan Africa 
Sierra Leone,SLE,2012,937.504428180231,Sub-Saharan Africa 
Sierra Leone,SLE,2011,761.146365577281,Sub-Saharan Africa 
Sierra Leone,SLE,2010,685.039673490948,Sub-Saharan Africa 
Sierra Leone,SLE,2009,652.845806767943,Sub-Saharan Africa 
Sierra Leone,SLE,2008,705.359014080005,Sub-Saharan Africa 
Sierra Leone,SLE,2007,631.889926264998,Sub-Saharan Africa 
Sierra Leone,SLE,2006,580.26796974773,Sub-Saharan Africa 
Sierra Leone,SLE,2005,462.633324427945,Sub-Saharan Africa 
Sierra Leone,SLE,2004,417.749983329227,Sub-Saharan Africa 
Sierra Leone,SLE,2003,413.817607346927,Sub-Saharan Africa 
Sierra Leone,SLE,2002,388.995111216836,Sub-Saharan Africa 
Sierra Leone,SLE,2001,358.315716051546,Sub-Saharan Africa 
Sierra Leone,SLE,2000,143.743743239644,Sub-Saharan Africa 
Sierra Leone,SLE,1999,155.020833269007,Sub-Saharan Africa 
Sierra Leone,SLE,1998,156.51811883387,Sub-Saharan Africa 
Sierra Leone,SLE,1997,199.880001395777,Sub-Saharan Africa 
Sierra Leone,SLE,1996,224.258711163044,Sub-Saharan Africa 
Sierra Leone,SLE,1995,208.351997250955,Sub-Saharan Africa 
Sierra Leone,SLE,1994,218.507275126222,Sub-Saharan Africa 
Sierra Leone,SLE,1993,184.951609154872,Sub-Saharan Africa 
Sierra Leone,SLE,1992,163.197571684381,Sub-Saharan Africa 
Sierra Leone,SLE,1991,183.686515027567,Sub-Saharan Africa 
Sierra Leone,SLE,1990,154.794072467618,Sub-Saharan Africa 
Sierra Leone,SLE,1989,231.275622974338,Sub-Saharan Africa 
Sierra Leone,SLE,1988,268.160979625957,Sub-Saharan Africa 
Sierra Leone,SLE,1987,172.364214833661,Sub-Saharan Africa 
Sierra Leone,SLE,1986,131.473041005587,Sub-Saharan Africa 
Sierra Leone,SLE,1985,235.510529343624,Sub-Saharan Africa 
Sierra Leone,SLE,1984,305.576232491583,Sub-Saharan Africa 
Sierra Leone,SLE,1983,285.814326139727,Sub-Saharan Africa 
Sierra Leone,SLE,1982,380.074041189746,Sub-Saharan Africa 
Sierra Leone,SLE,1981,333.887542728491,Sub-Saharan Africa 
Sierra Leone,SLE,1980,336.386279506102,Sub-Saharan Africa 
Sierra Leone,SLE,1979,345.86913707629,Sub-Saharan Africa 
Sierra Leone,SLE,1978,305.427800560744,Sub-Saharan Africa 
Sierra Leone,SLE,1977,224.21335896988,Sub-Saharan Africa 
Sierra Leone,SLE,1976,196.411784759207,Sub-Saharan Africa 
Sierra Leone,SLE,1975,228.374681042069,Sub-Saharan Africa 
Sierra Leone,SLE,1974,222.085173234717,Sub-Saharan Africa 
Sierra Leone,SLE,1973,200.641699774769,Sub-Saharan Africa 
Sierra Leone,SLE,1972,165.357917863636,Sub-Saharan Africa 
Sierra Leone,SLE,1971,151.83336869958,Sub-Saharan Africa 
Sierra Leone,SLE,1970,160.164147056907,Sub-Saharan Africa 
Sierra Leone,SLE,1969,153.564115961571,Sub-Saharan Africa 
Sierra Leone,SLE,1968,126.308899122773,Sub-Saharan Africa 
Sierra Leone,SLE,1967,136.121402178747,Sub-Saharan Africa 
Sierra Leone,SLE,1966,149.317655188564,Sub-Saharan Africa 
Sierra Leone,SLE,1965,145.576540628849,Sub-Saharan Africa 
Sierra Leone,SLE,1964,153.377740974545,Sub-Saharan Africa 
Sierra Leone,SLE,1963,146.309626743915,Sub-Saharan Africa 
Sierra Leone,SLE,1962,146.32194986298,Sub-Saharan Africa 
Sierra Leone,SLE,1961,142.275127657602,Sub-Saharan Africa 
Sierra Leone,SLE,1960,141.957418300764,Sub-Saharan Africa 
Singapore,SGP,2025,98813.9788172877,East Asia & Pacific
Singapore,SGP,2024,94896.5621495988,East Asia & Pacific
Singapore,SGP,2023,86382.5900499252,East Asia & Pacific
Singapore,SGP,2022,91227.6970426492,East Asia & Pacific
Singapore,SGP,2021,80884.8565369236,East Asia & Pacific
Singapore,SGP,2020,61772.5036492256,East Asia & Pacific
Singapore,SGP,2019,66068.7003106378,East Asia & Pacific
Singapore,SGP,2018,67032.8225769734,East Asia & Pacific
Singapore,SGP,2017,61436.1325502558,East Asia & Pacific
Singapore,SGP,2016,57204.0340105222,East Asia & Pacific
Singapore,SGP,2015,55645.6068614606,East Asia & Pacific
Singapore,SGP,2014,57564.8023114977,East Asia & Pacific
Singapore,SGP,2013,56967.4257940383,East Asia & Pacific
Singapore,SGP,2012,55547.5553077786,East Asia & Pacific
Singapore,SGP,2011,53891.4570264372,East Asia & Pacific
Singapore,SGP,2010,47236.683084953,East Asia & Pacific
Singapore,SGP,2009,38926.8054365453,East Asia & Pacific
Singapore,SGP,2008,40008.5720489092,East Asia & Pacific
Singapore,SGP,2007,39432.8860198877,East Asia & Pacific
Singapore,SGP,2006,33768.4528234651,East Asia & Pacific
Singapore,SGP,2005,29961.3172812732,East Asia & Pacific
Singapore,SGP,2004,27608.080013423,East Asia & Pacific
Singapore,SGP,2003,23730.3840054566,East Asia & Pacific
Singapore,SGP,2002,22159.8373710639,East Asia & Pacific
Singapore,SGP,2001,21699.7414868907,East Asia & Pacific
Singapore,SGP,2000,23852.8389514753,East Asia & Pacific
Singapore,SGP,1999,21796.6373891001,East Asia & Pacific
Singapore,SGP,1998,21829.2737831583,East Asia & Pacific
Singapore,SGP,1997,26375.8653668113,East Asia & Pacific
Singapore,SGP,1996,26232.866096827,East Asia & Pacific
Singapore,SGP,1995,24914.8507020358,East Asia & Pacific
Singapore,SGP,1994,21552.4100366948,East Asia & Pacific
Singapore,SGP,1993,18290.130113185,East Asia & Pacific
Singapore,SGP,1992,16136.2405377661,East Asia & Pacific
Singapore,SGP,1991,14502.3799938606,East Asia & Pacific
Singapore,SGP,1990,11861.7561591366,East Asia & Pacific
Singapore,SGP,1989,10394.5389962406,East Asia & Pacific
Singapore,SGP,1988,8914.44122574729,East Asia & Pacific
Singapore,SGP,1987,7539.02930212443,East Asia & Pacific
Singapore,SGP,1986,6799.93036332671,East Asia & Pacific
Singapore,SGP,1985,7001.7667477117,East Asia & Pacific
Singapore,SGP,1984,7228.31758410647,East Asia & Pacific
Singapore,SGP,1983,6633.23667366491,East Asia & Pacific
Singapore,SGP,1982,6077.63424070932,East Asia & Pacific
Singapore,SGP,1981,5596.58597723068,East Asia & Pacific
Singapore,SGP,1980,4928.13911785754,East Asia & Pacific
Singapore,SGP,1979,3900.53355310873,East Asia & Pacific
Singapore,SGP,1978,3193.90565722355,East Asia & Pacific
Singapore,SGP,1977,2846.33598832854,East Asia & Pacific
Singapore,SGP,1976,2758.94038028476,East Asia & Pacific
Singapore,SGP,1975,2489.91157517591,East Asia & Pacific
Singapore,SGP,1974,2341.70551423633,East Asia & Pacific
Singapore,SGP,1973,1685.45979632163,East Asia & Pacific
Singapore,SGP,1972,1264.37510720987,East Asia & Pacific
Singapore,SGP,1971,1071.41154035538,East Asia & Pacific
Singapore,SGP,1970,925.797864348214,East Asia & Pacific
Singapore,SGP,1969,812.677487316618,East Asia & Pacific
Singapore,SGP,1968,708.601436896422,East Asia & Pacific
Singapore,SGP,1967,626.029437593984,East Asia & Pacific
Singapore,SGP,1966,566.803974405961,East Asia & Pacific
Singapore,SGP,1965,516.531928636745,East Asia & Pacific
Singapore,SGP,1964,485.530686047381,East Asia & Pacific
Singapore,SGP,1963,511.202235371449,East Asia & Pacific
Singapore,SGP,1962,472.082740153988,East Asia & Pacific
Singapore,SGP,1961,449.148136820776,East Asia & Pacific
Singapore,SGP,1960,428.056183371291,East Asia & Pacific
Sint Maarten (Dutch part),SXM,2025,42978.1317407037,Latin America & Caribbean 
Sint Maarten (Dutch part),SXM,2024,41472.5870367865,Latin America & Caribbean 
Sint Maarten (Dutch part),SXM,2023,39451.822911732,Latin America & Caribbean 
Sint Maarten (Dutch part),SXM,2022,37793.1283815826,Latin America & Caribbean 
Sint Maarten (Dutch part),SXM,2021,32548.4366854902,Latin America & Caribbean 
Sint Maarten (Dutch part),SXM,2020,30150.8998380477,Latin America & Caribbean 
Sint Maarten (Dutch part),SXM,2019,34861.469528968,Latin America & Caribbean 
Sint Maarten (Dutch part),SXM,2018,31708.3110124742,Latin America & Caribbean 
Sint Maarten (Dutch part),SXM,2017,34701.3058494468,Latin America & Caribbean 
Sint Maarten (Dutch part),SXM,2016,37308.6147795736,Latin America & Caribbean 
Sint Maarten (Dutch part),SXM,2015,37839.6283815163,Latin America & Caribbean 
Sint Maarten (Dutch part),SXM,2014,37134.912423099,Latin America & Caribbean 
Sint Maarten (Dutch part),SXM,2013,28529.7324687053,Latin America & Caribbean 
Sint Maarten (Dutch part),SXM,2012,28149.0997855041,Latin America & Caribbean 
Sint Maarten (Dutch part),SXM,2011,27317.5178881974,Latin America & Caribbean 
Sint Maarten (Dutch part),SXM,2010,26403.8143692163,Latin America & Caribbean 
Sint Maarten (Dutch part),SXM,2009,25528.412619483,Latin America & Caribbean 
Slovak Republic,SVK,2025,28543.6653439813,Europe & Central Asia
Slovak Republic,SVK,2024,25992.6748502048,Europe & Central Asia
Slovak Republic,SVK,2023,24614.8734642794,Europe & Central Asia
Slovak Republic,SVK,2022,21317.7943982363,Europe & Central Asia
Slovak Republic,SVK,2021,22123.3342114545,Europe & Central Asia
Slovak Republic,SVK,2020,19735.4858280801,Europe & Central Asia
Slovak Republic,SVK,2019,19406.0589683582,Europe & Central Asia
Slovak Republic,SVK,2018,19573.3717031314,Europe & Central Asia
Slovak Republic,SVK,2017,17645.5298716761,Europe & Central Asia
Slovak Republic,SVK,2016,16636.0769133073,Europe & Central Asia
Slovak Republic,SVK,2015,16442.0760860018,Europe & Central Asia
Slovak Republic,SVK,2014,18770.9289896545,Europe & Central Asia
Slovak Republic,SVK,2013,18312.7805149823,Europe & Central Asia
Slovak Republic,SVK,2012,17516.9691054078,Europe & Central Asia
Slovak Republic,SVK,2011,18469.4354316836,Europe & Central Asia
Slovak Republic,SVK,2010,16899.448680529,Europe & Central Asia
Slovak Republic,SVK,2009,16586.7527805228,Europe & Central Asia
Slovak Republic,SVK,2008,17973.8436435514,Europe & Central Asia
Slovak Republic,SVK,2007,14330.2064943926,Europe & Central Asia
Slovak Republic,SVK,2006,10629.1782325838,Europe & Central Asia
Slovak Republic,SVK,2005,9087.20357002472,Europe & Central Asia
Slovak Republic,SVK,2004,7996.74076556872,Europe & Central Asia
Slovak Republic,SVK,2003,6283.15169311309,Europe & Central Asia
Slovak Republic,SVK,2002,4606.38793538107,Europe & Central Asia
Slovak Republic,SVK,2001,3974.36802854653,Europe & Central Asia
Slovak Republic,SVK,2000,3827.72506501314,Europe & Central Asia
Slovak Republic,SVK,1999,3857.18012283382,Europe & Central Asia
Slovak Republic,SVK,1998,4250.37387978468,Europe & Central Asia
Slovak Republic,SVK,1997,4091.68452874888,Europe & Central Asia
Slovak Republic,SVK,1996,4069.11897669644,Europe & Central Asia
Slovak Republic,SVK,1995,3787.03820237267,Europe & Central Asia
Slovak Republic,SVK,1994,3027.82138293263,Europe & Central Asia
Slovak Republic,SVK,1993,2627.44823950706,Europe & Central Asia
Slovak Republic,SVK,1992,2437.87630211282,Europe & Central Asia
Slovak Republic,SVK,1991,2253.87911882661,Europe & Central Asia
Slovak Republic,SVK,1990,3221.04590790625,Europe & Central Asia
Slovenia,SVN,2025,37376.2216079138,Europe & Central Asia
Slovenia,SVN,2024,34301.0318686594,Europe & Central Asia
Slovenia,SVN,2023,32660.4753581346,Europe & Central Asia
Slovenia,SVN,2022,28360.3041467268,Europe & Central Asia
Slovenia,SVN,2021,29192.8401933019,Europe & Central Asia
Slovenia,SVN,2020,25392.0651093612,Europe & Central Asia
Slovenia,SVN,2019,25814.1687167572,Europe & Central Asia
Slovenia,SVN,2018,25888.0481065655,Europe & Central Asia
Slovenia,SVN,2017,23303.077705959,Europe & Central Asia
Slovenia,SVN,2016,21447.8377796036,Europe & Central Asia
Slovenia,SVN,2015,20697.2748530619,Europe & Central Asia
Slovenia,SVN,2014,24013.0682060959,Europe & Central Asia
Slovenia,SVN,2013,23236.9655321695,Europe & Central Asia
Slovenia,SVN,2012,22442.1417859955,Europe & Central Asia
Slovenia,SVN,2011,24940.6284841605,Europe & Central Asia
Slovenia,SVN,2010,23329.8417691156,Europe & Central Asia
Slovenia,SVN,2009,24501.7897290425,Europe & Central Asia
Slovenia,SVN,2008,27461.9764165315,Europe & Central Asia
Slovenia,SVN,2007,23725.1596001515,Europe & Central Asia
Slovenia,SVN,2006,19563.005059144,Europe & Central Asia
Slovenia,SVN,2005,17969.7095907161,Europe & Central Asia
Slovenia,SVN,2004,17103.8297783905,Europe & Central Asia
Slovenia,SVN,2003,14711.674874253,Europe & Central Asia
Slovenia,SVN,2002,11639.1297780477,Europe & Central Asia
Slovenia,SVN,2001,10375.6255869861,Europe & Central Asia
Slovenia,SVN,2000,10135.7219109212,Europe & Central Asia
Slovenia,SVN,1999,11401.4906790909,Europe & Central Asia
Slovenia,SVN,1998,11131.5666628231,Europe & Central Asia
Slovenia,SVN,1997,10436.7260661871,Europe & Central Asia
Slovenia,SVN,1996,10796.7399446283,Europe & Central Asia
Slovenia,SVN,1995,10738.0887611468,Europe & Central Asia
Slovenia,SVN,1994,8243.89895545106,Europe & Central Asia
Slovenia,SVN,1993,7254.58887417768,Europe & Central Asia
Slovenia,SVN,1992,7151.15243829224,Europe & Central Asia
Slovenia,SVN,1991,7229.31149788617,Europe & Central Asia
Slovenia,SVN,1990,9925.14071044684,Europe & Central Asia
Solomon Islands,SLB,2025,2086.18955928928,East Asia & Pacific
Solomon Islands,SLB,2024,1933.55538435227,East Asia & Pacific
Solomon Islands,SLB,2023,1882.64394148042,East Asia & Pacific
Solomon Islands,SLB,2022,1877.78104490956,East Asia & Pacific
Solomon Islands,SLB,2021,2043.44413170658,East Asia & Pacific
Solomon Islands,SLB,2020,2063.32780991967,East Asia & Pacific
Solomon Islands,SLB,2019,2223.65890942466,East Asia & Pacific
Solomon Islands,SLB,2018,2278.19908624102,East Asia & Pacific
Solomon Islands,SLB,2017,2143.57670489272,East Asia & Pacific
Solomon Islands,SLB,2016,2082.62383124213,East Asia & Pacific
Solomon Islands,SLB,2015,2045.47721526649,East Asia & Pacific
Solomon Islands,SLB,2014,2164.95289873002,East Asia & Pacific
Solomon Islands,SLB,2013,2161.38627543917,East Asia & Pacific
Solomon Islands,SLB,2012,2066.25738638356,East Asia & Pacific
Solomon Islands,SLB,2011,1924.05795643133,East Asia & Pacific
Solomon Islands,SLB,2010,1685.14535823757,East Asia & Pacific
Solomon Islands,SLB,2009,1554.70671006386,East Asia & Pacific
Solomon Islands,SLB,2008,1525.84666261203,East Asia & Pacific
Solomon Islands,SLB,2007,1390.14870956707,East Asia & Pacific
Solomon Islands,SLB,2006,1255.62447417684,East Asia & Pacific
Solomon Islands,SLB,2005,1144.49233397681,East Asia & Pacific
Solomon Islands,SLB,2004,986.070953503889,East Asia & Pacific
Solomon Islands,SLB,2003,895.984242546501,East Asia & Pacific
Solomon Islands,SLB,2002,756.890296490792,East Asia & Pacific
Solomon Islands,SLB,2001,911.791935385411,East Asia & Pacific
Solomon Islands,SLB,2000,953.17190137706,East Asia & Pacific
Solomon Islands,SLB,1999,1133.62256531791,East Asia & Pacific
Solomon Islands,SLB,1998,1091.89096889326,East Asia & Pacific
Solomon Islands,SLB,1997,1292.23951946469,East Asia & Pacific
Solomon Islands,SLB,1996,1289.33036923435,East Asia & Pacific
Solomon Islands,SLB,1995,1220.17919311126,East Asia & Pacific
Solomon Islands,SLB,1994,1078.0410925874,East Asia & Pacific
Solomon Islands,SLB,1993,828.869997791691,East Asia & Pacific
Solomon Islands,SLB,1992,763.857968549522,East Asia & Pacific
Solomon Islands,SLB,1991,665.833104132659,East Asia & Pacific
Solomon Islands,SLB,1990,648.325212624098,East Asia & Pacific
Solomon Islands,SLB,1989,538.101762870503,East Asia & Pacific
Solomon Islands,SLB,1988,567.022935580171,East Asia & Pacific
Solomon Islands,SLB,1987,514.6693332731,East Asia & Pacific
Solomon Islands,SLB,1986,505.821806525665,East Asia & Pacific
Solomon Islands,SLB,1985,586.02235220521,East Asia & Pacific
Solomon Islands,SLB,1984,664.696440482807,East Asia & Pacific
Solomon Islands,SLB,1983,686.264140182978,East Asia & Pacific
Solomon Islands,SLB,1982,755.885653343722,East Asia & Pacific
Solomon Islands,SLB,1981,785.830912783879,East Asia & Pacific
Solomon Islands,SLB,1980,767.850616345384,East Asia & Pacific
Solomon Islands,SLB,1979,657.858329669684,East Asia & Pacific
Solomon Islands,SLB,1978,500.058223062566,East Asia & Pacific
Solomon Islands,SLB,1977,434.409813335233,East Asia & Pacific
Solomon Islands,SLB,1976,401.077416855387,East Asia & Pacific
Solomon Islands,SLB,1975,371.718806188648,East Asia & Pacific
Solomon Islands,SLB,1974,433.443902987382,East Asia & Pacific
Solomon Islands,SLB,1973,291.252272932738,East Asia & Pacific
Solomon Islands,SLB,1972,219.502859825935,East Asia & Pacific
Solomon Islands,SLB,1971,277.11312090761,East Asia & Pacific
Solomon Islands,SLB,1969,165.857344778641,East Asia & Pacific
Solomon Islands,SLB,1968,166.888037688373,East Asia & Pacific
Solomon Islands,SLB,1967,153.450784088184,East Asia & Pacific
"Somalia, Fed. Rep.",SOM,2025,661.173877723116,Sub-Saharan Africa 
"Somalia, Fed. Rep.",SOM,2024,629.538899449007,Sub-Saharan Africa 
"Somalia, Fed. Rep.",SOM,2023,596.885985135589,Sub-Saharan Africa 
"Somalia, Fed. Rep.",SOM,2022,573.141165798229,Sub-Saharan Africa 
"Somalia, Fed. Rep.",SOM,2021,549.056994756254,Sub-Saharan Africa 
"Somalia, Fed. Rep.",SOM,2020,518.16113333875,Sub-Saharan Africa 
"Somalia, Fed. Rep.",SOM,2019,539.954816211694,Sub-Saharan Africa 
"Somalia, Fed. Rep.",SOM,2018,509.497273804534,Sub-Saharan Africa 
"Somalia, Fed. Rep.",SOM,2017,510.939952317726,Sub-Saharan Africa 
"Somalia, Fed. Rep.",SOM,2016,460.928490585175,Sub-Saharan Africa 
"Somalia, Fed. Rep.",SOM,2015,445.583080073396,Sub-Saharan Africa 
"Somalia, Fed. Rep.",SOM,2014,429.431656725102,Sub-Saharan Africa 
"Somalia, Fed. Rep.",SOM,2013,393.398703952979,Sub-Saharan Africa 
"Somalia, Fed. Rep.",SOM,2012,350.261946720512,Sub-Saharan Africa 
"Somalia, Fed. Rep.",SOM,2011,235.325945610434,Sub-Saharan Africa 
"Somalia, Fed. Rep.",SOM,2010,219.202453852397,Sub-Saharan Africa 
"Somalia, Fed. Rep.",SOM,2009,246.513251675105,Sub-Saharan Africa 
"Somalia, Fed. Rep.",SOM,2008,507.03744334738,Sub-Saharan Africa 
"Somalia, Fed. Rep.",SOM,2007,479.635628065289,Sub-Saharan Africa 
"Somalia, Fed. Rep.",SOM,2006,457.996662206659,Sub-Saharan Africa 
"Somalia, Fed. Rep.",SOM,2005,439.979907805478,Sub-Saharan Africa 
"Somalia, Fed. Rep.",SOM,2004,375.410326225387,Sub-Saharan Africa 
"Somalia, Fed. Rep.",SOM,2003,286.273025198975,Sub-Saharan Africa 
"Somalia, Fed. Rep.",SOM,2002,229.598918310039,Sub-Saharan Africa 
"Somalia, Fed. Rep.",SOM,2001,244.914842538455,Sub-Saharan Africa 
"Somalia, Fed. Rep.",SOM,2000,386.119274401275,Sub-Saharan Africa 
"Somalia, Fed. Rep.",SOM,1999,358.658780828071,Sub-Saharan Africa 
"Somalia, Fed. Rep.",SOM,1998,363.200013489992,Sub-Saharan Africa 
"Somalia, Fed. Rep.",SOM,1997,280.112724233259,Sub-Saharan Africa 
"Somalia, Fed. Rep.",SOM,1996,237.241440951671,Sub-Saharan Africa 
"Somalia, Fed. Rep.",SOM,1995,210.673254610492,Sub-Saharan Africa 
"Somalia, Fed. Rep.",SOM,1994,210.793779581384,Sub-Saharan Africa 
"Somalia, Fed. Rep.",SOM,1993,188.603158677914,Sub-Saharan Africa 
"Somalia, Fed. Rep.",SOM,1992,109.204910481074,Sub-Saharan Africa 
"Somalia, Fed. Rep.",SOM,1991,105.37132651622,Sub-Saharan Africa 
"Somalia, Fed. Rep.",SOM,1990,145.603501373513,Sub-Saharan Africa 
"Somalia, Fed. Rep.",SOM,1989,166.042337271006,Sub-Saharan Africa 
"Somalia, Fed. Rep.",SOM,1988,145.341346820158,Sub-Saharan Africa 
"Somalia, Fed. Rep.",SOM,1987,140.969852181578,Sub-Saharan Africa 
"Somalia, Fed. Rep.",SOM,1986,131.414859681198,Sub-Saharan Africa 
"Somalia, Fed. Rep.",SOM,1985,130.832875614815,Sub-Saharan Africa 
"Somalia, Fed. Rep.",SOM,1984,122.493293689734,Sub-Saharan Africa 
"Somalia, Fed. Rep.",SOM,1983,118.644340868341,Sub-Saharan Africa 
"Somalia, Fed. Rep.",SOM,1982,129.013919752012,Sub-Saharan Africa 
"Somalia, Fed. Rep.",SOM,1981,116.884526594286,Sub-Saharan Africa 
"Somalia, Fed. Rep.",SOM,1980,101.499312257078,Sub-Saharan Africa 
"Somalia, Fed. Rep.",SOM,1979,108.194947756464,Sub-Saharan Africa 
"Somalia, Fed. Rep.",SOM,1978,117.255345126001,Sub-Saharan Africa 
"Somalia, Fed. Rep.",SOM,1977,111.183132355277,Sub-Saharan Africa 
"Somalia, Fed. Rep.",SOM,1976,199.583547142014,Sub-Saharan Africa 
"Somalia, Fed. Rep.",SOM,1975,177.806143412254,Sub-Saharan Africa 
"Somalia, Fed. Rep.",SOM,1974,137.891575811774,Sub-Saharan Africa 
"Somalia, Fed. Rep.",SOM,1973,119.562133453537,Sub-Saharan Africa 
"Somalia, Fed. Rep.",SOM,1972,113.69240195555,Sub-Saharan Africa 
"Somalia, Fed. Rep.",SOM,1971,90.4292309374489,Sub-Saharan Africa 
"Somalia, Fed. Rep.",SOM,1970,93.0828499649358,Sub-Saharan Africa 
"Somalia, Fed. Rep.",SOM,1969,84.1406268777878,Sub-Saharan Africa 
"Somalia, Fed. Rep.",SOM,1968,80.8438204901175,Sub-Saharan Africa 
"Somalia, Fed. Rep.",SOM,1967,78.6738966197917,Sub-Saharan Africa 
"Somalia, Fed. Rep.",SOM,1966,76.4837413887233,Sub-Saharan Africa 
"Somalia, Fed. Rep.",SOM,1965,74.3548708796131,Sub-Saharan Africa 
"Somalia, Fed. Rep.",SOM,1964,71.8899399360419,Sub-Saharan Africa 
"Somalia, Fed. Rep.",SOM,1963,69.4922344839154,Sub-Saharan Africa 
"Somalia, Fed. Rep.",SOM,1962,67.1702359919979,Sub-Saharan Africa 
"Somalia, Fed. Rep.",SOM,1961,64.9242576104754,Sub-Saharan Africa 
"Somalia, Fed. Rep.",SOM,1960,62.7396279412993,Sub-Saharan Africa 
South Africa,ZAF,2025,6597.71450918774,Sub-Saharan Africa 
South Africa,ZAF,2024,6267.186814093,Sub-Saharan Africa 
South Africa,ZAF,2023,6034.27208964673,Sub-Saharan Africa 
South Africa,ZAF,2022,6534.24867783397,Sub-Saharan Africa 
South Africa,ZAF,2021,6828.75624590017,Sub-Saharan Africa 
South Africa,ZAF,2020,5580.60383075189,Sub-Saharan Africa 
South Africa,ZAF,2019,6533.71121032856,Sub-Saharan Africa 
South Africa,ZAF,2018,6914.1780318076,Sub-Saharan Africa 
South Africa,ZAF,2017,6618.33508255701,Sub-Saharan Africa 
South Africa,ZAF,2016,5651.20585165749,Sub-Saharan Africa 
South Africa,ZAF,2015,6112.27382485974,Sub-Saharan Africa 
South Africa,ZAF,2014,6856.73137092522,Sub-Saharan Africa 
South Africa,ZAF,2013,7331.65467384919,Sub-Saharan Africa 
South Africa,ZAF,2012,8076.97678479741,Sub-Saharan Africa 
South Africa,ZAF,2011,8646.05571071635,Sub-Saharan Africa 
South Africa,ZAF,2010,7973.47195771517,Sub-Saharan Africa 
South Africa,ZAF,2009,6374.70560042992,Sub-Saharan Africa 
South Africa,ZAF,2008,6184.75474328399,Sub-Saharan Africa 
South Africa,ZAF,2007,6591.85535960564,Sub-Saharan Africa 
South Africa,ZAF,2006,6077.38293388876,Sub-Saharan Africa 
South Africa,ZAF,2005,5836.87663325127,Sub-Saharan Africa 
South Africa,ZAF,2004,5221.46333731721,Sub-Saharan Africa 
South Africa,ZAF,2003,4062.21755993786,Sub-Saharan Africa 
South Africa,ZAF,2002,2688.23676032806,Sub-Saharan Africa 
South Africa,ZAF,2001,2847.15191945908,Sub-Saharan Africa 
South Africa,ZAF,2000,3217.84693448467,Sub-Saharan Africa 
South Africa,ZAF,1999,3242.36830483958,Sub-Saharan Africa 
South Africa,ZAF,1998,3309.60933087472,Sub-Saharan Africa 
South Africa,ZAF,1997,3700.23554789867,Sub-Saharan Africa 
South Africa,ZAF,1996,3617.55336002932,Sub-Saharan Africa 
South Africa,ZAF,1995,3855.6340871567,Sub-Saharan Africa 
South Africa,ZAF,1994,3488.59711541763,Sub-Saharan Africa 
South Africa,ZAF,1993,3399.64009566241,Sub-Saharan Africa 
South Africa,ZAF,1992,3462.39400202835,Sub-Saharan Africa 
South Africa,ZAF,1991,3243.23616023953,Sub-Saharan Africa 
South Africa,ZAF,1990,3093.48920352334,Sub-Saharan Africa 
South Africa,ZAF,1989,2726.70980679488,Sub-Saharan Africa 
South Africa,ZAF,1988,2702.05504774508,Sub-Saharan Africa 
South Africa,ZAF,1987,2586.27423314228,Sub-Saharan Africa 
South Africa,ZAF,1986,2027.4662038189,Sub-Saharan Africa 
South Africa,ZAF,1985,1839.4841908184,Sub-Saharan Africa 
South Africa,ZAF,1984,2504.07736790289,Sub-Saharan Africa 
South Africa,ZAF,1983,2938.48980239675,Sub-Saharan Africa 
South Africa,ZAF,1982,2717.16388710425,Sub-Saharan Africa 
South Africa,ZAF,1981,3049.71474333882,Sub-Saharan Africa 
South Africa,ZAF,1980,3028.97447561832,Sub-Saharan Africa 
South Africa,ZAF,1979,2201.51922339868,Sub-Saharan Africa 
South Africa,ZAF,1978,1851.75191300848,Sub-Saharan Africa 
South Africa,ZAF,1977,1671.46618837272,Sub-Saharan Africa 
South Africa,ZAF,1976,1558.99824733487,Sub-Saharan Africa 
South Africa,ZAF,1975,1670.11816898954,Sub-Saharan Africa 
South Africa,ZAF,1974,1656.2890557998,Sub-Saharan Africa 
South Africa,ZAF,1973,1369.16160033933,Sub-Saharan Africa 
South Africa,ZAF,1972,1038.39407468283,Sub-Saharan Africa 
South Africa,ZAF,1971,1020.43983590718,Sub-Saharan Africa 
South Africa,ZAF,1970,952.352188073537,Sub-Saharan Africa 
South Africa,ZAF,1969,890.922089102936,Sub-Saharan Africa 
South Africa,ZAF,1968,817.128340614066,Sub-Saharan Africa 
South Africa,ZAF,1967,778.839335829791,Sub-Saharan Africa 
South Africa,ZAF,1966,721.75375941418,Sub-Saharan Africa 
South Africa,ZAF,1965,684.62122774035,Sub-Saharan Africa 
South Africa,ZAF,1964,645.873375685446,Sub-Saharan Africa 
South Africa,ZAF,1963,604.536855270991,Sub-Saharan Africa 
South Africa,ZAF,1962,563.423008817945,Sub-Saharan Africa 
South Africa,ZAF,1961,545.657511922673,Sub-Saharan Africa 
South Africa,ZAF,1960,532.147504330332,Sub-Saharan Africa 
South Sudan,SSD,2015,1080.14718624765,Sub-Saharan Africa 
South Sudan,SSD,2014,1242.73450181032,Sub-Saharan Africa 
South Sudan,SSD,2013,1650.18943353528,Sub-Saharan Africa 
South Sudan,SSD,2012,1109.26050083408,Sub-Saharan Africa 
South Sudan,SSD,2011,1448.98435006408,Sub-Saharan Africa 
South Sudan,SSD,2010,1498.27034985194,Sub-Saharan Africa 
South Sudan,SSD,2009,1323.22068747862,Sub-Saharan Africa 
South Sudan,SSD,2008,1654.21153546555,Sub-Saharan Africa 
Spain,ESP,2025,38627.2472148623,Europe & Central Asia
Spain,ESP,2024,35326.7683069278,Europe & Central Asia
Spain,ESP,2023,33493.2225409111,Europe & Central Asia
Spain,ESP,2022,30319.4987196616,Europe & Central Asia
Spain,ESP,2021,30799.4775937775,Europe & Central Asia
Spain,ESP,2020,27233.9426461608,Europe & Central Asia
Spain,ESP,2019,29786.5245689007,Europe & Central Asia
Spain,ESP,2018,30602.4212881113,Europe & Central Asia
Spain,ESP,2017,28381.3425596906,Europe & Central Asia
Spain,ESP,2016,26755.6061149398,Europe & Central Asia
Spain,ESP,2015,25982.4416197775,Europe & Central Asia
Spain,ESP,2014,29707.765509467,Europe & Central Asia
Spain,ESP,2013,29228.846559842,Europe & Central Asia
Spain,ESP,2012,28456.4438151477,Europe & Central Asia
Spain,ESP,2011,31824.6219134777,Europe & Central Asia
Spain,ESP,2010,30658.7422282912,Europe & Central Asia
Spain,ESP,2009,32279.8208476151,Europe & Central Asia
Spain,ESP,2008,35603.248328071,Europe & Central Asia
Spain,ESP,2007,32652.015594702,Europe & Central Asia
Spain,ESP,2006,28421.686527407,Europe & Central Asia
Spain,ESP,2005,26450.9530130382,Europe & Central Asia
Spain,ESP,2004,24925.0267844576,Europe & Central Asia
Spain,ESP,2003,21522.0170990262,Europe & Central Asia
Spain,ESP,2002,17111.0685058941,Europe & Central Asia
Spain,ESP,2001,15368.2337984435,Europe & Central Asia
Spain,ESP,2000,14743.2671031455,Europe & Central Asia
Spain,ESP,1999,15707.9473068138,Europe & Central Asia
Spain,ESP,1998,15382.3348573373,Europe & Central Asia
Spain,ESP,1997,14722.3717633536,Europe & Central Asia
Spain,ESP,1996,16100.6215831114,Europe & Central Asia
Spain,ESP,1995,15460.9110266653,Europe & Central Asia
Spain,ESP,1994,13405.704414883,Europe & Central Asia
Spain,ESP,1993,13330.3798192211,Europe & Central Asia
Spain,ESP,1992,16100.6799428032,Europe & Central Asia
Spain,ESP,1991,14801.3226152172,Europe & Central Asia
Spain,ESP,1990,13795.0159385128,Europe & Central Asia
Spain,ESP,1989,10674.3410230107,Europe & Central Asia
Spain,ESP,1988,9696.1928538538,Europe & Central Asia
Spain,ESP,1987,8233.72822993027,Europe & Central Asia
Spain,ESP,1986,6508.8506547565,Europe & Central Asia
Spain,ESP,1985,4696.29879620729,Europe & Central Asia
Spain,ESP,1984,4486.78173863382,Europe & Central Asia
Spain,ESP,1983,4475.30126831295,Europe & Central Asia
Spain,ESP,1982,5156.02303792945,Europe & Central Asia
Spain,ESP,1981,5367.32976278411,Europe & Central Asia
Spain,ESP,1980,6204.14321544225,Europe & Central Asia
Spain,ESP,1979,5766.09296672485,Europe & Central Asia
Spain,ESP,1978,4353.3273744052,Europe & Central Asia
Spain,ESP,1977,3624.99940255962,Europe & Central Asia
Spain,ESP,1976,3276.97023260494,Europe & Central Asia
Spain,ESP,1975,3207.54465082024,Europe & Central Asia
Spain,ESP,1974,2747.96036737994,Europe & Central Asia
Spain,ESP,1973,2245.9479911066,Europe & Central Asia
Spain,ESP,1972,1707.58800052655,Europe & Central Asia
Spain,ESP,1971,1361.19251917206,Europe & Central Asia
Spain,ESP,1970,1211.42343321309,Europe & Central Asia
Spain,ESP,1969,1109.13637135526,Europe & Central Asia
Spain,ESP,1968,978.292373768035,Europe & Central Asia
Spain,ESP,1967,996.571863525297,Europe & Central Asia
Spain,ESP,1966,915.62923367863,Europe & Central Asia
Spain,ESP,1965,797.377066170904,Europe & Central Asia
Spain,ESP,1964,694.952086797899,Europe & Central Asia
Spain,ESP,1963,627.278450964262,Europe & Central Asia
Spain,ESP,1962,535.391059454488,Europe & Central Asia
Spain,ESP,1961,463.19044087717,Europe & Central Asia
Spain,ESP,1960,407.96302786933,Europe & Central Asia
Sri Lanka,LKA,2025,5002.07904353724,South Asia
Sri Lanka,LKA,2024,4545.36006870612,South Asia
Sri Lanka,LKA,2023,3815.41531767474,South Asia
Sri Lanka,LKA,2022,3342.63650438046,South Asia
Sri Lanka,LKA,2021,3996.96240531688,South Asia
Sri Lanka,LKA,2020,3847.60136741182,South Asia
Sri Lanka,LKA,2019,4081.94772178134,South Asia
Sri Lanka,LKA,2018,4358.56095905888,South Asia
Sri Lanka,LKA,2017,4398.88828786059,South Asia
Sri Lanka,LKA,2016,4149.19189391879,South Asia
Sri Lanka,LKA,2015,4057.71582716521,South Asia
Sri Lanka,LKA,2014,3972.04377042271,South Asia
Sri Lanka,LKA,2013,3739.43182292825,South Asia
Sri Lanka,LKA,2012,3327.77612404326,South Asia
Sri Lanka,LKA,2011,3224.95745082305,South Asia
Sri Lanka,LKA,2010,2808.36245207687,South Asia
Sri Lanka,LKA,2009,2026.65939950702,South Asia
Sri Lanka,LKA,2008,1973.58476901287,South Asia
Sri Lanka,LKA,2007,1578.63451125392,South Asia
Sri Lanka,LKA,2006,1388.89739119932,South Asia
Sri Lanka,LKA,2005,1207.21994764165,South Asia
Sri Lanka,LKA,2004,1028.62068132555,South Asia
Sri Lanka,LKA,2003,946.382255128072,South Asia
Sri Lanka,LKA,2002,834.936014905338,South Asia
Sri Lanka,LKA,2001,803.544026627385,South Asia
Sri Lanka,LKA,2000,860.199884304769,South Asia
Sri Lanka,LKA,1999,829.356379527539,South Asia
Sri Lanka,LKA,1998,847.533577843861,South Asia
Sri Lanka,LKA,1997,827.035756058631,South Asia
Sri Lanka,LKA,1996,776.192371057587,South Asia
Sri Lanka,LKA,1995,741.838255293455,South Asia
Sri Lanka,LKA,1994,678.268012020205,South Asia
Sri Lanka,LKA,1993,607.231847102846,South Asia
Sri Lanka,LKA,1992,579.655117618283,South Asia
Sri Lanka,LKA,1991,546.292515570886,South Asia
Sri Lanka,LKA,1990,491.213686238493,South Asia
Sri Lanka,LKA,1989,430.02388973818,South Asia
Sri Lanka,LKA,1988,434.015552780537,South Asia
Sri Lanka,LKA,1987,419.824409443665,South Asia
Sri Lanka,LKA,1986,407.164600454213,South Asia
Sri Lanka,LKA,1985,384.611537689196,South Asia
Sri Lanka,LKA,1984,391.369617569858,South Asia
Sri Lanka,LKA,1983,335.823151714647,South Asia
Sri Lanka,LKA,1982,311.957878889278,South Asia
Sri Lanka,LKA,1981,292.45135975768,South Asia
Sri Lanka,LKA,1980,271.055290073685,South Asia
Sri Lanka,LKA,1979,230.775069370251,South Asia
Sri Lanka,LKA,1978,190.996464636951,South Asia
Sri Lanka,LKA,1977,292.148992496788,South Asia
Sri Lanka,LKA,1976,260.301495010261,South Asia
Sri Lanka,LKA,1975,279.82158260032,South Asia
Sri Lanka,LKA,1974,268.650905004753,South Asia
Sri Lanka,LKA,1973,220.170239208337,South Asia
Sri Lanka,LKA,1972,199.38289288123,South Asia
Sri Lanka,LKA,1971,188.760802167739,South Asia
Sri Lanka,LKA,1970,186.900791824546,South Asia
Sri Lanka,LKA,1969,163.60657987529,South Asia
Sri Lanka,LKA,1968,153.48764748655,South Asia
Sri Lanka,LKA,1967,162.294823066611,South Asia
Sri Lanka,LKA,1966,156.606032177183,South Asia
Sri Lanka,LKA,1965,155.566984755479,South Asia
Sri Lanka,LKA,1964,122.941808998544,South Asia
Sri Lanka,LKA,1963,119.352332353465,South Asia
Sri Lanka,LKA,1962,141.383197837884,South Asia
Sri Lanka,LKA,1961,145.900945139998,South Asia
Sri Lanka,LKA,1960,145.928701305768,South Asia
St. Kitts and Nevis,KNA,2025,25223.0257622185,Latin America & Caribbean 
St. Kitts and Nevis,KNA,2024,23960.6534357084,Latin America & Caribbean 
St. Kitts and Nevis,KNA,2023,22576.9248439166,Latin America & Caribbean 
St. Kitts and Nevis,KNA,2022,21011.5744209816,Latin America & Caribbean 
St. Kitts and Nevis,KNA,2021,18361.1449697886,Latin America & Caribbean 
St. Kitts and Nevis,KNA,2020,18859.0190361046,Latin America & Caribbean 
St. Kitts and Nevis,KNA,2019,23595.4923231291,Latin America & Caribbean 
St. Kitts and Nevis,KNA,2018,22901.3816403197,Latin America & Caribbean 
St. Kitts and Nevis,KNA,2017,22464.9899633959,Latin America & Caribbean 
St. Kitts and Nevis,KNA,2016,21387.5415511103,Latin America & Caribbean 
St. Kitts and Nevis,KNA,2015,20328.8003530109,Latin America & Caribbean 
St. Kitts and Nevis,KNA,2014,20219.3954237956,Latin America & Caribbean 
St. Kitts and Nevis,KNA,2013,18580.1301949935,Latin America & Caribbean 
St. Kitts and Nevis,KNA,2012,17532.0559008608,Latin America & Caribbean 
St. Kitts and Nevis,KNA,2011,17832.4572919975,Latin America & Caribbean 
St. Kitts and Nevis,KNA,2010,16622.9457908577,Latin America & Caribbean 
St. Kitts and Nevis,KNA,2009,16503.4119292794,Latin America & Caribbean 
St. Kitts and Nevis,KNA,2008,16604.9448615905,Latin America & Caribbean 
St. Kitts and Nevis,KNA,2007,14757.9579751035,Latin America & Caribbean 
St. Kitts and Nevis,KNA,2006,13837.8495311219,Latin America & Caribbean 
St. Kitts and Nevis,KNA,2005,11783.7867154145,Latin America & Caribbean 
St. Kitts and Nevis,KNA,2004,10944.6183741768,Latin America & Caribbean 
St. Kitts and Nevis,KNA,2003,10175.6295449989,Latin America & Caribbean 
St. Kitts and Nevis,KNA,2002,10453.6587064313,Latin America & Caribbean 
St. Kitts and Nevis,KNA,2001,10022.5919235637,Latin America & Caribbean 
St. Kitts and Nevis,KNA,2000,9319.65545093525,Latin America & Caribbean 
St. Kitts and Nevis,KNA,1999,9116.28627997718,Latin America & Caribbean 
St. Kitts and Nevis,KNA,1998,8710.78984057184,Latin America & Caribbean 
St. Kitts and Nevis,KNA,1997,8626.72257471312,Latin America & Caribbean 
St. Kitts and Nevis,KNA,1996,7788.42839854571,Latin America & Caribbean 
St. Kitts and Nevis,KNA,1995,7406.44486096454,Latin America & Caribbean 
St. Kitts and Nevis,KNA,1994,7065.28291984056,Latin America & Caribbean 
St. Kitts and Nevis,KNA,1993,6395.31437746849,Latin America & Caribbean 
St. Kitts and Nevis,KNA,1992,5947.1211356266,Latin America & Caribbean 
St. Kitts and Nevis,KNA,1991,5464.61025672087,Latin America & Caribbean 
St. Kitts and Nevis,KNA,1990,5373.44824048425,Latin America & Caribbean 
St. Kitts and Nevis,KNA,1989,4723.45351878204,Latin America & Caribbean 
St. Kitts and Nevis,KNA,1988,4205.65468298165,Latin America & Caribbean 
St. Kitts and Nevis,KNA,1987,3573.284031831,Latin America & Caribbean 
St. Kitts and Nevis,KNA,1986,3140.11209537184,Latin America & Caribbean 
St. Kitts and Nevis,KNA,1985,2650.9864691075,Latin America & Caribbean 
St. Kitts and Nevis,KNA,1984,2341.40772929271,Latin America & Caribbean 
St. Kitts and Nevis,KNA,1983,2052.11116535348,Latin America & Caribbean 
St. Kitts and Nevis,KNA,1982,2022.52944188428,Latin America & Caribbean 
St. Kitts and Nevis,KNA,1981,1894.44210241437,Latin America & Caribbean 
St. Kitts and Nevis,KNA,1980,1597.6489908812,Latin America & Caribbean 
St. Kitts and Nevis,KNA,1979,1367.339965625,Latin America & Caribbean 
St. Kitts and Nevis,KNA,1978,1143.84000123408,Latin America & Caribbean 
St. Kitts and Nevis,KNA,1977,1026.25343180719,Latin America & Caribbean 
St. Kitts and Nevis,KNA,1976,692.139328790191,Latin America & Caribbean 
St. Kitts and Nevis,KNA,1975,765.12533365911,Latin America & Caribbean 
St. Kitts and Nevis,KNA,1974,720.537205812844,Latin America & Caribbean 
St. Kitts and Nevis,KNA,1973,551.413363188761,Latin America & Caribbean 
St. Kitts and Nevis,KNA,1972,521.083031260752,Latin America & Caribbean 
St. Kitts and Nevis,KNA,1971,443.938525320189,Latin America & Caribbean 
St. Kitts and Nevis,KNA,1970,365.421692149038,Latin America & Caribbean 
St. Kitts and Nevis,KNA,1969,346.592027290022,Latin America & Caribbean 
St. Kitts and Nevis,KNA,1968,309.027410307969,Latin America & Caribbean 
St. Kitts and Nevis,KNA,1967,344.457118650064,Latin America & Caribbean 
St. Kitts and Nevis,KNA,1966,289.973108735753,Latin America & Caribbean 
St. Kitts and Nevis,KNA,1965,265.823194079933,Latin America & Caribbean 
St. Kitts and Nevis,KNA,1964,256.40471515277,Latin America & Caribbean 
St. Kitts and Nevis,KNA,1963,240.139616588017,Latin America & Caribbean 
St. Kitts and Nevis,KNA,1962,230.286541058342,Latin America & Caribbean 
St. Kitts and Nevis,KNA,1961,225.599127572162,Latin America & Caribbean 
St. Kitts and Nevis,KNA,1960,221.584586097067,Latin America & Caribbean 
St. Lucia,LCA,2025,14745.8184305461,Latin America & Caribbean 
St. Lucia,LCA,2024,14493.658470648,Latin America & Caribbean 
St. Lucia,LCA,2023,13616.6397593734,Latin America & Caribbean 
St. Lucia,LCA,2022,12976.1489693474,Latin America & Caribbean 
St. Lucia,LCA,2021,10481.1233971786,Latin America & Caribbean 
St. Lucia,LCA,2020,8537.11495506727,Latin America & Caribbean 
St. Lucia,LCA,2019,11764.3944032403,Latin America & Caribbean 
St. Lucia,LCA,2018,11642.6984727769,Latin America & Caribbean 
St. Lucia,LCA,2017,11333.1123822102,Latin America & Caribbean 
St. Lucia,LCA,2016,10638.1269396653,Latin America & Caribbean 
St. Lucia,LCA,2015,10334.9860823918,Latin America & Caribbean 
St. Lucia,LCA,2014,10044.8218377677,Latin America & Caribbean 
St. Lucia,LCA,2013,9577.21733754358,Latin America & Caribbean 
St. Lucia,LCA,2012,9260.30006551714,Latin America & Caribbean 
St. Lucia,LCA,2011,9128.99442011613,Latin America & Caribbean 
St. Lucia,LCA,2010,8673.68720340529,Latin America & Caribbean 
St. Lucia,LCA,2009,8250.52180732734,Latin America & Caribbean 
St. Lucia,LCA,2008,8516.96075488787,Latin America & Caribbean 
St. Lucia,LCA,2007,7964.38211480117,Latin America & Caribbean 
St. Lucia,LCA,2006,7611.17856675319,Latin America & Caribbean 
St. Lucia,LCA,2005,6863.43641919345,Latin America & Caribbean 
St. Lucia,LCA,2004,6494.60034867886,Latin America & Caribbean 
St. Lucia,LCA,2003,6058.60622059326,Latin America & Caribbean 
St. Lucia,LCA,2002,5567.89428424719,Latin America & Caribbean 
St. Lucia,LCA,2001,5570.45247098106,Latin America & Caribbean 
St. Lucia,LCA,2000,5879.56191426207,Latin America & Caribbean 
St. Lucia,LCA,1999,5882.83398968649,Latin America & Caribbean 
St. Lucia,LCA,1998,5672.51373770766,Latin America & Caribbean 
St. Lucia,LCA,1997,5282.37011402006,Latin America & Caribbean 
St. Lucia,LCA,1996,5244.01665086076,Latin America & Caribbean 
St. Lucia,LCA,1995,5147.92024022295,Latin America & Caribbean 
St. Lucia,LCA,1994,4892.06733637469,Latin America & Caribbean 
St. Lucia,LCA,1993,4764.72464839218,Latin America & Caribbean 
St. Lucia,LCA,1992,4759.83867808296,Latin America & Caribbean 
St. Lucia,LCA,1991,4398.67906897723,Latin America & Caribbean 
St. Lucia,LCA,1990,4204.57161863111,Latin America & Caribbean 
St. Lucia,LCA,1989,3565.01015783716,Latin America & Caribbean 
St. Lucia,LCA,1988,3182.44170096022,Latin America & Caribbean 
St. Lucia,LCA,1987,2818.91475118073,Latin America & Caribbean 
St. Lucia,LCA,1986,2590.69331524928,Latin America & Caribbean 
St. Lucia,LCA,1985,2202.28125368301,Latin America & Caribbean 
St. Lucia,LCA,1984,1979.12504018731,Latin America & Caribbean 
St. Lucia,LCA,1983,1575.74163524069,Latin America & Caribbean 
St. Lucia,LCA,1982,1489.46138368254,Latin America & Caribbean 
St. Lucia,LCA,1981,1604.77728442339,Latin America & Caribbean 
St. Lucia,LCA,1980,1428.20328921427,Latin America & Caribbean 
St. Martin (French part),MAF,2021,21668.3776525323,Latin America & Caribbean 
St. Martin (French part),MAF,2019,19033.0649634889,Latin America & Caribbean 
St. Martin (French part),MAF,2014,20638.7705882379,Latin America & Caribbean 
St. Martin (French part),MAF,2011,20930.5821177758,Latin America & Caribbean 
St. Vincent and the Grenadines,VCT,2025,12561.769166789,Latin America & Caribbean 
St. Vincent and the Grenadines,VCT,2024,11501.2265187188,Latin America & Caribbean 
St. Vincent and the Grenadines,VCT,2023,10582.3656725229,Latin America & Caribbean 
St. Vincent and the Grenadines,VCT,2022,9693.55867833025,Latin America & Caribbean 
St. Vincent and the Grenadines,VCT,2021,8641.27904024443,Latin America & Caribbean 
St. Vincent and the Grenadines,VCT,2020,8351.20324040982,Latin America & Caribbean 
St. Vincent and the Grenadines,VCT,2019,8740.59425232061,Latin America & Caribbean 
St. Vincent and the Grenadines,VCT,2018,8428.12677153069,Latin America & Caribbean 
St. Vincent and the Grenadines,VCT,2017,7988.04445019298,Latin America & Caribbean 
St. Vincent and the Grenadines,VCT,2016,7656.90042881178,Latin America & Caribbean 
St. Vincent and the Grenadines,VCT,2015,7353.73556054184,Latin America & Caribbean 
St. Vincent and the Grenadines,VCT,2014,7168.82875342911,Latin America & Caribbean 
St. Vincent and the Grenadines,VCT,2013,7072.46737188939,Latin America & Caribbean 
St. Vincent and the Grenadines,VCT,2012,6713.80768643865,Latin America & Caribbean 
St. Vincent and the Grenadines,VCT,2011,6527.68996854448,Latin America & Caribbean 
St. Vincent and the Grenadines,VCT,2010,6551.96835992405,Latin America & Caribbean 
St. Vincent and the Grenadines,VCT,2009,6463.78777336717,Latin America & Caribbean 
St. Vincent and the Grenadines,VCT,2008,6598.90531450859,Latin America & Caribbean 
St. Vincent and the Grenadines,VCT,2007,6398.19123532172,Latin America & Caribbean 
St. Vincent and the Grenadines,VCT,2006,5744.8278621257,Latin America & Caribbean 
St. Vincent and the Grenadines,VCT,2005,5157.39373878102,Latin America & Caribbean 
St. Vincent and the Grenadines,VCT,2004,4873.48947742443,Latin America & Caribbean 
St. Vincent and the Grenadines,VCT,2003,4499.61454193342,Latin America & Caribbean 
St. Vincent and the Grenadines,VCT,2002,4303.27976789727,Latin America & Caribbean 
St. Vincent and the Grenadines,VCT,2001,4071.08601098962,Latin America & Caribbean 
St. Vincent and the Grenadines,VCT,2000,3768.95536604022,Latin America & Caribbean 
St. Vincent and the Grenadines,VCT,1999,3446.52293031878,Latin America & Caribbean 
St. Vincent and the Grenadines,VCT,1998,3301.10018129103,Latin America & Caribbean 
St. Vincent and the Grenadines,VCT,1997,3073.7784743848,Latin America & Caribbean 
St. Vincent and the Grenadines,VCT,1996,2930.44394742606,Latin America & Caribbean 
St. Vincent and the Grenadines,VCT,1995,2795.36305613955,Latin America & Caribbean 
St. Vincent and the Grenadines,VCT,1994,2563.24976564442,Latin America & Caribbean 
St. Vincent and the Grenadines,VCT,1993,2539.64968649849,Latin America & Caribbean 
St. Vincent and the Grenadines,VCT,1992,2470.51840791008,Latin America & Caribbean 
St. Vincent and the Grenadines,VCT,1991,2270.76357246912,Latin America & Caribbean 
St. Vincent and the Grenadines,VCT,1990,2149.73944358984,Latin America & Caribbean 
St. Vincent and the Grenadines,VCT,1989,1929.91050958212,Latin America & Caribbean 
St. Vincent and the Grenadines,VCT,1988,1813.93765107441,Latin America & Caribbean 
St. Vincent and the Grenadines,VCT,1987,1596.17319303831,Latin America & Caribbean 
St. Vincent and the Grenadines,VCT,1986,1471.86296489478,Latin America & Caribbean 
St. Vincent and the Grenadines,VCT,1985,1342.2456378927,Latin America & Caribbean 
St. Vincent and the Grenadines,VCT,1984,1253.86525558125,Latin America & Caribbean 
St. Vincent and the Grenadines,VCT,1983,1144.30586148776,Latin America & Caribbean 
St. Vincent and the Grenadines,VCT,1982,1073.51398364931,Latin America & Caribbean 
St. Vincent and the Grenadines,VCT,1981,971.577277314431,Latin America & Caribbean 
St. Vincent and the Grenadines,VCT,1980,790.115816929074,Latin America & Caribbean 
St. Vincent and the Grenadines,VCT,1979,687.067392389007,Latin America & Caribbean 
St. Vincent and the Grenadines,VCT,1978,592.019182500428,Latin America & Caribbean 
St. Vincent and the Grenadines,VCT,1977,483.859271677682,Latin America & Caribbean 
St. Vincent and the Grenadines,VCT,1976,324.049573435426,Latin America & Caribbean 
St. Vincent and the Grenadines,VCT,1975,331.090937950783,Latin America & Caribbean 
St. Vincent and the Grenadines,VCT,1974,330.705359076164,Latin America & Caribbean 
St. Vincent and the Grenadines,VCT,1973,305.651792826921,Latin America & Caribbean 
St. Vincent and the Grenadines,VCT,1972,282.092288222755,Latin America & Caribbean 
St. Vincent and the Grenadines,VCT,1971,206.99399543877,Latin America & Caribbean 
St. Vincent and the Grenadines,VCT,1970,192.259597349006,Latin America & Caribbean 
St. Vincent and the Grenadines,VCT,1969,175.156220412801,Latin America & Caribbean 
St. Vincent and the Grenadines,VCT,1968,163.084474570509,Latin America & Caribbean 
St. Vincent and the Grenadines,VCT,1967,170.043233030992,Latin America & Caribbean 
St. Vincent and the Grenadines,VCT,1966,174.900705580548,Latin America & Caribbean 
St. Vincent and the Grenadines,VCT,1965,166.1585179605,Latin America & Caribbean 
St. Vincent and the Grenadines,VCT,1964,164.439675512733,Latin America & Caribbean 
St. Vincent and the Grenadines,VCT,1963,154.855789598022,Latin America & Caribbean 
St. Vincent and the Grenadines,VCT,1962,166.501945155564,Latin America & Caribbean 
St. Vincent and the Grenadines,VCT,1961,163.036741587138,Latin America & Caribbean 
St. Vincent and the Grenadines,VCT,1960,154.839953548866,Latin America & Caribbean 
Sudan,SDN,2025,1164.53991699219,Sub-Saharan Africa 
Sudan,SDN,2024,984.607666015625,Sub-Saharan Africa 
Sudan,SDN,2023,797.283447265625,Sub-Saharan Africa 
Sudan,SDN,2022,1046.24084472656,Sub-Saharan Africa 
Sudan,SDN,2021,712.122009277344,Sub-Saharan Africa 
Sudan,SDN,2020,577.795227050781,Sub-Saharan Africa 
Sudan,SDN,2019,709.975280761719,Sub-Saharan Africa 
Sudan,SDN,2018,731.027465820313,Sub-Saharan Africa 
Sudan,SDN,2017,966.505676269531,Sub-Saharan Africa 
Sudan,SDN,2016,1033.21594238281,Sub-Saharan Africa 
Sudan,SDN,2015,1292.37963867188,Sub-Saharan Africa 
Sudan,SDN,2014,1275.43835449219,Sub-Saharan Africa 
Sudan,SDN,2013,1138.62780761719,Sub-Saharan Africa 
Sudan,SDN,2012,1019.22210693359,Sub-Saharan Africa 
Sudan,SDN,2011,1332.6572265625,Sub-Saharan Africa 
Sudan,SDN,2010,1305.63598632813,Sub-Saharan Africa 
Sudan,SDN,2009,1178.22180175781,Sub-Saharan Africa 
Sudan,SDN,2008,1527.58239746094,Sub-Saharan Africa 
Sudan,SDN,2007,1444.37219238281,Sub-Saharan Africa 
Sudan,SDN,2006,1132.474609375,Sub-Saharan Africa 
Sudan,SDN,2005,905.543640136719,Sub-Saharan Africa 
Sudan,SDN,2004,705.113342285156,Sub-Saharan Africa 
Sudan,SDN,2003,580.320251464844,Sub-Saharan Africa 
Sudan,SDN,2002,506.262634277344,Sub-Saharan Africa 
Sudan,SDN,2001,451.293304443359,Sub-Saharan Africa 
Sudan,SDN,2000,362.116882324219,Sub-Saharan Africa 
Sudan,SDN,1999,324.659606933594,Sub-Saharan Africa 
Sudan,SDN,1998,350.702880859375,Sub-Saharan Africa 
Sudan,SDN,1997,373.09375,Sub-Saharan Africa 
Sudan,SDN,1996,294.826965332031,Sub-Saharan Africa 
Sudan,SDN,1995,462.585235595703,Sub-Saharan Africa 
Sudan,SDN,1994,439.420806884766,Sub-Saharan Africa 
Sudan,SDN,1993,312.693908691406,Sub-Saharan Africa 
Sudan,SDN,1992,252.610092163086,Sub-Saharan Africa 
Sudan,SDN,1991,1617.55676269531,Sub-Saharan Africa 
Sudan,SDN,1990,1257.1875,Sub-Saharan Africa 
Sudan,SDN,1989,814.267517089844,Sub-Saharan Africa 
Sudan,SDN,1988,553.07861328125,Sub-Saharan Africa 
Sudan,SDN,1987,471.1572265625,Sub-Saharan Africa 
Sudan,SDN,1986,400.333557128906,Sub-Saharan Africa 
Sudan,SDN,1985,326.402770996094,Sub-Saharan Africa 
Sudan,SDN,1984,429.993377685547,Sub-Saharan Africa 
Sudan,SDN,1983,346.221649169922,Sub-Saharan Africa 
Sudan,SDN,1982,378.945373535156,Sub-Saharan Africa 
Sudan,SDN,1981,483.802581787109,Sub-Saharan Africa 
Sudan,SDN,1980,418.348785400391,Sub-Saharan Africa 
Sudan,SDN,1979,408.899627685547,Sub-Saharan Africa 
Sudan,SDN,1978,410.072082519531,Sub-Saharan Africa 
Sudan,SDN,1977,392.399383544922,Sub-Saharan Africa 
Sudan,SDN,1976,325.185607910156,Sub-Saharan Africa 
Sudan,SDN,1975,269.652893066406,Sub-Saharan Africa 
Sudan,SDN,1974,228.787322998047,Sub-Saharan Africa 
Sudan,SDN,1973,184.524200439453,Sub-Saharan Africa 
Sudan,SDN,1972,154.511581420898,Sub-Saharan Africa 
Sudan,SDN,1971,146.931610107422,Sub-Saharan Africa 
Sudan,SDN,1970,139.038482666016,Sub-Saharan Africa 
Sudan,SDN,1969,125.984886169434,Sub-Saharan Africa 
Sudan,SDN,1968,117.824935913086,Sub-Saharan Africa 
Sudan,SDN,1967,116.241035461426,Sub-Saharan Africa 
Sudan,SDN,1966,110.502571105957,Sub-Saharan Africa 
Sudan,SDN,1965,110.889373779297,Sub-Saharan Africa 
Sudan,SDN,1964,109.650077819824,Sub-Saharan Africa 
Sudan,SDN,1963,109.939208984375,Sub-Saharan Africa 
Sudan,SDN,1962,111.213455200195,Sub-Saharan Africa 
Sudan,SDN,1961,105.313102722168,Sub-Saharan Africa 
Sudan,SDN,1960,99.7131195068359,Sub-Saharan Africa 
Suriname,SUR,2025,7069.87230892274,Latin America & Caribbean 
Suriname,SUR,2024,6961.78956060258,Latin America & Caribbean 
Suriname,SUR,2023,5521.97602122638,Latin America & Caribbean 
Suriname,SUR,2022,6084.43876736445,Latin America & Caribbean 
Suriname,SUR,2021,5029.84838543953,Latin America & Caribbean 
Suriname,SUR,2020,4755.39221710693,Latin America & Caribbean 
Suriname,SUR,2019,6629.66775248603,Latin America & Caribbean 
Suriname,SUR,2018,6665.74180472239,Latin America & Caribbean 
Suriname,SUR,2017,6049.52128553675,Latin America & Caribbean 
Suriname,SUR,2016,5644.2061057532,Latin America & Caribbean 
Suriname,SUR,2015,8813.61705392067,Latin America & Caribbean 
Suriname,SUR,2014,9108.18905406764,Latin America & Caribbean 
Suriname,SUR,2013,9043.19281529222,Latin America & Caribbean 
Suriname,SUR,2012,8851.24050668908,Latin America & Caribbean 
Suriname,SUR,2011,7949.88867218383,Latin America & Caribbean 
Suriname,SUR,2010,7943.60482816915,Latin America & Caribbean 
Suriname,SUR,2009,7129.5768626291,Latin America & Caribbean 
Suriname,SUR,2008,6576.08546307249,Latin America & Caribbean 
Suriname,SUR,2007,5530.17615638309,Latin America & Caribbean 
Suriname,SUR,2006,5002.65798695759,Latin America & Caribbean 
Suriname,SUR,2005,3453.42865937765,Latin America & Caribbean 
Suriname,SUR,2004,2887.7721728844,Latin America & Caribbean 
Suriname,SUR,2003,2516.10404020956,Latin America & Caribbean 
Suriname,SUR,2002,2202.340682196,Latin America & Caribbean 
Suriname,SUR,2001,1714.64846637242,Latin America & Caribbean 
Suriname,SUR,2000,1988.22172925433,Latin America & Caribbean 
Suriname,SUR,1999,1898.1801816053,Latin America & Caribbean 
Suriname,SUR,1998,2428.58641994202,Latin America & Caribbean 
Suriname,SUR,1997,2067.59814938391,Latin America & Caribbean 
Suriname,SUR,1996,1962.88495820295,Latin America & Caribbean 
Suriname,SUR,1995,1609.82504373206,Latin America & Caribbean 
Suriname,SUR,1994,1433.54255652781,Latin America & Caribbean 
Suriname,SUR,1993,1022.44583519896,Latin America & Caribbean 
Suriname,SUR,1992,968.895253466926,Latin America & Caribbean 
Suriname,SUR,1991,1079.72521342705,Latin America & Caribbean 
Suriname,SUR,1990,941.591736102188,Latin America & Caribbean 
Suriname,SUR,1989,1328.57013435061,Latin America & Caribbean 
Suriname,SUR,1988,2886.42980207694,Latin America & Caribbean 
Suriname,SUR,1987,2469.06737278634,Latin America & Caribbean 
Suriname,SUR,1986,2271.04733260266,Latin America & Caribbean 
Suriname,SUR,1985,2255.97717664327,Latin America & Caribbean 
Suriname,SUR,1984,2260.63794993629,Latin America & Caribbean 
Suriname,SUR,1983,2332.69790308016,Latin America & Caribbean 
Suriname,SUR,1982,2429.92391549707,Latin America & Caribbean 
Suriname,SUR,1981,2367.76851800063,Latin America & Caribbean 
Suriname,SUR,1980,2117.87083385503,Latin America & Caribbean 
Suriname,SUR,1979,2072.28775271317,Latin America & Caribbean 
Suriname,SUR,1978,1927.90601359888,Latin America & Caribbean 
Suriname,SUR,1977,1665.94384873282,Latin America & Caribbean 
Suriname,SUR,1976,1301.86536317022,Latin America & Caribbean 
Suriname,SUR,1975,1190.01968453614,Latin America & Caribbean 
Suriname,SUR,1974,1041.08454668306,Latin America & Caribbean 
Suriname,SUR,1973,857.69079166793,Latin America & Caribbean 
Suriname,SUR,1972,784.951674957789,Latin America & Caribbean 
Suriname,SUR,1971,767.990365675678,Latin America & Caribbean 
Suriname,SUR,1970,724.484901513275,Latin America & Caribbean 
Suriname,SUR,1969,707.674445225753,Latin America & Caribbean 
Suriname,SUR,1968,680.595348207639,Latin America & Caribbean 
Suriname,SUR,1967,644.042967325106,Latin America & Caribbean 
Suriname,SUR,1966,574.84107690217,Latin America & Caribbean 
Suriname,SUR,1965,481.71875,Latin America & Caribbean 
Suriname,SUR,1964,434.893751961714,Latin America & Caribbean 
Suriname,SUR,1963,424.025532430631,Latin America & Caribbean 
Suriname,SUR,1962,409.105638366818,Latin America & Caribbean 
Suriname,SUR,1961,394.80774658988,Latin America & Caribbean 
Suriname,SUR,1960,377.579399662016,Latin America & Caribbean 
Sweden,SWE,2025,63133.2126736715,Europe & Central Asia
Sweden,SWE,2024,57222.7100565003,Europe & Central Asia
Sweden,SWE,2023,54950.2834725622,Europe & Central Asia
Sweden,SWE,2022,54836.8907235124,Europe & Central Asia
Sweden,SWE,2021,60647.5416365347,Europe & Central Asia
Sweden,SWE,2020,52568.5726980146,Europe & Central Asia
Sweden,SWE,2019,51648.9892820514,Europe & Central Asia
Sweden,SWE,2018,54018.4554391861,Europe & Central Asia
Sweden,SWE,2017,53210.2233318965,Europe & Central Asia
Sweden,SWE,2016,51703.5088332851,Europe & Central Asia
Sweden,SWE,2015,51188.1652120493,Europe & Central Asia
Sweden,SWE,2014,59583.4584491714,Europe & Central Asia
Sweden,SWE,2013,60843.9888799369,Europe & Central Asia
Sweden,SWE,2012,57749.5615420853,Europe & Central Asia
Sweden,SWE,2011,60379.4814599322,Europe & Central Asia
Sweden,SWE,2010,52542.5759090299,Europe & Central Asia
Sweden,SWE,2009,46707.6425044751,Europe & Central Asia
Sweden,SWE,2008,55817.1759726485,Europe & Central Asia
Sweden,SWE,2007,53568.3057787832,Europe & Central Asia
Sweden,SWE,2006,46531.3762240485,Europe & Central Asia
Sweden,SWE,2005,43378.4077394363,Europe & Central Asia
Sweden,SWE,2004,42758.0048564929,Europe & Central Asia
Sweden,SWE,2003,37292.2419727801,Europe & Central Asia
Sweden,SWE,2002,29957.7776664916,Europe & Central Asia
Sweden,SWE,2001,27259.3174300217,Europe & Central Asia
Sweden,SWE,2000,29632.5890811623,Europe & Central Asia
Sweden,SWE,1999,30968.8710702052,Europe & Central Asia
Sweden,SWE,1998,30605.3669074811,Europe & Central Asia
Sweden,SWE,1997,30324.1845796306,Europe & Central Asia
Sweden,SWE,1996,33022.2444768661,Europe & Central Asia
Sweden,SWE,1995,30254.0273028727,Europe & Central Asia
Sweden,SWE,1994,26045.5196995275,Europe & Central Asia
Sweden,SWE,1993,24389.8738124128,Europe & Central Asia
Sweden,SWE,1992,32753.4287003642,Europe & Central Asia
Sweden,SWE,1991,31776.6680192213,Europe & Central Asia
Sweden,SWE,1990,30549.3185706762,Europe & Central Asia
Sweden,SWE,1989,25625.0162127747,Europe & Central Asia
Sweden,SWE,1988,24499.1240758517,Europe & Central Asia
Sweden,SWE,1987,21760.9646490625,Europe & Central Asia
Sweden,SWE,1986,17954.9510185679,Europe & Central Asia
Sweden,SWE,1985,13647.0439039697,Europe & Central Asia
Sweden,SWE,1984,13080.0302290066,Europe & Central Asia
Sweden,SWE,1983,12589.950077442,Europe & Central Asia
Sweden,SWE,1982,13719.0538964279,Europe & Central Asia
Sweden,SWE,1981,15563.8332773497,Europe & Central Asia
Sweden,SWE,1980,17073.0446711494,Europe & Central Asia
Sweden,SWE,1979,14855.5957561141,Europe & Central Asia
Sweden,SWE,1978,12602.2217238449,Europe & Central Asia
Sweden,SWE,1977,11432.0214920218,Europe & Central Asia
Sweden,SWE,1976,10852.5192441428,Europe & Central Asia
Sweden,SWE,1975,10102.6388909372,Europe & Central Asia
Sweden,SWE,1974,8078.18604272449,Europe & Central Asia
Sweden,SWE,1973,7290.6303239401,Europe & Central Asia
Sweden,SWE,1972,6018.39052977191,Europe & Central Asia
Sweden,SWE,1971,5125.27034757101,Europe & Central Asia
Sweden,SWE,1970,4729.35071602705,Europe & Central Asia
Sweden,SWE,1969,4262.92603293035,Europe & Central Asia
Sweden,SWE,1968,3953.08297234501,Europe & Central Asia
Sweden,SWE,1967,3746.2048797826,Europe & Central Asia
Sweden,SWE,1966,3477.89737890027,Europe & Central Asia
Sweden,SWE,1965,3227.87974049912,Europe & Central Asia
Sweden,SWE,1964,2961.02884624727,Europe & Central Asia
Sweden,SWE,1963,2675.07291656901,Europe & Central Asia
Sweden,SWE,1962,2485.46561781218,Europe & Central Asia
Sweden,SWE,1961,2304.47143531351,Europe & Central Asia
Sweden,SWE,1960,2128.36441205712,Europe & Central Asia
Switzerland,CHE,2025,114769.012314293,Europe & Central Asia
Switzerland,CHE,2024,107702.065940312,Europe & Central Asia
Switzerland,CHE,2023,104449.75451772,Europe & Central Asia
Switzerland,CHE,2022,97809.095567203,Europe & Central Asia
Switzerland,CHE,2021,96582.8687080693,Europe & Central Asia
Switzerland,CHE,2020,87529.7016394892,Europe & Central Asia
Switzerland,CHE,2019,85872.9702303454,Europe & Central Asia
Switzerland,CHE,2018,87002.3382293532,Europe & Central Asia
Switzerland,CHE,2017,83610.248611484,Europe & Central Asia
Switzerland,CHE,2016,83432.4111596314,Europe & Central Asia
Switzerland,CHE,2015,85265.06205193,Europe & Central Asia
Switzerland,CHE,2014,90511.6484558843,Europe & Central Asia
Switzerland,CHE,2013,88851.2374497983,Europe & Central Asia
Switzerland,CHE,2012,87269.5594780124,Europe & Central Asia
Switzerland,CHE,2011,91910.3964565203,Europe & Central Asia
Switzerland,CHE,2010,77956.1262043942,Europe & Central Asia
Switzerland,CHE,2009,72788.2049524379,Europe & Central Asia
Switzerland,CHE,2008,75147.5376709155,Europe & Central Asia
Switzerland,CHE,2007,66082.1233977532,Europe & Central Asia
Switzerland,CHE,2006,59910.293405504,Europe & Central Asia
Switzerland,CHE,2005,57080.0704338193,Europe & Central Asia
Switzerland,CHE,2004,55349.6164595028,Europe & Central Asia
Switzerland,CHE,2003,49947.3910175152,Europe & Central Asia
Switzerland,CHE,2002,43094.2492848494,Europe & Central Asia
Switzerland,CHE,2001,40133.6101965261,Europe & Central Asia
Switzerland,CHE,2000,39298.0968042444,Europe & Central Asia
Switzerland,CHE,1999,42260.8690492557,Europe & Central Asia
Switzerland,CHE,1998,43165.639648677,Europe & Central Asia
Switzerland,CHE,1997,42159.9962722039,Europe & Central Asia
Switzerland,CHE,1996,48837.8072568268,Europe & Central Asia
Switzerland,CHE,1995,50868.9734516769,Europe & Central Asia
Switzerland,CHE,1994,43741.1064805172,Europe & Central Asia
Switzerland,CHE,1993,39828.3640333356,Europe & Central Asia
Switzerland,CHE,1992,41327.1832947809,Europe & Central Asia
Switzerland,CHE,1991,40140.3718874038,Europe & Central Asia
Switzerland,CHE,1990,40170.8696758305,Europe & Central Asia
Switzerland,CHE,1989,31780.4259301316,Europe & Central Asia
Switzerland,CHE,1988,33183.0267583533,Europe & Central Asia
Switzerland,CHE,1987,30899.2043209944,Europe & Central Asia
Switzerland,CHE,1986,24828.4274790847,Europe & Central Asia
Switzerland,CHE,1985,17410.5515558783,Europe & Central Asia
Switzerland,CHE,1984,17247.2788344951,Europe & Central Asia
Switzerland,CHE,1983,18128.3445973503,Europe & Central Asia
Switzerland,CHE,1982,18271.2022643537,Europe & Central Asia
Switzerland,CHE,1981,17931.1995616883,Europe & Central Asia
Switzerland,CHE,1980,19686.1176580085,Europe & Central Asia
Switzerland,CHE,1979,18540.7939017858,Europe & Central Asia
Switzerland,CHE,1978,16527.5418872075,Europe & Central Asia
Switzerland,CHE,1977,11819.0992661464,Europe & Central Asia
Switzerland,CHE,1976,11028.6902695066,Europe & Central Asia
Switzerland,CHE,1975,10483.7383169758,Europe & Central Asia
Switzerland,CHE,1974,9140.4774820335,Europe & Central Asia
Switzerland,CHE,1973,7974.29599499321,Europe & Central Asia
Switzerland,CHE,1972,5973.4501067982,Europe & Central Asia
Switzerland,CHE,1971,4907.59287729073,Europe & Central Asia
Switzerland,CHE,1970,4105.36413250043,Europe & Central Asia
Switzerland,CHE,1969,3712.31667951881,Europe & Central Asia
Switzerland,CHE,1968,3464.929898863,Europe & Central Asia
Switzerland,CHE,1967,3286.0540740821,Europe & Central Asia
Switzerland,CHE,1966,3090.72694245252,Europe & Central Asia
Switzerland,CHE,1965,2908.41985216952,Europe & Central Asia
Switzerland,CHE,1964,2776.1414535837,Europe & Central Asia
Switzerland,CHE,1963,2546.27332990135,Europe & Central Asia
Switzerland,CHE,1962,2365.59424572722,Europe & Central Asia
Switzerland,CHE,1961,2187.92946234895,Europe & Central Asia
Switzerland,CHE,1960,1983.75994678387,Europe & Central Asia
Syrian Arab Republic,SYR,2022,1056.78264718197,"Middle East, North Africa, Afghanistan & Pakistan"
Syrian Arab Republic,SYR,2021,688.566109726934,"Middle East, North Africa, Afghanistan & Pakistan"
Syrian Arab Republic,SYR,2020,593.911771822527,"Middle East, North Africa, Afghanistan & Pakistan"
Syrian Arab Republic,SYR,2019,1109.53933821464,"Middle East, North Africa, Afghanistan & Pakistan"
Syrian Arab Republic,SYR,2018,1098.06667935023,"Middle East, North Africa, Afghanistan & Pakistan"
Syrian Arab Republic,SYR,2017,851.501972646386,"Middle East, North Africa, Afghanistan & Pakistan"
Syrian Arab Republic,SYR,2016,656.349017520952,"Middle East, North Africa, Afghanistan & Pakistan"
Syrian Arab Republic,SYR,2015,847.731545352582,"Middle East, North Africa, Afghanistan & Pakistan"
Syrian Arab Republic,SYR,2014,1060.59105887433,"Middle East, North Africa, Afghanistan & Pakistan"
Syrian Arab Republic,SYR,2013,985.892669221634,"Middle East, North Africa, Afghanistan & Pakistan"
Syrian Arab Republic,SYR,2012,1897.66115018696,"Middle East, North Africa, Afghanistan & Pakistan"
Syrian Arab Republic,SYR,2011,2952.14372909443,"Middle East, North Africa, Afghanistan & Pakistan"
Syrian Arab Republic,SYR,2010,2730.61487784917,"Middle East, North Africa, Afghanistan & Pakistan"
Syrian Arab Republic,SYR,2009,2462.20127278738,"Middle East, North Africa, Afghanistan & Pakistan"
Syrian Arab Republic,SYR,2008,2429.1247629459,"Middle East, North Africa, Afghanistan & Pakistan"
Syrian Arab Republic,SYR,2007,1937.61199094087,"Middle East, North Africa, Afghanistan & Pakistan"
Syrian Arab Republic,SYR,2006,1718.78469956591,"Middle East, North Africa, Afghanistan & Pakistan"
Syrian Arab Republic,SYR,2005,1533.90017615946,"Middle East, North Africa, Afghanistan & Pakistan"
Syrian Arab Republic,SYR,2004,1368.11263904001,"Middle East, North Africa, Afghanistan & Pakistan"
Syrian Arab Republic,SYR,2003,1220.179077256,"Middle East, North Africa, Afghanistan & Pakistan"
Syrian Arab Republic,SYR,2002,1189.98119453595,"Middle East, North Africa, Afghanistan & Pakistan"
Syrian Arab Republic,SYR,2001,1177.53806921268,"Middle East, North Africa, Afghanistan & Pakistan"
Syrian Arab Republic,SYR,2000,1138.18722723683,"Middle East, North Africa, Afghanistan & Pakistan"
Syrian Arab Republic,SYR,1999,978.17453169496,"Middle East, North Africa, Afghanistan & Pakistan"
Syrian Arab Republic,SYR,1998,960.837504927725,"Middle East, North Africa, Afghanistan & Pakistan"
Syrian Arab Republic,SYR,1997,940.826589804978,"Middle East, North Africa, Afghanistan & Pakistan"
Syrian Arab Republic,SYR,1996,918.195857362788,"Middle East, North Africa, Afghanistan & Pakistan"
Syrian Arab Republic,SYR,1995,779.699100153744,"Middle East, North Africa, Afghanistan & Pakistan"
Syrian Arab Republic,SYR,1994,712.387716635783,"Middle East, North Africa, Afghanistan & Pakistan"
Syrian Arab Republic,SYR,1993,992.771367475098,"Middle East, North Africa, Afghanistan & Pakistan"
Syrian Arab Republic,SYR,1992,990.138251191708,"Middle East, North Africa, Afghanistan & Pakistan"
Syrian Arab Republic,SYR,1991,1000.07798684947,"Middle East, North Africa, Afghanistan & Pakistan"
Syrian Arab Republic,SYR,1990,978.489616979607,"Middle East, North Africa, Afghanistan & Pakistan"
Syrian Arab Republic,SYR,1989,809.044028162459,"Middle East, North Africa, Afghanistan & Pakistan"
Syrian Arab Republic,SYR,1988,897.70876335774,"Middle East, North Africa, Afghanistan & Pakistan"
Syrian Arab Republic,SYR,1987,997.128134355135,"Middle East, North Africa, Afghanistan & Pakistan"
Syrian Arab Republic,SYR,1986,1208.16084262217,"Middle East, North Africa, Afghanistan & Pakistan"
Syrian Arab Republic,SYR,1985,1543.7649395519,"Middle East, North Africa, Afghanistan & Pakistan"
Syrian Arab Republic,SYR,1984,1706.21944810524,"Middle East, North Africa, Afghanistan & Pakistan"
Syrian Arab Republic,SYR,1983,1775.83203705709,"Middle East, North Africa, Afghanistan & Pakistan"
Syrian Arab Republic,SYR,1982,1702.68062491316,"Middle East, North Africa, Afghanistan & Pakistan"
Syrian Arab Republic,SYR,1981,1675.79747403807,"Middle East, North Africa, Afghanistan & Pakistan"
Syrian Arab Republic,SYR,1980,1458.23976434095,"Middle East, North Africa, Afghanistan & Pakistan"
Syrian Arab Republic,SYR,1979,1146.36179260974,"Middle East, North Africa, Afghanistan & Pakistan"
Syrian Arab Republic,SYR,1978,1107.78304477534,"Middle East, North Africa, Afghanistan & Pakistan"
Syrian Arab Republic,SYR,1977,951.240398587355,"Middle East, North Africa, Afghanistan & Pakistan"
Syrian Arab Republic,SYR,1976,976.48924016597,"Middle East, North Africa, Afghanistan & Pakistan"
Syrian Arab Republic,SYR,1975,903.713462066405,"Middle East, North Africa, Afghanistan & Pakistan"
Syrian Arab Republic,SYR,1974,706.579580221326,"Middle East, North Africa, Afghanistan & Pakistan"
Syrian Arab Republic,SYR,1973,458.830061186419,"Middle East, North Africa, Afghanistan & Pakistan"
Syrian Arab Republic,SYR,1972,448.237758556479,"Middle East, North Africa, Afghanistan & Pakistan"
Syrian Arab Republic,SYR,1971,392.515069525448,"Middle East, North Africa, Afghanistan & Pakistan"
Syrian Arab Republic,SYR,1970,335.451366800943,"Middle East, North Africa, Afghanistan & Pakistan"
Syrian Arab Republic,SYR,1969,363.554844445761,"Middle East, North Africa, Afghanistan & Pakistan"
Syrian Arab Republic,SYR,1968,293.330341001656,"Middle East, North Africa, Afghanistan & Pakistan"
Syrian Arab Republic,SYR,1967,272.914639434944,"Middle East, North Africa, Afghanistan & Pakistan"
Syrian Arab Republic,SYR,1966,239.30759595908,"Middle East, North Africa, Afghanistan & Pakistan"
Syrian Arab Republic,SYR,1965,270.830584796164,"Middle East, North Africa, Afghanistan & Pakistan"
Syrian Arab Republic,SYR,1964,254.217527062223,"Middle East, North Africa, Afghanistan & Pakistan"
Syrian Arab Republic,SYR,1963,234.899747591945,"Middle East, North Africa, Afghanistan & Pakistan"
Syrian Arab Republic,SYR,1962,223.934209140492,"Middle East, North Africa, Afghanistan & Pakistan"
Syrian Arab Republic,SYR,1961,196.293561633919,"Middle East, North Africa, Afghanistan & Pakistan"
Syrian Arab Republic,SYR,1960,183.525069735278,"Middle East, North Africa, Afghanistan & Pakistan"
Tajikistan,TJK,2025,1637.2542942547,Europe & Central Asia
Tajikistan,TJK,2024,1362.02559981695,Europe & Central Asia
Tajikistan,TJK,2023,1178.47990060249,Europe & Central Asia
Tajikistan,TJK,2022,1052.17949484894,Europe & Central Asia
Tajikistan,TJK,2021,896.748053372182,Europe & Central Asia
Tajikistan,TJK,2020,834.311715460625,Europe & Central Asia
Tajikistan,TJK,2019,871.022372934846,Europe & Central Asia
Tajikistan,TJK,2018,834.288404578801,Europe & Central Asia
Tajikistan,TJK,2017,829.45714764957,Europe & Central Asia
Tajikistan,TJK,2016,788.710481734485,Europe & Central Asia
Tajikistan,TJK,2015,956.916310930656,Europe & Central Asia
Tajikistan,TJK,2014,1081.54402932039,Europe & Central Asia
Tajikistan,TJK,2013,1028.19704279396,Europe & Central Asia
Tajikistan,TJK,2012,952.452819695469,Europe & Central Asia
Tajikistan,TJK,2011,833.601978202852,Europe & Central Asia
Tajikistan,TJK,2010,737.338883219356,Europe & Central Asia
Tajikistan,TJK,2009,664.795655734657,Europe & Central Asia
Tajikistan,TJK,2008,703.327375898643,Europe & Central Asia
Tajikistan,TJK,2007,516.997210618914,Europe & Central Asia
Tajikistan,TJK,2006,401.018403316427,Europe & Central Asia
Tajikistan,TJK,2005,333.927150941684,Europe & Central Asia
Tajikistan,TJK,2004,305.745158587502,Europe & Central Asia
Tajikistan,TJK,2003,233.58124845289,Europe & Central Asia
Tajikistan,TJK,2002,186.951638285222,Europe & Central Asia
Tajikistan,TJK,2001,168.676285365186,Europe & Central Asia
Tajikistan,TJK,2000,136.925716400723,Europe & Central Asia
Tajikistan,TJK,1999,175.023764735625,Europe & Central Asia
Tajikistan,TJK,1998,213.749145581577,Europe & Central Asia
Tajikistan,TJK,1997,150.088550171239,Europe & Central Asia
Tajikistan,TJK,1996,172.035088688368,Europe & Central Asia
Tajikistan,TJK,1995,207.034457343036,Europe & Central Asia
Tajikistan,TJK,1994,261.271254544865,Europe & Central Asia
Tajikistan,TJK,1993,287.620123754917,Europe & Central Asia
Tajikistan,TJK,1992,337.833145514813,Europe & Central Asia
Tajikistan,TJK,1991,457.767825924805,Europe & Central Asia
Tajikistan,TJK,1990,487.03612866309,Europe & Central Asia
Tanzania,TZA,2025,1318.81921386719,Sub-Saharan Africa 
Tanzania,TZA,2024,1192.60668945313,Sub-Saharan Africa 
Tanzania,TZA,2023,1224.00219726563,Sub-Saharan Africa 
Tanzania,TZA,2022,1207.52062988281,Sub-Saharan Africa 
Tanzania,TZA,2021,1159.85656738281,Sub-Saharan Africa 
Tanzania,TZA,2020,1117.41528320313,Sub-Saharan Africa 
Tanzania,TZA,2019,1063.32250976563,Sub-Saharan Africa 
Tanzania,TZA,2018,1023.10626220703,Sub-Saharan Africa 
Tanzania,TZA,2017,986.674011230469,Sub-Saharan Africa 
Tanzania,TZA,2016,953.0107421875,Sub-Saharan Africa 
Tanzania,TZA,2015,939.127319335938,Sub-Saharan Africa 
Tanzania,TZA,2014,1022.74841308594,Sub-Saharan Africa 
Tanzania,TZA,2013,963.05712890625,Sub-Saharan Africa 
Tanzania,TZA,2012,861.969909667969,Sub-Saharan Africa 
Tanzania,TZA,2011,775.392761230469,Sub-Saharan Africa 
Tanzania,TZA,2010,736.530151367188,Sub-Saharan Africa 
Tanzania,TZA,2009,693.823547363281,Sub-Saharan Africa 
Tanzania,TZA,2008,675.977233886719,Sub-Saharan Africa 
Tanzania,TZA,2007,543.198303222656,Sub-Saharan Africa 
Tanzania,TZA,2006,475.746734619141,Sub-Saharan Africa 
Tanzania,TZA,2005,483.334869384766,Sub-Saharan Africa 
Tanzania,TZA,2004,450.385284423828,Sub-Saharan Africa 
Tanzania,TZA,2003,422.18359375,Sub-Saharan Africa 
Tanzania,TZA,2002,402.649047851563,Sub-Saharan Africa 
Tanzania,TZA,2001,396.638732910156,Sub-Saharan Africa 
Tanzania,TZA,2000,401.698150634766,Sub-Saharan Africa 
Tanzania,TZA,1999,392.621765136719,Sub-Saharan Africa 
Tanzania,TZA,1998,386.378448486328,Sub-Saharan Africa 
Tanzania,TZA,1997,363.597686767578,Sub-Saharan Africa 
Tanzania,TZA,1996,313.658386230469,Sub-Saharan Africa 
Tanzania,TZA,1995,258.418334960938,Sub-Saharan Africa 
Tanzania,TZA,1994,228.890029907227,Sub-Saharan Africa 
Tanzania,TZA,1993,224.491546630859,Sub-Saharan Africa 
Tanzania,TZA,1992,250.329925537109,Sub-Saharan Africa 
Tanzania,TZA,1991,276.452453613281,Sub-Saharan Africa 
Tanzania,TZA,1990,243.611557006836,Sub-Saharan Africa 
Tanzania,TZA,1989,259.502227783203,Sub-Saharan Africa 
Tanzania,TZA,1988,307.50634765625,Sub-Saharan Africa 
Tanzania,TZA,1987,334.822784423828,Sub-Saharan Africa 
Tanzania,TZA,1986,479.281768798828,Sub-Saharan Africa 
Tanzania,TZA,1985,700.450073242188,Sub-Saharan Africa 
Tanzania,TZA,1984,609.331420898438,Sub-Saharan Africa 
Tanzania,TZA,1983,685.276489257813,Sub-Saharan Africa 
Tanzania,TZA,1982,701.959838867188,Sub-Saharan Africa 
Tanzania,TZA,1981,683.913269042969,Sub-Saharan Africa 
Tanzania,TZA,1980,611.211791992188,Sub-Saharan Africa 
Tanzania,TZA,1979,542.11474609375,Sub-Saharan Africa 
Tanzania,TZA,1978,529.603637695313,Sub-Saharan Africa 
Tanzania,TZA,1977,458.058349609375,Sub-Saharan Africa 
Tanzania,TZA,1976,397.542755126953,Sub-Saharan Africa 
Tanzania,TZA,1975,364.969940185547,Sub-Saharan Africa 
Tanzania,TZA,1974,328.783599853516,Sub-Saharan Africa 
Tanzania,TZA,1973,283.801849365234,Sub-Saharan Africa 
Tanzania,TZA,1972,246.546295166016,Sub-Saharan Africa 
Tanzania,TZA,1971,224.451416015625,Sub-Saharan Africa 
Tanzania,TZA,1970,217.235641479492,Sub-Saharan Africa 
Tanzania,TZA,1969,405.450805664063,Sub-Saharan Africa 
Tanzania,TZA,1968,399.301635742188,Sub-Saharan Africa 
Tanzania,TZA,1967,384.642944335938,Sub-Saharan Africa 
Tanzania,TZA,1966,380.497924804688,Sub-Saharan Africa 
Tanzania,TZA,1965,342.077941894531,Sub-Saharan Africa 
Tanzania,TZA,1964,346.301818847656,Sub-Saharan Africa 
Tanzania,TZA,1963,329.010589599609,Sub-Saharan Africa 
Tanzania,TZA,1962,303.997436523438,Sub-Saharan Africa 
Tanzania,TZA,1961,285.156799316406,Sub-Saharan Africa 
Tanzania,TZA,1960,275.296020507813,Sub-Saharan Africa 
Thailand,THA,2025,8056.56359761558,East Asia & Pacific
Thailand,THA,2024,7386.63615126055,East Asia & Pacific
Thailand,THA,2023,7210.54130832685,East Asia & Pacific
Thailand,THA,2022,6910.00995211206,East Asia & Pacific
Thailand,THA,2021,7055.18760721422,East Asia & Pacific
Thailand,THA,2020,6983.03412836245,East Asia & Pacific
Thailand,THA,2019,7605.69657797759,East Asia & Pacific
Thailand,THA,2018,7099.77650081458,East Asia & Pacific
Thailand,THA,2017,6413.09182530343,East Asia & Pacific
Thailand,THA,2016,5833.57715617098,East Asia & Pacific
Thailand,THA,2015,5688.85335397884,East Asia & Pacific
Thailand,THA,2014,5801.1978916205,East Asia & Pacific
Thailand,THA,2013,6018.08244729255,East Asia & Pacific
Thailand,THA,2012,5725.52802835463,East Asia & Pacific
Thailand,THA,2011,5373.6232832898,East Asia & Pacific
Thailand,THA,2010,4973.86288823778,East Asia & Pacific
Thailand,THA,2009,4135.43986952819,East Asia & Pacific
Thailand,THA,2008,4309.13509292986,East Asia & Pacific
Thailand,THA,2007,3918.52817434581,East Asia & Pacific
Thailand,THA,2006,3331.32043511773,East Asia & Pacific
Thailand,THA,2005,2867.70383436062,East Asia & Pacific
Thailand,THA,2004,2641.56268717857,East Asia & Pacific
Thailand,THA,2003,2347.54001286066,East Asia & Pacific
Thailand,THA,2002,2089.75183111554,East Asia & Pacific
Thailand,THA,2001,1889.93432467144,East Asia & Pacific
Thailand,THA,2000,2005.97694514234,East Asia & Pacific
Thailand,THA,1999,2033.24490520569,East Asia & Pacific
Thailand,THA,1998,1847.70379269771,East Asia & Pacific
Thailand,THA,1997,2473.14096982086,East Asia & Pacific
Thailand,THA,1996,3054.65690806473,East Asia & Pacific
Thailand,THA,1995,2864.36515719866,East Asia & Pacific
Thailand,THA,1994,2517.70732641683,East Asia & Pacific
Thailand,THA,1993,2245.13688708983,East Asia & Pacific
Thailand,THA,1992,1971.60879910694,East Asia & Pacific
Thailand,THA,1991,1765.62267359529,East Asia & Pacific
Thailand,THA,1990,1559.11209344755,East Asia & Pacific
Thailand,THA,1989,1341.72978395303,East Asia & Pacific
Thailand,THA,1988,1164.20096229495,East Asia & Pacific
Thailand,THA,1987,970.452522513385,East Asia & Pacific
Thailand,THA,1986,842.098436226451,East Asia & Pacific
Thailand,THA,1985,773.823923674613,East Asia & Pacific
Thailand,THA,1984,846.934168430884,East Asia & Pacific
Thailand,THA,1983,826.932302137698,East Asia & Pacific
Thailand,THA,1982,770.398953205891,East Asia & Pacific
Thailand,THA,1981,748.156726132308,East Asia & Pacific
Thailand,THA,1980,708.729450091584,East Asia & Pacific
Thailand,THA,1979,612.08876018577,East Asia & Pacific
Thailand,THA,1978,548.233113208345,East Asia & Pacific
Thailand,THA,1977,461.659141640678,East Asia & Pacific
Thailand,THA,1976,405.408734060752,East Asia & Pacific
Thailand,THA,1975,363.526350179478,East Asia & Pacific
Thailand,THA,1974,342.978897633446,East Asia & Pacific
Thailand,THA,1973,278.285062967675,East Asia & Pacific
Thailand,THA,1972,215.582022917854,East Asia & Pacific
Thailand,THA,1971,199.662201986255,East Asia & Pacific
Thailand,THA,1970,197.097903475424,East Asia & Pacific
Thailand,THA,1969,191.438734515692,East Asia & Pacific
Thailand,THA,1968,178.839752885801,East Asia & Pacific
Thailand,THA,1967,170.666971518706,East Asia & Pacific
Thailand,THA,1966,164.533414431069,East Asia & Pacific
Thailand,THA,1965,140.899873696781,East Asia & Pacific
Thailand,THA,1964,128.642226903734,East Asia & Pacific
Thailand,THA,1963,120.658598748696,East Asia & Pacific
Thailand,THA,1962,116.179493337844,East Asia & Pacific
Thailand,THA,1961,109.728794269464,East Asia & Pacific
Thailand,THA,1960,102.814571454958,East Asia & Pacific
Timor-Leste,TLS,2025,1340.9640193437,East Asia & Pacific
Timor-Leste,TLS,2024,1331.9705130185,East Asia & Pacific
Timor-Leste,TLS,2023,1502.4114958903,East Asia & Pacific
Timor-Leste,TLS,2022,2343.24955542816,East Asia & Pacific
Timor-Leste,TLS,2021,2684.92673717299,East Asia & Pacific
Timor-Leste,TLS,2020,1630.86935439232,East Asia & Pacific
Timor-Leste,TLS,2019,1562.36458881813,East Asia & Pacific
Timor-Leste,TLS,2018,1219.46598597604,East Asia & Pacific
Timor-Leste,TLS,2017,1266.17767952941,East Asia & Pacific
Timor-Leste,TLS,2016,1335.54390089814,East Asia & Pacific
Timor-Leste,TLS,2015,1319.59297370991,East Asia & Pacific
Timor-Leste,TLS,2014,1224.74957758801,East Asia & Pacific
Timor-Leste,TLS,2013,1204.56841532931,East Asia & Pacific
Timor-Leste,TLS,2012,1022.61903188429,East Asia & Pacific
Timor-Leste,TLS,2011,939.045241112693,East Asia & Pacific
Timor-Leste,TLS,2010,813.060177250597,East Asia & Pacific
Timor-Leste,TLS,2009,686.579295832381,East Asia & Pacific
Timor-Leste,TLS,2008,628.153219252849,East Asia & Pacific
Timor-Leste,TLS,2007,540.154584237662,East Asia & Pacific
Timor-Leste,TLS,2006,464.667001844159,East Asia & Pacific
Timor-Leste,TLS,2005,487.464555404292,East Asia & Pacific
Timor-Leste,TLS,2004,474.420767344689,East Asia & Pacific
Timor-Leste,TLS,2003,534.901153697657,East Asia & Pacific
Timor-Leste,TLS,2002,533.982476434866,East Asia & Pacific
Timor-Leste,TLS,2001,587.700692767858,East Asia & Pacific
Timor-Leste,TLS,2000,492.457669429651,East Asia & Pacific
Timor-Leste,TLS,1999,269.987312761397,East Asia & Pacific
Timor-Leste,TLS,1998,345.59090957317,East Asia & Pacific
Timor-Leste,TLS,1997,348.86424098109,East Asia & Pacific
Timor-Leste,TLS,1996,344.013327625123,East Asia & Pacific
Timor-Leste,TLS,1995,302.736982028369,East Asia & Pacific
Timor-Leste,TLS,1994,283.058000480762,East Asia & Pacific
Timor-Leste,TLS,1993,264.066994790836,East Asia & Pacific
Timor-Leste,TLS,1992,235.064767714477,East Asia & Pacific
Timor-Leste,TLS,1991,189.794649212749,East Asia & Pacific
Timor-Leste,TLS,1990,168.621010199317,East Asia & Pacific
Togo,TGO,2025,1383.89974929887,Sub-Saharan Africa 
Togo,TGO,2024,1266.08777721447,Sub-Saharan Africa 
Togo,TGO,2023,1182.32951436696,Sub-Saharan Africa 
Togo,TGO,2022,1071.61539220759,Sub-Saharan Africa 
Togo,TGO,2021,1076.29520076949,Sub-Saharan Africa 
Togo,TGO,2020,961.219781201934,Sub-Saharan Africa 
Togo,TGO,2019,917.718016777619,Sub-Saharan Africa 
Togo,TGO,2018,942.480774393154,Sub-Saharan Africa 
Togo,TGO,2017,872.076408845752,Sub-Saharan Africa 
Togo,TGO,2016,843.114204338675,Sub-Saharan Africa 
Togo,TGO,2015,813.894676975085,Sub-Saharan Africa 
Togo,TGO,2014,921.539748631461,Sub-Saharan Africa 
Togo,TGO,2013,885.698522723929,Sub-Saharan Africa 
Togo,TGO,2012,813.611525037432,Sub-Saharan Africa 
Togo,TGO,2011,834.14671980279,Sub-Saharan Africa 
Togo,TGO,2010,750.323421086121,Sub-Saharan Africa 
Togo,TGO,2009,770.172869777254,Sub-Saharan Africa 
Togo,TGO,2008,771.351190404751,Sub-Saharan Africa 
Togo,TGO,2007,654.083697666439,Sub-Saharan Africa 
Togo,TGO,2006,596.249203137762,Sub-Saharan Africa 
Togo,TGO,2005,595.200212014134,Sub-Saharan Africa 
Togo,TGO,2004,604.311329116751,Sub-Saharan Africa 
Togo,TGO,2003,579.728195854724,Sub-Saharan Africa 
Togo,TGO,2002,479.438373869587,Sub-Saharan Africa 
Togo,TGO,2001,426.883605884489,Sub-Saharan Africa 
Togo,TGO,2000,440.420399069497,Sub-Saharan Africa 
Togo,TGO,1999,477.217016566667,Sub-Saharan Africa 
Togo,TGO,1998,492.493381462559,Sub-Saharan Africa 
Togo,TGO,1997,476.890484883584,Sub-Saharan Africa 
Togo,TGO,1996,482.27462715388,Sub-Saharan Africa 
Togo,TGO,1995,449.85596910209,Sub-Saharan Africa 
Togo,TGO,1994,355.429579368426,Sub-Saharan Africa 
Togo,TGO,1993,448.033969931112,Sub-Saharan Africa 
Togo,TGO,1992,607.946006940374,Sub-Saharan Africa 
Togo,TGO,1991,591.939138361428,Sub-Saharan Africa 
Togo,TGO,1990,619.184841877398,Sub-Saharan Africa 
Togo,TGO,1989,529.714170208593,Sub-Saharan Africa 
Togo,TGO,1988,556.09976573928,Sub-Saharan Africa 
Togo,TGO,1987,519.18142138477,Sub-Saharan Africa 
Togo,TGO,1986,454.510025928692,Sub-Saharan Africa 
Togo,TGO,1985,337.014048169162,Sub-Saharan Africa 
Togo,TGO,1984,326.546681169977,Sub-Saharan Africa 
Togo,TGO,1983,356.531424888936,Sub-Saharan Africa 
Togo,TGO,1982,391.787096992045,Sub-Saharan Africa 
Togo,TGO,1981,471.976047235317,Sub-Saharan Africa 
Togo,TGO,1980,574.920225193386,Sub-Saharan Africa 
Togo,TGO,1979,463.966023357797,Sub-Saharan Africa 
Togo,TGO,1978,439.835706566761,Sub-Saharan Africa 
Togo,TGO,1977,424.884142466883,Sub-Saharan Africa 
Togo,TGO,1976,346.61611702864,Sub-Saharan Africa 
Togo,TGO,1975,353.836797732978,Sub-Saharan Africa 
Togo,TGO,1974,329.182274184227,Sub-Saharan Africa 
Togo,TGO,1973,244.840492887662,Sub-Saharan Africa 
Togo,TGO,1972,207.562328319841,Sub-Saharan Africa 
Togo,TGO,1971,182.2883269979,Sub-Saharan Africa 
Togo,TGO,1970,166.861793379275,Sub-Saharan Africa 
Togo,TGO,1969,185.029288995797,Sub-Saharan Africa 
Togo,TGO,1968,174.910439992564,Sub-Saharan Africa 
Togo,TGO,1967,171.069637256,Sub-Saharan Africa 
Togo,TGO,1966,162.919341838376,Sub-Saharan Africa 
Togo,TGO,1965,144.098515583253,Sub-Saharan Africa 
Togo,TGO,1964,130.360610675638,Sub-Saharan Africa 
Togo,TGO,1963,114.616211257053,Sub-Saharan Africa 
Togo,TGO,1962,107.761209503061,Sub-Saharan Africa 
Togo,TGO,1961,104.830748893841,Sub-Saharan Africa 
Togo,TGO,1960,102.238985564471,Sub-Saharan Africa 
Tonga,TON,2025,6547.18646814228,East Asia & Pacific
Tonga,TON,2024,6215.38990974121,East Asia & Pacific
Tonga,TON,2023,5651.59357939286,East Asia & Pacific
Tonga,TON,2022,5298.01942454298,East Asia & Pacific
Tonga,TON,2021,4922.8015864044,East Asia & Pacific
Tonga,TON,2020,4792.35872413906,East Asia & Pacific
Tonga,TON,2019,4788.83350468584,East Asia & Pacific
Tonga,TON,2018,4675.04776047973,East Asia & Pacific
Tonga,TON,2017,4365.92929788648,East Asia & Pacific
Tonga,TON,2016,3987.98618837043,East Asia & Pacific
Tonga,TON,2015,4123.90347238813,East Asia & Pacific
Tonga,TON,2014,4136.59010898445,East Asia & Pacific
Tonga,TON,2013,4219.24670113014,East Asia & Pacific
Tonga,TON,2012,4384.17058724217,East Asia & Pacific
Tonga,TON,2011,3849.99375750134,East Asia & Pacific
Tonga,TON,2010,3416.08356601207,East Asia & Pacific
Tonga,TON,2009,2914.23774004564,East Asia & Pacific
Tonga,TON,2008,3218.45303993196,East Asia & Pacific
Tonga,TON,2007,2797.06560109144,East Asia & Pacific
Tonga,TON,2006,2750.34778600857,East Asia & Pacific
Tonga,TON,2005,2477.72620144825,East Asia & Pacific
Tonga,TON,2004,2195.44890047673,East Asia & Pacific
Tonga,TON,2003,1936.04104012389,East Asia & Pacific
Tonga,TON,2002,1759.4805324576,East Asia & Pacific
Tonga,TON,2001,1753.51667576626,East Asia & Pacific
Tonga,TON,2000,1995.07667546271,East Asia & Pacific
Tonga,TON,1999,1952.14626248861,East Asia & Pacific
Tonga,TON,1998,1888.83194028282,East Asia & Pacific
Tonga,TON,1997,2135.52111086276,East Asia & Pacific
Tonga,TON,1996,2214.91474789811,East Asia & Pacific
Tonga,TON,1995,2084.02759539718,East Asia & Pacific
Tonga,TON,1994,1956.66180354821,East Asia & Pacific
Tonga,TON,1993,1383.47386584881,East Asia & Pacific
Tonga,TON,1992,1370.36142598699,East Asia & Pacific
Tonga,TON,1991,1323.40098550339,East Asia & Pacific
Tonga,TON,1990,1139.0553819198,East Asia & Pacific
Tonga,TON,1989,1069.83546760253,East Asia & Pacific
Tonga,TON,1988,1077.6835915018,East Asia & Pacific
Tonga,TON,1987,830.153019585043,East Asia & Pacific
Tonga,TON,1986,695.805077185729,East Asia & Pacific
Tonga,TON,1985,612.943575629463,East Asia & Pacific
Tonga,TON,1984,655.66235882708,East Asia & Pacific
Tonga,TON,1983,621.073531745178,East Asia & Pacific
Tonga,TON,1982,633.477863554833,East Asia & Pacific
Tonga,TON,1981,635.712889829014,East Asia & Pacific
Tonga,TON,1980,544.754241437563,East Asia & Pacific
Tonga,TON,1979,457.916448085709,East Asia & Pacific
Tonga,TON,1978,427.631287521076,East Asia & Pacific
Tonga,TON,1977,352.953092694597,East Asia & Pacific
Tonga,TON,1976,315.094854046623,East Asia & Pacific
Tonga,TON,1975,349.470975414391,East Asia & Pacific
Trinidad and Tobago,TTO,2025,18967.2704636681,Latin America & Caribbean 
Trinidad and Tobago,TTO,2024,18733.4110406494,Latin America & Caribbean 
Trinidad and Tobago,TTO,2023,18308.4536298575,Latin America & Caribbean 
Trinidad and Tobago,TTO,2022,20750.5202434652,Latin America & Caribbean 
Trinidad and Tobago,TTO,2021,17712.5674104655,Latin America & Caribbean 
Trinidad and Tobago,TTO,2020,15283.6270531554,Latin America & Caribbean 
Trinidad and Tobago,TTO,2019,17212.6128892163,Latin America & Caribbean 
Trinidad and Tobago,TTO,2018,17571.498737278,Latin America & Caribbean 
Trinidad and Tobago,TTO,2017,17566.0999700656,Latin America & Caribbean 
Trinidad and Tobago,TTO,2016,17449.1538801956,Latin America & Caribbean 
Trinidad and Tobago,TTO,2015,19887.2327716498,Latin America & Caribbean 
Trinidad and Tobago,TTO,2014,21908.3014555644,Latin America & Caribbean 
Trinidad and Tobago,TTO,2013,21304.9777496628,Latin America & Caribbean 
Trinidad and Tobago,TTO,2012,20332.1389531925,Latin America & Caribbean 
Trinidad and Tobago,TTO,2011,19151.0870229722,Latin America & Caribbean 
Trinidad and Tobago,TTO,2010,16815.424737361,Latin America & Caribbean 
Trinidad and Tobago,TTO,2009,14634.0565003912,Latin America & Caribbean 
Trinidad and Tobago,TTO,2008,21298.9945258063,Latin America & Caribbean 
Trinidad and Tobago,TTO,2007,16606.675360681,Latin America & Caribbean 
Trinidad and Tobago,TTO,2006,14152.6607422113,Latin America & Caribbean 
Trinidad and Tobago,TTO,2005,12346.4373094075,Latin America & Caribbean 
Trinidad and Tobago,TTO,2004,9871.03419820086,Latin America & Caribbean 
Trinidad and Tobago,TTO,2003,8445.04653518298,Latin America & Caribbean 
Trinidad and Tobago,TTO,2002,6762.93080808096,Latin America & Caribbean 
Trinidad and Tobago,TTO,2001,6657.41466937221,Latin America & Caribbean 
Trinidad and Tobago,TTO,2000,6178.58975559687,Latin America & Caribbean 
Trinidad and Tobago,TTO,1999,5179.08350809274,Latin America & Caribbean 
Trinidad and Tobago,TTO,1998,4612.70900312686,Latin America & Caribbean 
Trinidad and Tobago,TTO,1997,4393.94496943068,Latin America & Caribbean 
Trinidad and Tobago,TTO,1996,4427.27832448289,Latin America & Caribbean 
Trinidad and Tobago,TTO,1995,4114.68908475464,Latin America & Caribbean 
Trinidad and Tobago,TTO,1994,3839.96290233114,Latin America & Caribbean 
Trinidad and Tobago,TTO,1993,3646.71231742803,Latin America & Caribbean 
Trinidad and Tobago,TTO,1992,4277.47436935604,Latin America & Caribbean 
Trinidad and Tobago,TTO,1991,4205.37778348016,Latin America & Caribbean 
Trinidad and Tobago,TTO,1990,4047.25093594674,Latin America & Caribbean 
Trinidad and Tobago,TTO,1989,3481.84505761067,Latin America & Caribbean 
Trinidad and Tobago,TTO,1988,3655.81977035897,Latin America & Caribbean 
Trinidad and Tobago,TTO,1987,3941.12013972631,Latin America & Caribbean 
Trinidad and Tobago,TTO,1986,3984.99609719733,Latin America & Caribbean 
Trinidad and Tobago,TTO,1985,6212.00065299742,Latin America & Caribbean 
Trinidad and Tobago,TTO,1984,6613.11947420709,Latin America & Caribbean 
Trinidad and Tobago,TTO,1983,6689.80831238034,Latin America & Caribbean 
Trinidad and Tobago,TTO,1982,7091.40621892043,Latin America & Caribbean 
Trinidad and Tobago,TTO,1981,6159.70947284839,Latin America & Caribbean 
Trinidad and Tobago,TTO,1980,5559.05209507101,Latin America & Caribbean 
Trinidad and Tobago,TTO,1979,4155.1594201721,Latin America & Caribbean 
Trinidad and Tobago,TTO,1978,3258.0927567116,Latin America & Caribbean 
Trinidad and Tobago,TTO,1977,2907.3734770717,Latin America & Caribbean 
Trinidad and Tobago,TTO,1976,2344.93028321949,Latin America & Caribbean 
Trinidad and Tobago,TTO,1975,2318.69169815563,Latin America & Caribbean 
Trinidad and Tobago,TTO,1974,1962.02689234886,Latin America & Caribbean 
Trinidad and Tobago,TTO,1973,1273.3221357336,Latin America & Caribbean 
Trinidad and Tobago,TTO,1972,1067.46412567566,Latin America & Caribbean 
Trinidad and Tobago,TTO,1971,894.45305348288,Latin America & Caribbean 
Trinidad and Tobago,TTO,1970,828.919857464313,Latin America & Caribbean 
Trinidad and Tobago,TTO,1969,794.529655166788,Latin America & Caribbean 
Trinidad and Tobago,TTO,1968,783.173633599792,Latin America & Caribbean 
Trinidad and Tobago,TTO,1967,796.703860051473,Latin America & Caribbean 
Trinidad and Tobago,TTO,1966,767.537870840813,Latin America & Caribbean 
Trinidad and Tobago,TTO,1965,793.357738715678,Latin America & Caribbean 
Trinidad and Tobago,TTO,1964,779.766014894579,Latin America & Caribbean 
Trinidad and Tobago,TTO,1963,756.284906625836,Latin America & Caribbean 
Trinidad and Tobago,TTO,1962,703.620804079905,Latin America & Caribbean 
Trinidad and Tobago,TTO,1961,677.713824022157,Latin America & Caribbean 
Trinidad and Tobago,TTO,1960,633.975608394336,Latin America & Caribbean 
Tunisia,TUN,2025,4656.63818386852,"Middle East, North Africa, Afghanistan & Pakistan"
Tunisia,TUN,2024,4187.64079392362,"Middle East, North Africa, Afghanistan & Pakistan"
Tunisia,TUN,2023,3951.11683376921,"Middle East, North Africa, Afghanistan & Pakistan"
Tunisia,TUN,2022,3707.29283414381,"Middle East, North Africa, Afghanistan & Pakistan"
Tunisia,TUN,2021,3906.93926319391,"Middle East, North Africa, Afghanistan & Pakistan"
Tunisia,TUN,2020,3548.65363663803,"Middle East, North Africa, Afghanistan & Pakistan"
Tunisia,TUN,2019,3528.87213306798,"Middle East, North Africa, Afghanistan & Pakistan"
Tunisia,TUN,2018,3628.10366464236,"Middle East, North Africa, Afghanistan & Pakistan"
Tunisia,TUN,2017,3619.03247319953,"Middle East, North Africa, Afghanistan & Pakistan"
Tunisia,TUN,2016,3847.80354448809,"Middle East, North Africa, Afghanistan & Pakistan"
Tunisia,TUN,2015,4014.94773686432,"Middle East, North Africa, Afghanistan & Pakistan"
Tunisia,TUN,2014,4458.97895464547,"Middle East, North Africa, Afghanistan & Pakistan"
Tunisia,TUN,2013,4369.79345826358,"Middle East, North Africa, Afghanistan & Pakistan"
Tunisia,TUN,2012,4297.26782454273,"Middle East, North Africa, Afghanistan & Pakistan"
Tunisia,TUN,2011,4420.64772206537,"Middle East, North Africa, Afghanistan & Pakistan"
Tunisia,TUN,2010,4291.86120891575,"Middle East, North Africa, Afghanistan & Pakistan"
Tunisia,TUN,2009,4080.09032448781,"Middle East, North Africa, Afghanistan & Pakistan"
Tunisia,TUN,2008,4255.05008019523,"Middle East, North Africa, Afghanistan & Pakistan"
Tunisia,TUN,2007,3726.91672935667,"Middle East, North Africa, Afghanistan & Pakistan"
Tunisia,TUN,2006,3322.56933570096,"Middle East, North Africa, Afghanistan & Pakistan"
Tunisia,TUN,2005,3146.8260743927,"Middle East, North Africa, Afghanistan & Pakistan"
Tunisia,TUN,2004,3067.41936376975,"Middle East, North Africa, Afghanistan & Pakistan"
Tunisia,TUN,2003,2725.8643148859,"Middle East, North Africa, Afghanistan & Pakistan"
Tunisia,TUN,2002,2320.7723805785,"Middle East, North Africa, Afghanistan & Pakistan"
Tunisia,TUN,2001,2235.71981624751,"Middle East, North Africa, Afghanistan & Pakistan"
Tunisia,TUN,2000,2199.04465936314,"Middle East, North Africa, Afghanistan & Pakistan"
Tunisia,TUN,1999,2376.06566791596,"Middle East, North Africa, Afghanistan & Pakistan"
Tunisia,TUN,1998,2285.01933541864,"Middle East, North Africa, Afghanistan & Pakistan"
Tunisia,TUN,1997,2202.06090620956,"Middle East, North Africa, Afghanistan & Pakistan"
Tunisia,TUN,1996,2107.40815649257,"Middle East, North Africa, Afghanistan & Pakistan"
Tunisia,TUN,1995,1968.16600944373,"Middle East, North Africa, Afghanistan & Pakistan"
Tunisia,TUN,1994,1733.46614673506,"Middle East, North Africa, Afghanistan & Pakistan"
Tunisia,TUN,1993,1649.18537309075,"Middle East, North Africa, Afghanistan & Pakistan"
Tunisia,TUN,1992,1784.81850188268,"Middle East, North Africa, Afghanistan & Pakistan"
Tunisia,TUN,1991,1537.87916511306,"Middle East, North Africa, Afghanistan & Pakistan"
Tunisia,TUN,1990,1476.43160477311,"Middle East, North Africa, Afghanistan & Pakistan"
Tunisia,TUN,1989,1239.23860226784,"Middle East, North Africa, Afghanistan & Pakistan"
Tunisia,TUN,1988,1266.07583258953,"Middle East, North Africa, Afghanistan & Pakistan"
Tunisia,TUN,1987,1244.76663577347,"Middle East, North Africa, Afghanistan & Pakistan"
Tunisia,TUN,1986,1186.50651525734,"Middle East, North Africa, Afghanistan & Pakistan"
Tunisia,TUN,1985,1134.99813055736,"Middle East, North Africa, Afghanistan & Pakistan"
Tunisia,TUN,1984,1143.2812867658,"Middle East, North Africa, Afghanistan & Pakistan"
Tunisia,TUN,1983,1183.8417233031,"Middle East, North Africa, Afghanistan & Pakistan"
Tunisia,TUN,1982,1177.30518554913,"Middle East, North Africa, Afghanistan & Pakistan"
Tunisia,TUN,1981,1247.12801268551,"Middle East, North Africa, Afghanistan & Pakistan"
Tunisia,TUN,1980,1323.62643763339,"Middle East, North Africa, Afghanistan & Pakistan"
Tunisia,TUN,1979,1113.44445018775,"Middle East, North Africa, Afghanistan & Pakistan"
Tunisia,TUN,1978,945.964678061001,"Middle East, North Africa, Afghanistan & Pakistan"
Tunisia,TUN,1977,829.983963323177,"Middle East, North Africa, Afghanistan & Pakistan"
Tunisia,TUN,1976,751.741946408618,"Middle East, North Africa, Afghanistan & Pakistan"
Tunisia,TUN,1975,741.35491566103,"Middle East, North Africa, Afghanistan & Pakistan"
Tunisia,TUN,1974,623.75935280482,"Middle East, North Africa, Afghanistan & Pakistan"
Tunisia,TUN,1973,493.172121667472,"Middle East, North Africa, Afghanistan & Pakistan"
Tunisia,TUN,1972,414.626612581104,"Middle East, North Africa, Afghanistan & Pakistan"
Tunisia,TUN,1971,320.272102901124,"Middle East, North Africa, Afghanistan & Pakistan"
Tunisia,TUN,1970,280.476910228346,"Middle East, North Africa, Afghanistan & Pakistan"
Tunisia,TUN,1969,257.738832521682,"Middle East, North Africa, Afghanistan & Pakistan"
Tunisia,TUN,1968,248.91225549272,"Middle East, North Africa, Afghanistan & Pakistan"
Tunisia,TUN,1967,228.044765187406,"Middle East, North Africa, Afghanistan & Pakistan"
Tunisia,TUN,1966,223.750680246593,"Middle East, North Africa, Afghanistan & Pakistan"
Tunisia,TUN,1965,217.269013478937,"Middle East, North Africa, Afghanistan & Pakistan"
Tunisia,TUN,1964,228.484793689273,"Middle East, North Africa, Afghanistan & Pakistan"
Tunisia,TUN,1963,231.91940785127,"Middle East, North Africa, Afghanistan & Pakistan"
Tunisia,TUN,1962,201.419166932165,"Middle East, North Africa, Afghanistan & Pakistan"
Tunisia,TUN,1961,200.671835449762,"Middle East, North Africa, Afghanistan & Pakistan"
Turkiye,TUR,2025,18599.4420922378,Europe & Central Asia
Turkiye,TUR,2024,15892.7157287241,Europe & Central Asia
Turkiye,TUR,2023,13375.0947282864,Europe & Central Asia
Turkiye,TUR,2022,10897.8397861365,Europe & Central Asia
Turkiye,TUR,2021,9981.76398411336,Europe & Central Asia
Turkiye,TUR,2020,8798.11791709313,Europe & Central Asia
Turkiye,TUR,2019,9395.23378001368,Europe & Central Asia
Turkiye,TUR,2018,9684.11819884721,Europe & Central Asia
Turkiye,TUR,2017,10756.3877677883,Europe & Central Asia
Turkiye,TUR,2016,10984.3643169061,Europe & Central Asia
Turkiye,TUR,2015,11064.6494504662,Europe & Central Asia
Turkiye,TUR,2014,12209.3862327674,Europe & Central Asia
Turkiye,TUR,2013,12635.5570016068,Europe & Central Asia
Turkiye,TUR,2012,11776.7593362033,Europe & Central Asia
Turkiye,TUR,2011,11373.6355760885,Europe & Central Asia
Turkiye,TUR,2010,10698.9699409757,Europe & Central Asia
Turkiye,TUR,2009,9076.92472236977,Europe & Central Asia
Turkiye,TUR,2008,10913.4079047769,Europe & Central Asia
Turkiye,TUR,2007,9766.91734545294,Europe & Central Asia
Turkiye,TUR,2006,7990.08251407245,Europe & Central Asia
Turkiye,TUR,2005,7331.85429430255,Europe & Central Asia
Turkiye,TUR,2004,5979.6054216148,Europe & Central Asia
Turkiye,TUR,2003,4649.63668068586,Europe & Central Asia
Turkiye,TUR,2002,3591.08628982587,Europe & Central Asia
Turkiye,TUR,2001,3052.2256706793,Europe & Central Asia
Turkiye,TUR,2000,4199.3798635759,Europe & Central Asia
Turkiye,TUR,1999,3973.77763854116,Europe & Central Asia
Turkiye,TUR,1998,4331.02761275037,Europe & Central Asia
Turkiye,TUR,1997,4197.37636165642,Europe & Central Asia
Turkiye,TUR,1996,4041.36210281686,Europe & Central Asia
Turkiye,TUR,1995,3845.98997887841,Europe & Central Asia
Turkiye,TUR,1994,2176.2801813809,Europe & Central Asia
Turkiye,TUR,1993,3057.93737480422,Europe & Central Asia
Turkiye,TUR,1992,2743.65320297936,Europe & Central Asia
Turkiye,TUR,1991,2649.27259974439,Europe & Central Asia
Turkiye,TUR,1990,2689.52621921233,Europe & Central Asia
Turkiye,TUR,1989,1948.59179454794,Europe & Central Asia
Turkiye,TUR,1988,1685.69479240535,Europe & Central Asia
Turkiye,TUR,1987,1649.96264794402,Europe & Central Asia
Turkiye,TUR,1986,1461.49658654754,Europe & Central Asia
Turkiye,TUR,1985,1326.42701445307,Europe & Central Asia
Turkiye,TUR,1984,1209.05149383313,Europe & Central Asia
Turkiye,TUR,1983,1275.68337617131,Europe & Central Asia
Turkiye,TUR,1982,1360.23825219775,Europe & Central Asia
Turkiye,TUR,1981,1536.66562064101,Europe & Central Asia
Turkiye,TUR,1980,1515.64589850068,Europe & Central Asia
Turkiye,TUR,1979,2013.37374286503,Europe & Central Asia
Turkiye,TUR,1978,1510.18531064944,Europe & Central Asia
Turkiye,TUR,1977,1371.96185651463,Europe & Central Asia
Turkiye,TUR,1976,1227.92409658199,Europe & Central Asia
Turkiye,TUR,1975,1121.54326914976,Europe & Central Asia
Turkiye,TUR,1974,880.728167716848,Europe & Central Asia
Turkiye,TUR,1973,661.080821885172,Europe & Central Asia
Turkiye,TUR,1972,537.337529232528,Europe & Central Asia
Turkiye,TUR,1971,430.897259673783,Europe & Central Asia
Turkiye,TUR,1970,487.565086682435,Europe & Central Asia
Turkiye,TUR,1969,543.947401329478,Europe & Central Asia
Turkiye,TUR,1968,501.12130904111,Europe & Central Asia
Turkiye,TUR,1967,459.449369053159,Europe & Central Asia
Turkiye,TUR,1966,424.984610131778,Europe & Central Asia
Turkiye,TUR,1965,369.967082204625,Europe & Central Asia
Turkiye,TUR,1964,354.365541117168,Europe & Central Asia
Turkiye,TUR,1963,337.019856859205,Europe & Central Asia
Turkiye,TUR,1962,298.241020884883,Europe & Central Asia
Turkiye,TUR,1961,274.350890943262,Europe & Central Asia
Turkiye,TUR,1960,267.091207552765,Europe & Central Asia
Turkmenistan,TKM,2025,6540.17876401136,Europe & Central Asia
Turkmenistan,TKM,2024,5904.25772576512,Europe & Central Asia
Turkmenistan,TKM,2023,5298.46421949276,Europe & Central Asia
Turkmenistan,TKM,2022,5198.18947409551,Europe & Central Asia
Turkmenistan,TKM,2021,3713.20113171765,Europe & Central Asia
Turkmenistan,TKM,2020,3935.37749365223,Europe & Central Asia
Turkmenistan,TKM,2019,4365.1152919542,Europe & Central Asia
Turkmenistan,TKM,2018,3911.98557297865,Europe & Central Asia
Turkmenistan,TKM,2017,5125.54920055808,Europe & Central Asia
Turkmenistan,TKM,2016,5238.00827202546,Europe & Central Asia
Turkmenistan,TKM,2015,5759.497903834,Europe & Central Asia
Turkmenistan,TKM,2014,7164.14536184006,Europe & Central Asia
Turkmenistan,TKM,2013,6599.64529055481,Europe & Central Asia
Turkmenistan,TKM,2012,6053.8748468749,Europe & Central Asia
Turkmenistan,TKM,2011,5143.61929334647,Europe & Central Asia
Turkmenistan,TKM,2010,4058.53937000739,Europe & Central Asia
Turkmenistan,TKM,2009,3707.97850699617,Europe & Central Asia
Turkmenistan,TKM,2008,3605.50395120549,Europe & Central Asia
Turkmenistan,TKM,2007,2414.96071986964,Europe & Central Asia
Turkmenistan,TKM,2006,1996.59310717308,Europe & Central Asia
Turkmenistan,TKM,2005,1604.01618452312,Europe & Central Asia
Turkmenistan,TKM,2004,1379.23009682692,Europe & Central Asia
Turkmenistan,TKM,2003,1228.94870289404,Europe & Central Asia
Turkmenistan,TKM,2002,935.540801478466,Europe & Central Asia
Turkmenistan,TKM,2001,756.034976276398,Europe & Central Asia
Turkmenistan,TKM,2000,633.835487638011,Europe & Central Asia
Turkmenistan,TKM,1999,545.519003106054,Europe & Central Asia
Turkmenistan,TKM,1998,590.791293266381,Europe & Central Asia
Turkmenistan,TKM,1997,565.022638048501,Europe & Central Asia
Turkmenistan,TKM,1996,557.894220051334,Europe & Central Asia
Turkmenistan,TKM,1995,592.247247321132,Europe & Central Asia
Turkmenistan,TKM,1994,622.13478015809,Europe & Central Asia
Turkmenistan,TKM,1993,788.418914207107,Europe & Central Asia
Turkmenistan,TKM,1992,811.354156451902,Europe & Central Asia
Turkmenistan,TKM,1991,831.99873207474,Europe & Central Asia
Turkmenistan,TKM,1990,848.155047388424,Europe & Central Asia
Turkmenistan,TKM,1989,821.029864511916,Europe & Central Asia
Turkmenistan,TKM,1988,845.932942002334,Europe & Central Asia
Turkmenistan,TKM,1987,675.221678074412,Europe & Central Asia
Turks and Caicos Islands,TCA,2024,37506.7798431288,Latin America & Caribbean 
Turks and Caicos Islands,TCA,2023,35470.2151608295,Latin America & Caribbean 
Turks and Caicos Islands,TCA,2022,31280.5418020808,Latin America & Caribbean 
Turks and Caicos Islands,TCA,2021,27329.2885087196,Latin America & Caribbean 
Turks and Caicos Islands,TCA,2020,20690.9160546118,Latin America & Caribbean 
Turks and Caicos Islands,TCA,2019,31780.5217068989,Latin America & Caribbean 
Turks and Caicos Islands,TCA,2018,31625.616593277,Latin America & Caribbean 
Turks and Caicos Islands,TCA,2017,30014.2309523213,Latin America & Caribbean 
Turks and Caicos Islands,TCA,2016,31373.5612684327,Latin America & Caribbean 
Turks and Caicos Islands,TCA,2015,29457.0140691162,Latin America & Caribbean 
Turks and Caicos Islands,TCA,2014,27292.5820256776,Latin America & Caribbean 
Turks and Caicos Islands,TCA,2013,25653.819867471,Latin America & Caribbean 
Turks and Caicos Islands,TCA,2012,25923.6156503875,Latin America & Caribbean 
Turks and Caicos Islands,TCA,2011,27327.4006354146,Latin America & Caribbean 
Turks and Caicos Islands,TCA,2010,23093.8498268267,Latin America & Caribbean 
Turks and Caicos Islands,TCA,2009,24596.8938015951,Latin America & Caribbean 
Turks and Caicos Islands,TCA,2008,31453.8228752689,Latin America & Caribbean 
Turks and Caicos Islands,TCA,2007,29443.8523030072,Latin America & Caribbean 
Turks and Caicos Islands,TCA,2006,28734.2873064523,Latin America & Caribbean 
Turks and Caicos Islands,TCA,2005,24122.3028180757,Latin America & Caribbean 
Turks and Caicos Islands,TCA,2004,21246.00980049,Latin America & Caribbean 
Turks and Caicos Islands,TCA,2003,18859.1890274773,Latin America & Caribbean 
Turks and Caicos Islands,TCA,2002,17803.9471767733,Latin America & Caribbean 
Turks and Caicos Islands,TCA,2001,18325.7458111974,Latin America & Caribbean 
Tuvalu,TUV,2025,6041.44908591428,East Asia & Pacific
Tuvalu,TUV,2024,5883.50257114002,East Asia & Pacific
Tuvalu,TUV,2023,5143.8397437226,East Asia & Pacific
Tuvalu,TUV,2022,5414.74642912412,East Asia & Pacific
Tuvalu,TUV,2021,6042.51983141155,East Asia & Pacific
Tuvalu,TUV,2020,5029.57159284173,East Asia & Pacific
Tuvalu,TUV,2019,5058.85266607659,East Asia & Pacific
Tuvalu,TUV,2018,4467.21144027065,East Asia & Pacific
Tuvalu,TUV,2017,4166.79162422818,East Asia & Pacific
Tuvalu,TUV,2016,3779.15293916285,East Asia & Pacific
Tuvalu,TUV,2015,3352.66722400181,East Asia & Pacific
Tuvalu,TUV,2014,3518.13249227107,East Asia & Pacific
Tuvalu,TUV,2013,3524.00277634143,East Asia & Pacific
Tuvalu,TUV,2012,3558.89749224226,East Asia & Pacific
Tuvalu,TUV,2011,3679.5325726267,East Asia & Pacific
Tuvalu,TUV,2010,3054.96154183353,East Asia & Pacific
Tuvalu,TUV,2009,2662.42865634448,East Asia & Pacific
Tuvalu,TUV,2008,3062.00125965971,East Asia & Pacific
Tuvalu,TUV,2007,2803.75365477849,East Asia & Pacific
Tuvalu,TUV,2006,2413.97836453913,East Asia & Pacific
Tuvalu,TUV,2005,2298.44257265761,East Asia & Pacific
Tuvalu,TUV,2004,2330.77403351989,East Asia & Pacific
Tuvalu,TUV,2003,2020.10103886055,East Asia & Pacific
Tuvalu,TUV,2002,1729.16968588975,East Asia & Pacific
Tuvalu,TUV,2001,1475.03705936258,East Asia & Pacific
Tuvalu,TUV,2000,1559.22072281826,East Asia & Pacific
Tuvalu,TUV,1999,1558.60396569869,East Asia & Pacific
Tuvalu,TUV,1998,1459.64937141718,East Asia & Pacific
Tuvalu,TUV,1997,1461.08618049276,East Asia & Pacific
Tuvalu,TUV,1996,1427.80960501753,East Asia & Pacific
Tuvalu,TUV,1995,1284.76446104166,East Asia & Pacific
Tuvalu,TUV,1994,1278.65870076399,East Asia & Pacific
Tuvalu,TUV,1993,1141.17904410247,East Asia & Pacific
Tuvalu,TUV,1992,1165.63710360353,East Asia & Pacific
Tuvalu,TUV,1991,1134.33175551477,East Asia & Pacific
Tuvalu,TUV,1990,1084.66707221699,East Asia & Pacific
Tuvalu,TUV,1989,976.047477175313,East Asia & Pacific
Tuvalu,TUV,1988,823.087505442833,East Asia & Pacific
Tuvalu,TUV,1987,599.750746530394,East Asia & Pacific
Tuvalu,TUV,1986,556.736790985481,East Asia & Pacific
Tuvalu,TUV,1985,480.095933768573,East Asia & Pacific
Tuvalu,TUV,1984,567.195381239419,East Asia & Pacific
Tuvalu,TUV,1983,533.130094256608,East Asia & Pacific
Tuvalu,TUV,1982,537.440652615639,East Asia & Pacific
Tuvalu,TUV,1981,634.203764501491,East Asia & Pacific
Tuvalu,TUV,1980,571.0192959143,East Asia & Pacific
Tuvalu,TUV,1979,565.932549315669,East Asia & Pacific
Tuvalu,TUV,1978,546.037352781083,East Asia & Pacific
Tuvalu,TUV,1977,548.821356812662,East Asia & Pacific
Tuvalu,TUV,1976,611.972553080204,East Asia & Pacific
Tuvalu,TUV,1975,656.326312583979,East Asia & Pacific
Tuvalu,TUV,1974,708.060574746717,East Asia & Pacific
Tuvalu,TUV,1973,600.583601271126,East Asia & Pacific
Tuvalu,TUV,1972,521.514044962269,East Asia & Pacific
Tuvalu,TUV,1971,477.922530255047,East Asia & Pacific
Tuvalu,TUV,1970,456.640627603398,East Asia & Pacific
Uganda,UGA,2025,1206.30450825002,Sub-Saharan Africa 
Uganda,UGA,2024,1077.91278438613,Sub-Saharan Africa 
Uganda,UGA,2023,1002.30913917142,Sub-Saharan Africa 
Uganda,UGA,2022,963.067314117178,Sub-Saharan Africa 
Uganda,UGA,2021,882.791717542504,Sub-Saharan Africa 
Uganda,UGA,2020,845.766463890124,Sub-Saharan Africa 
Uganda,UGA,2019,822.171150036357,Sub-Saharan Africa 
Uganda,UGA,2018,792.16570022814,Sub-Saharan Africa 
Uganda,UGA,2017,765.218332297361,Sub-Saharan Africa 
Uganda,UGA,2016,752.696571725656,Sub-Saharan Africa 
Uganda,UGA,2015,862.934610355811,Sub-Saharan Africa 
Uganda,UGA,2014,896.054795546394,Sub-Saharan Africa 
Uganda,UGA,2013,818.285427416713,Sub-Saharan Africa 
Uganda,UGA,2012,795.222867553127,Sub-Saharan Africa 
Uganda,UGA,2011,835.620060555838,Sub-Saharan Africa 
Uganda,UGA,2010,823.488144282,Sub-Saharan Africa 
Uganda,UGA,2009,798.947089938247,Sub-Saharan Africa 
Uganda,UGA,2008,472.842681495852,Sub-Saharan Africa 
Uganda,UGA,2007,401.389130865581,Sub-Saharan Africa 
Uganda,UGA,2006,346.518255310647,Sub-Saharan Africa 
Uganda,UGA,2005,330.405402707025,Sub-Saharan Africa 
Uganda,UGA,2004,292.38185796262,Sub-Saharan Africa 
Uganda,UGA,2003,250.71543664681,Sub-Saharan Africa 
Uganda,UGA,2002,241.984688408335,Sub-Saharan Africa 
Uganda,UGA,2001,236.021188853993,Sub-Saharan Africa 
Uganda,UGA,2000,258.050338731086,Sub-Saharan Africa 
Uganda,UGA,1999,257.921949601357,Sub-Saharan Africa 
Uganda,UGA,1998,292.453037058835,Sub-Saharan Africa 
Uganda,UGA,1997,286.846637912964,Sub-Saharan Africa 
Uganda,UGA,1996,284.698259285733,Sub-Saharan Africa 
Uganda,UGA,1995,278.520835668767,Sub-Saharan Africa 
Uganda,UGA,1994,198.441987998795,Sub-Saharan Africa 
Uganda,UGA,1993,165.616476211716,Sub-Saharan Africa 
Uganda,UGA,1992,152.113542415537,Sub-Saharan Africa 
Uganda,UGA,1991,182.955897348348,Sub-Saharan Africa 
Uganda,UGA,1990,244.987168126806,Sub-Saharan Africa 
Uganda,UGA,1989,310.186025249445,Sub-Saharan Africa 
Uganda,UGA,1988,395.187660960924,Sub-Saharan Africa 
Uganda,UGA,1987,392.97074320479,Sub-Saharan Africa 
Uganda,UGA,1986,253.643058810817,Sub-Saharan Africa 
Uganda,UGA,1985,234.276502777526,Sub-Saharan Africa 
Uganda,UGA,1984,247.516937638636,Sub-Saharan Africa 
Uganda,UGA,1983,157.527216922525,Sub-Saharan Africa 
Uganda,UGA,1982,156.952422909331,Sub-Saharan Africa 
Uganda,UGA,1981,98.6467550654109,Sub-Saharan Africa 
Uganda,UGA,1980,93.7506991135184,Sub-Saharan Africa 
Uganda,UGA,1979,164.513012181127,Sub-Saharan Africa 
Uganda,UGA,1978,190.690145097606,Sub-Saharan Africa 
Uganda,UGA,1977,237.584889064205,Sub-Saharan Africa 
Uganda,UGA,1976,203.309813650809,Sub-Saharan Africa 
Uganda,UGA,1975,201.237292844799,Sub-Saharan Africa 
Uganda,UGA,1974,183.71757196626,Sub-Saharan Africa 
Uganda,UGA,1973,152.709417587824,Sub-Saharan Africa 
Uganda,UGA,1972,136.964736487473,Sub-Saharan Africa 
Uganda,UGA,1971,133.468088316131,Sub-Saharan Africa 
Uganda,UGA,1970,122.030929585629,Sub-Saharan Africa 
Uganda,UGA,1969,116.682296330854,Sub-Saharan Africa 
Uganda,UGA,1968,106.851228104531,Sub-Saharan Africa 
Uganda,UGA,1967,102.80034732844,Sub-Saharan Africa 
Uganda,UGA,1966,101.435414620908,Sub-Saharan Africa 
Uganda,UGA,1965,99.9527652325075,Sub-Saharan Africa 
Uganda,UGA,1964,68.6259930194368,Sub-Saharan Africa 
Uganda,UGA,1963,61.9553768191835,Sub-Saharan Africa 
Uganda,UGA,1962,55.5048704604887,Sub-Saharan Africa 
Uganda,UGA,1961,56.1759278091596,Sub-Saharan Africa 
Uganda,UGA,1960,55.3784976132181,Sub-Saharan Africa 
Ukraine,UKR,2025,5865.884765625,Europe & Central Asia
Ukraine,UKR,2024,5391.62255859375,Europe & Central Asia
Ukraine,UKR,2023,5139.59814453125,Europe & Central Asia
Ukraine,UKR,2022,4199.6708984375,Europe & Central Asia
Ukraine,UKR,2021,4775.94580078125,Europe & Central Asia
Ukraine,UKR,2020,3709.76928710938,Europe & Central Asia
Ukraine,UKR,2019,3619.86157226563,Europe & Central Asia
Ukraine,UKR,2018,3059.0517578125,Europe & Central Asia
Ukraine,UKR,2017,2604.28759765625,Europe & Central Asia
Ukraine,UKR,2016,2158.46118164063,Europe & Central Asia
Ukraine,UKR,2015,2094.47387695313,Europe & Central Asia
Ukraine,UKR,2014,3054.908203125,Europe & Central Asia
Ukraine,UKR,2013,4129.89697265625,Europe & Central Asia
Ukraine,UKR,2012,3951.34228515625,Europe & Central Asia
Ukraine,UKR,2011,3656.69799804688,Europe & Central Asia
Ukraine,UKR,2010,3039.63232421875,Europe & Central Asia
Ukraine,UKR,2009,2607.08764648438,Europe & Central Asia
Ukraine,UKR,2008,4017.806640625,Europe & Central Asia
Ukraine,UKR,2007,3160.32763671875,Europe & Central Asia
Ukraine,UKR,2006,2366.494140625,Europe & Central Asia
Ukraine,UKR,2005,1875.33508300781,Europe & Central Asia
Ukraine,UKR,2004,1401.01806640625,Europe & Central Asia
Ukraine,UKR,2003,1076.48156738281,Europe & Central Asia
Ukraine,UKR,2002,903.011901855469,Europe & Central Asia
Ukraine,UKR,2001,800.49072265625,Europe & Central Asia
Ukraine,UKR,2000,653.294311523438,Europe & Central Asia
Ukraine,UKR,1999,631.910461425781,Europe & Central Asia
Ukraine,UKR,1998,831.336791992188,Europe & Central Asia
Ukraine,UKR,1997,987.489807128906,Europe & Central Asia
Ukraine,UKR,1996,869.846069335938,Europe & Central Asia
Ukraine,UKR,1995,933.191772460938,Europe & Central Asia
Ukraine,UKR,1994,1009.09405517578,Europe & Central Asia
Ukraine,UKR,1993,1254.02868652344,Europe & Central Asia
Ukraine,UKR,1992,1413.24011230469,Europe & Central Asia
Ukraine,UKR,1991,1482.6396484375,Europe & Central Asia
Ukraine,UKR,1990,1563.63415527344,Europe & Central Asia
Ukraine,UKR,1989,1593.07861328125,Europe & Central Asia
Ukraine,UKR,1988,1444.248046875,Europe & Central Asia
Ukraine,UKR,1987,1244.04125976563,Europe & Central Asia
United Arab Emirates,ARE,2024,50273.5126243239,"Middle East, North Africa, Afghanistan & Pakistan"
United Arab Emirates,ARE,2023,49850.6945082084,"Middle East, North Africa, Afghanistan & Pakistan"
United Arab Emirates,ARE,2022,50759.7590190204,"Middle East, North Africa, Afghanistan & Pakistan"
United Arab Emirates,ARE,2021,44118.4936214315,"Middle East, North Africa, Afghanistan & Pakistan"
United Arab Emirates,ARE,2020,37991.738387966,"Middle East, North Africa, Afghanistan & Pakistan"
United Arab Emirates,ARE,2019,45938.6084572227,"Middle East, North Africa, Afghanistan & Pakistan"
United Arab Emirates,ARE,2018,47135.3478795605,"Middle East, North Africa, Afghanistan & Pakistan"
United Arab Emirates,ARE,2017,43733.6242018215,"Middle East, North Africa, Afghanistan & Pakistan"
United Arab Emirates,ARE,2016,42721.1136110991,"Middle East, North Africa, Afghanistan & Pakistan"
United Arab Emirates,ARE,2015,44910.3458860776,"Middle East, North Africa, Afghanistan & Pakistan"
United Arab Emirates,ARE,2014,52725.2307981936,"Middle East, North Africa, Afghanistan & Pakistan"
United Arab Emirates,ARE,2013,53247.2278745159,"Middle East, North Africa, Afghanistan & Pakistan"
United Arab Emirates,ARE,2012,53141.6251661086,"Middle East, North Africa, Afghanistan & Pakistan"
United Arab Emirates,ARE,2011,51921.8890746408,"Middle East, North Africa, Afghanistan & Pakistan"
United Arab Emirates,ARE,2010,44795.2846234991,"Middle East, North Africa, Afghanistan & Pakistan"
United Arab Emirates,ARE,2009,37803.0663737818,"Middle East, North Africa, Afghanistan & Pakistan"
United Arab Emirates,ARE,2008,50054.1700685968,"Middle East, North Africa, Afghanistan & Pakistan"
United Arab Emirates,ARE,2007,45854.7352436978,"Middle East, North Africa, Afghanistan & Pakistan"
United Arab Emirates,ARE,2006,44342.603055045,"Middle East, North Africa, Afghanistan & Pakistan"
United Arab Emirates,ARE,2005,38719.3138285388,"Middle East, North Africa, Afghanistan & Pakistan"
United Arab Emirates,ARE,2004,33376.6880534412,"Middle East, North Africa, Afghanistan & Pakistan"
United Arab Emirates,ARE,2003,29659.5710296993,"Middle East, North Africa, Afghanistan & Pakistan"
United Arab Emirates,ARE,2002,27753.5810466782,"Middle East, North Africa, Afghanistan & Pakistan"
United Arab Emirates,ARE,2001,27745.1684523079,"Middle East, North Africa, Afghanistan & Pakistan"
United Arab Emirates,ARE,2000,29865.5285002232,"Middle East, North Africa, Afghanistan & Pakistan"
United Arab Emirates,ARE,1999,25855.8379155488,"Middle East, North Africa, Afghanistan & Pakistan"
United Arab Emirates,ARE,1998,24889.4426807231,"Middle East, North Africa, Afghanistan & Pakistan"
United Arab Emirates,ARE,1997,27982.752550093,"Middle East, North Africa, Afghanistan & Pakistan"
United Arab Emirates,ARE,1996,28323.1586889615,"Middle East, North Africa, Afghanistan & Pakistan"
United Arab Emirates,ARE,1995,27003.1753753727,"Middle East, North Africa, Afghanistan & Pakistan"
United Arab Emirates,ARE,1994,25472.6470660889,"Middle East, North Africa, Afghanistan & Pakistan"
United Arab Emirates,ARE,1993,25032.8269272198,"Middle East, North Africa, Afghanistan & Pakistan"
United Arab Emirates,ARE,1992,25648.2807476605,"Middle East, North Africa, Afghanistan & Pakistan"
United Arab Emirates,ARE,1991,25690.9151233865,"Middle East, North Africa, Afghanistan & Pakistan"
United Arab Emirates,ARE,1990,26709.9567949611,"Middle East, North Africa, Afghanistan & Pakistan"
United Arab Emirates,ARE,1989,23166.7140459133,"Middle East, North Africa, Afghanistan & Pakistan"
United Arab Emirates,ARE,1988,21569.6710149303,"Middle East, North Africa, Afghanistan & Pakistan"
United Arab Emirates,ARE,1987,23112.5558111632,"Middle East, North Africa, Afghanistan & Pakistan"
United Arab Emirates,ARE,1986,23132.0442453994,"Middle East, North Africa, Afghanistan & Pakistan"
United Arab Emirates,ARE,1985,29467.5280764905,"Middle East, North Africa, Afghanistan & Pakistan"
United Arab Emirates,ARE,1984,32012.2967090452,"Middle East, North Africa, Afghanistan & Pakistan"
United Arab Emirates,ARE,1983,34650.0446364828,"Middle East, North Africa, Afghanistan & Pakistan"
United Arab Emirates,ARE,1982,39972.4918171729,"Middle East, North Africa, Afghanistan & Pakistan"
United Arab Emirates,ARE,1981,44854.5234553512,"Middle East, North Africa, Afghanistan & Pakistan"
United Arab Emirates,ARE,1980,42925.208420888,"Middle East, North Africa, Afghanistan & Pakistan"
United Arab Emirates,ARE,1979,34238.1739475153,"Middle East, North Africa, Afghanistan & Pakistan"
United Arab Emirates,ARE,1978,29379.0712926859,"Middle East, North Africa, Afghanistan & Pakistan"
United Arab Emirates,ARE,1977,35020.1986905139,"Middle East, North Africa, Afghanistan & Pakistan"
United Arab Emirates,ARE,1976,31197.0663668344,"Middle East, North Africa, Afghanistan & Pakistan"
United Arab Emirates,ARE,1975,27117.1912424652,"Middle East, North Africa, Afghanistan & Pakistan"
United Arab Emirates,ARE,1974,23822.9715560307,"Middle East, North Africa, Afghanistan & Pakistan"
United Arab Emirates,ARE,1973,9695.81418807304,"Middle East, North Africa, Afghanistan & Pakistan"
United Arab Emirates,ARE,1972,3675.41681419534,"Middle East, North Africa, Afghanistan & Pakistan"
United Arab Emirates,ARE,1971,2805.42642722587,"Middle East, North Africa, Afghanistan & Pakistan"
United Arab Emirates,ARE,1970,2394.06811471055,"Middle East, North Africa, Afghanistan & Pakistan"
United Kingdom,GBR,2025,57601.9621201954,Europe & Central Asia
United Kingdom,GBR,2024,53341.3131094262,Europe & Central Asia
United Kingdom,GBR,2023,49919.6896621586,Europe & Central Asia
United Kingdom,GBR,2022,47034.7795621476,Europe & Central Asia
United Kingdom,GBR,2021,47695.6491523474,Europe & Central Asia
United Kingdom,GBR,2020,40815.1255364787,Europe & Central Asia
United Kingdom,GBR,2019,43160.6843971799,Europe & Central Asia
United Kingdom,GBR,2018,43704.3162296687,Europe & Central Asia
United Kingdom,GBR,2017,40918.0520870944,Europe & Central Asia
United Kingdom,GBR,2016,41258.5374285695,Europe & Central Asia
United Kingdom,GBR,2015,45256.040227057,Europe & Central Asia
United Kingdom,GBR,2014,47746.9810645521,Europe & Central Asia
United Kingdom,GBR,2013,43607.6636827371,Europe & Central Asia
United Kingdom,GBR,2012,42688.3263728372,Europe & Central Asia
United Kingdom,GBR,2011,42295.9273835322,Europe & Central Asia
United Kingdom,GBR,2010,39778.3220528565,Europe & Central Asia
United Kingdom,GBR,2009,39009.3715547821,Europe & Central Asia
United Kingdom,GBR,2008,47652.4030691881,Europe & Central Asia
United Kingdom,GBR,2007,50629.0799172887,Europe & Central Asia
United Kingdom,GBR,2006,44695.161023424,Europe & Central Asia
United Kingdom,GBR,2005,42240.2462987547,Europe & Central Asia
United Kingdom,GBR,2004,40504.4118103928,Europe & Central Asia
United Kingdom,GBR,2003,34556.7726095905,Europe & Central Asia
United Kingdom,GBR,2002,30158.7017807858,Europe & Central Asia
United Kingdom,GBR,2001,28013.8729635508,Europe & Central Asia
United Kingdom,GBR,2000,28383.8761094996,Europe & Central Asia
United Kingdom,GBR,1999,28858.0065333126,Europe & Central Asia
United Kingdom,GBR,1998,28396.3523548013,Europe & Central Asia
United Kingdom,GBR,1997,26910.1381529902,Europe & Central Asia
United Kingdom,GBR,1996,24503.3829602903,Europe & Central Asia
United Kingdom,GBR,1995,23252.6157127423,Europe & Central Asia
United Kingdom,GBR,1994,19709.2380983653,Europe & Central Asia
United Kingdom,GBR,1993,18389.0195675099,Europe & Central Asia
United Kingdom,GBR,1992,20487.1707852878,Europe & Central Asia
United Kingdom,GBR,1991,19900.7266505069,Europe & Central Asia
United Kingdom,GBR,1990,19095.4669984608,Europe & Central Asia
United Kingdom,GBR,1989,16239.2821960944,Europe & Central Asia
United Kingdom,GBR,1988,15987.1680775688,Europe & Central Asia
United Kingdom,GBR,1987,13118.586534629,Europe & Central Asia
United Kingdom,GBR,1986,10611.112210096,Europe & Central Asia
United Kingdom,GBR,1985,8652.21654247593,Europe & Central Asia
United Kingdom,GBR,1984,8179.19444064991,Europe & Central Asia
United Kingdom,GBR,1983,8691.51881306514,Europe & Central Asia
United Kingdom,GBR,1982,9146.07735701852,Europe & Central Asia
United Kingdom,GBR,1981,9599.30622221965,Europe & Central Asia
United Kingdom,GBR,1980,10032.062080015,Europe & Central Asia
United Kingdom,GBR,1979,7804.76208051155,Europe & Central Asia
United Kingdom,GBR,1978,5976.93816899991,Europe & Central Asia
United Kingdom,GBR,1977,4681.43993173038,Europe & Central Asia
United Kingdom,GBR,1976,4138.16778761535,Europe & Central Asia
United Kingdom,GBR,1975,4299.74561799284,Europe & Central Asia
United Kingdom,GBR,1974,3665.8627976419,Europe & Central Asia
United Kingdom,GBR,1973,3426.27622050378,Europe & Central Asia
United Kingdom,GBR,1972,3030.43251411977,Europe & Central Asia
United Kingdom,GBR,1971,2649.80151387223,Europe & Central Asia
United Kingdom,GBR,1970,2347.54431773747,Europe & Central Asia
United Kingdom,GBR,1969,2100.66786858672,Europe & Central Asia
United Kingdom,GBR,1968,1951.75859587532,Europe & Central Asia
United Kingdom,GBR,1967,2058.78188198056,Europe & Central Asia
United Kingdom,GBR,1966,1986.74715869685,Europe & Central Asia
United Kingdom,GBR,1965,1873.56777435421,Europe & Central Asia
United Kingdom,GBR,1964,1748.2881176141,Europe & Central Asia
United Kingdom,GBR,1963,1613.45688373392,Europe & Central Asia
United Kingdom,GBR,1962,1525.77585271032,Europe & Central Asia
United Kingdom,GBR,1961,1472.38571407868,Europe & Central Asia
United Kingdom,GBR,1960,1397.5948032844,Europe & Central Asia
United States,USA,2025,90026.5163005744,North America
United States,USA,2024,86169.6641581917,North America
United States,USA,2023,82586.7847707894,North America
United States,USA,2022,78008.6895811877,North America
United States,USA,2021,71441.2319805947,North America
United States,USA,2020,64465.2971415748,North America
United States,USA,2019,65227.9565911038,North America
United States,USA,2018,62875.6661382728,North America
United States,USA,2017,60047.7190728307,North America
United States,USA,2016,57976.628204291,North America
United States,USA,2015,56849.4697923159,North America
United States,USA,2014,55153.3940182967,North America
United States,USA,2013,53297.3862901595,North America
United States,USA,2012,51708.3940614082,North America
United States,USA,2011,50024.8812320773,North America
United States,USA,2010,48642.6312088213,North America
United States,USA,2009,47194.9500893872,North America
United States,USA,2008,48570.0594269601,North America
United States,USA,2007,48050.227412195,North America
United States,USA,2006,46301.9876485519,North America
United States,USA,2005,44123.3996470026,North America
United States,USA,2004,41724.6411982614,North America
United States,USA,2003,39490.3023903176,North America
United States,USA,2002,37997.7424300242,North America
United States,USA,2001,37133.6203973517,North America
United States,USA,2000,36329.9702595751,North America
United States,USA,1999,34515.3813073394,North America
United States,USA,1998,32853.6725949234,North America
United States,USA,1997,31459.1299691554,North America
United States,USA,1996,29967.7127181749,North America
United States,USA,1995,28690.8757013347,North America
United States,USA,1994,27694.853416234,North America
United States,USA,1993,26387.2937338171,North America
United States,USA,1992,25418.9907763319,North America
United States,USA,1991,24342.2589048189,North America
United States,USA,1990,23888.6000088133,North America
United States,USA,1989,22857.1544330056,North America
United States,USA,1988,21417.0119305191,North America
United States,USA,1987,20038.9410992658,North America
United States,USA,1986,19071.2271949295,North America
United States,USA,1985,18236.8277265009,North America
United States,USA,1984,17121.2254849995,North America
United States,USA,1983,15543.8937174925,North America
United States,USA,1982,14433.787727053,North America
United States,USA,1981,13976.10539252,North America
United States,USA,1980,12574.7915062163,North America
United States,USA,1979,11674.1818666548,North America
United States,USA,1978,10564.9482220275,North America
United States,USA,1977,9452.57651914511,North America
United States,USA,1976,8592.25353727612,North America
United States,USA,1975,7801.45666356443,North America
United States,USA,1974,7225.69135952566,North America
United States,USA,1973,6726.35895596695,North America
United States,USA,1972,6094.01798986165,North America
United States,USA,1971,5609.38259952519,North America
United States,USA,1970,5234.2966662115,North America
United States,USA,1969,5019.99818634473,North America
United States,USA,1968,4684.58840293763,North America
United States,USA,1967,4325.95935063186,North America
United States,USA,1966,4136.30829579106,North America
United States,USA,1965,3818.28825117968,North America
United States,USA,1964,3565.31443016356,North America
United States,USA,1963,3366.36978960346,North America
United States,USA,1962,3236.01311150062,North America
United States,USA,1961,3059.16082086127,North America
United States,USA,1960,2999.86487154495,North America
Uruguay,URY,2025,25215.8238152781,Latin America & Caribbean 
Uruguay,URY,2024,24308.4954958447,Latin America & Caribbean 
Uruguay,URY,2023,23378.6399733516,Latin America & Caribbean 
Uruguay,URY,2022,21009.2883798725,Latin America & Caribbean 
Uruguay,URY,2021,17881.8119616753,Latin America & Caribbean 
Uruguay,URY,2020,15757.5341990356,Latin America & Caribbean 
Uruguay,URY,2019,18315.7350377437,Latin America & Caribbean 
Uruguay,URY,2018,19249.9404677501,Latin America & Caribbean 
Uruguay,URY,2017,19184.6626114272,Latin America & Caribbean 
Uruguay,URY,2016,17009.7584207276,Latin America & Caribbean 
Uruguay,URY,2015,17125.9016800298,Latin America & Caribbean 
Uruguay,URY,2014,18322.4276767157,Latin America & Caribbean 
Uruguay,URY,2013,18335.2594772322,Latin America & Caribbean 
Uruguay,URY,2012,16259.5940814256,Latin America & Caribbean 
Uruguay,URY,2011,15132.2675725587,Latin America & Caribbean 
Uruguay,URY,2010,12641.0576849008,Latin America & Caribbean 
Uruguay,URY,2009,9881.39573127081,Latin America & Caribbean 
Uruguay,URY,2008,9423.96562595893,Latin America & Caribbean 
Uruguay,URY,2007,7222.05403645877,Latin America & Caribbean 
Uruguay,URY,2006,6001.33294783172,Latin America & Caribbean 
Uruguay,URY,2005,5284.25677987129,Latin America & Caribbean 
Uruguay,URY,2004,4168.66065438387,Latin America & Caribbean 
Uruguay,URY,2003,3671.12329256883,Latin America & Caribbean 
Uruguay,URY,2002,4149.76140312687,Latin America & Caribbean 
Uruguay,URY,2001,6382.76104740859,Latin America & Caribbean 
Uruguay,URY,2000,6987.70098766257,Latin America & Caribbean 
Uruguay,URY,1999,7370.56995453931,Latin America & Caribbean 
Uruguay,URY,1998,7836.89183322307,Latin America & Caribbean 
Uruguay,URY,1997,7436.29342620682,Latin America & Caribbean 
Uruguay,URY,1996,6398.43575184095,Latin America & Caribbean 
Uruguay,URY,1995,6050.48632253644,Latin America & Caribbean 
Uruguay,URY,1994,5507.56481300056,Latin America & Caribbean 
Uruguay,URY,1993,4753.00924682647,Latin America & Caribbean 
Uruguay,URY,1992,4101.71054155291,Latin America & Caribbean 
Uruguay,URY,1991,3589.01541942634,Latin America & Caribbean 
Uruguay,URY,1990,2995.36105663465,Latin America & Caribbean 
Uruguay,URY,1989,2734.36623871535,Latin America & Caribbean 
Uruguay,URY,1988,2677.19777690993,Latin America & Caribbean 
Uruguay,URY,1987,2415.6541994875,Latin America & Caribbean 
Uruguay,URY,1986,1938.8108486947,Latin America & Caribbean 
Uruguay,URY,1985,1568.43216486363,Latin America & Caribbean 
Uruguay,URY,1984,1615.40647277136,Latin America & Caribbean 
Uruguay,URY,1983,1707.14462849135,Latin America & Caribbean 
Uruguay,URY,1982,3084.79407002174,Latin America & Caribbean 
Uruguay,URY,1981,3728.4455696996,Latin America & Caribbean 
Uruguay,URY,1980,3442.81230620351,Latin America & Caribbean 
Uruguay,URY,1979,2442.65957894266,Latin America & Caribbean 
Uruguay,URY,1978,1678.30925622568,Latin America & Caribbean 
Uruguay,URY,1977,1414.23789985403,Latin America & Caribbean 
Uruguay,URY,1976,1268.30303240921,Latin America & Caribbean 
Uruguay,URY,1975,1231.85370953179,Latin America & Caribbean 
Uruguay,URY,1974,1433.17797475063,Latin America & Caribbean 
Uruguay,URY,1973,1397.28960304383,Latin America & Caribbean 
Uruguay,URY,1972,775.937251050835,Latin America & Caribbean 
Uruguay,URY,1971,1000.28365412257,Latin America & Caribbean 
Uruguay,URY,1970,765.763011986694,Latin America & Caribbean 
Uruguay,URY,1969,722.586254907569,Latin America & Caribbean 
Uruguay,URY,1968,578.548868536136,Latin America & Caribbean 
Uruguay,URY,1967,584.75530449369,Latin America & Caribbean 
Uruguay,URY,1966,668.17637665776,Latin America & Caribbean 
Uruguay,URY,1965,705.202527526694,Latin America & Caribbean 
Uruguay,URY,1964,744.654270146069,Latin America & Caribbean 
Uruguay,URY,1963,586.821191669431,Latin America & Caribbean 
Uruguay,URY,1962,659.393716891716,Latin America & Caribbean 
Uruguay,URY,1961,603.966513233705,Latin America & Caribbean 
Uruguay,URY,1960,491.031760304596,Latin America & Caribbean 
Uzbekistan,UZB,2025,3968.2720079072,Europe & Central Asia
Uzbekistan,UZB,2024,3337.45492058664,Europe & Central Asia
Uzbekistan,UZB,2023,3015.97705069457,Europe & Central Asia
Uzbekistan,UZB,2022,2698.60262953369,Europe & Central Asia
Uzbekistan,UZB,2021,2370.36480555669,Europe & Central Asia
Uzbekistan,UZB,2020,2087.96374711792,Europe & Central Asia
Uzbekistan,UZB,2019,2128.66067138334,Europe & Central Asia
Uzbekistan,UZB,2018,1894.09088741408,Europe & Central Asia
Uzbekistan,UZB,2017,2271.4730109511,Europe & Central Asia
Uzbekistan,UZB,2016,3128.42307170099,Europe & Central Asia
Uzbekistan,UZB,2015,3172.89899391083,Europe & Central Asia
Uzbekistan,UZB,2014,3021.00331668049,Europe & Central Asia
Uzbekistan,UZB,2013,2781.38869470315,Europe & Central Asia
Uzbekistan,UZB,2012,2573.95586785056,Europe & Central Asia
Uzbekistan,UZB,2011,2338.55462817306,Europe & Central Asia
Uzbekistan,UZB,2010,1956.78127255673,Europe & Central Asia
Uzbekistan,UZB,2009,1205.7993547038,Europe & Central Asia
Uzbekistan,UZB,2008,1074.72928796701,Europe & Central Asia
Uzbekistan,UZB,2007,824.028192334768,Europe & Central Asia
Uzbekistan,UZB,2006,649.118167003925,Europe & Central Asia
Uzbekistan,UZB,2005,542.835808692209,Europe & Central Asia
Uzbekistan,UZB,2004,462.171492867885,Europe & Central Asia
Uzbekistan,UZB,2003,394.164028897235,Europe & Central Asia
Uzbekistan,UZB,2002,381.409296889283,Europe & Central Asia
Uzbekistan,UZB,2001,454.415812256778,Europe & Central Asia
Uzbekistan,UZB,2000,555.149231099186,Europe & Central Asia
Uzbekistan,UZB,1999,697.763539790812,Europe & Central Asia
Uzbekistan,UZB,1998,621.048904301242,Europe & Central Asia
Uzbekistan,UZB,1997,620.59129581366,Europe & Central Asia
Uzbekistan,UZB,1996,597.33228695111,Europe & Central Asia
Uzbekistan,UZB,1995,582.54213674034,Europe & Central Asia
Uzbekistan,UZB,1994,574.229079896619,Europe & Central Asia
Uzbekistan,UZB,1993,595.777099596612,Europe & Central Asia
Uzbekistan,UZB,1992,602.920525827048,Europe & Central Asia
Uzbekistan,UZB,1991,658.313550528068,Europe & Central Asia
Uzbekistan,UZB,1990,652.9376529256,Europe & Central Asia
Uzbekistan,UZB,1989,598.123131680436,Europe & Central Asia
Uzbekistan,UZB,1988,550.999615085024,Europe & Central Asia
Uzbekistan,UZB,1987,450.244536476152,Europe & Central Asia
Vanuatu,VUT,2025,4038.73520713411,East Asia & Pacific
Vanuatu,VUT,2024,3959.87703462363,East Asia & Pacific
Vanuatu,VUT,2023,3708.18942411253,East Asia & Pacific
Vanuatu,VUT,2022,3679.53524327491,East Asia & Pacific
Vanuatu,VUT,2021,3576.13770954363,East Asia & Pacific
Vanuatu,VUT,2020,3404.30359167624,East Asia & Pacific
Vanuatu,VUT,2019,3635.62344878185,East Asia & Pacific
Vanuatu,VUT,2018,3626.18862522473,East Asia & Pacific
Vanuatu,VUT,2017,3585.31798081216,East Asia & Pacific
Vanuatu,VUT,2016,3339.83436471043,East Asia & Pacific
Vanuatu,VUT,2015,3214.41948587141,East Asia & Pacific
Vanuatu,VUT,2014,3378.36411965135,East Asia & Pacific
Vanuatu,VUT,2013,3392.56675091682,East Asia & Pacific
Vanuatu,VUT,2012,3004.78416664293,East Asia & Pacific
Vanuatu,VUT,2011,3163.1861645138,East Asia & Pacific
Vanuatu,VUT,2010,2815.18828985779,East Asia & Pacific
Vanuatu,VUT,2009,2546.38324565986,East Asia & Pacific
Vanuatu,VUT,2008,2603.60883136724,East Asia & Pacific
Vanuatu,VUT,2007,2333.70506748914,East Asia & Pacific
Vanuatu,VUT,2006,2034.79289624351,East Asia & Pacific
Vanuatu,VUT,2005,1873.99142640619,East Asia & Pacific
Vanuatu,VUT,2004,1774.31867585894,East Asia & Pacific
Vanuatu,VUT,2003,1566.51396790858,East Asia & Pacific
Vanuatu,VUT,2002,1340.71537528287,East Asia & Pacific
Vanuatu,VUT,2001,1350.18338238522,East Asia & Pacific
Vanuatu,VUT,2000,1460.23817692229,East Asia & Pacific
Vanuatu,VUT,1999,1472.17751741462,East Asia & Pacific
Vanuatu,VUT,1998,1470.97189048658,East Asia & Pacific
Vanuatu,VUT,1997,1562.03090670153,East Asia & Pacific
Vanuatu,VUT,1996,1529.27573115021,East Asia & Pacific
Vanuatu,VUT,1995,1491.78967004617,East Asia & Pacific
Vanuatu,VUT,1994,1430.99367776483,East Asia & Pacific
Vanuatu,VUT,1993,1257.29387486656,East Asia & Pacific
Vanuatu,VUT,1992,1343.68942861831,East Asia & Pacific
Vanuatu,VUT,1991,1326.37321256212,East Asia & Pacific
Vanuatu,VUT,1990,1140.59020311724,East Asia & Pacific
Vanuatu,VUT,1989,1066.62512806351,East Asia & Pacific
Vanuatu,VUT,1988,1125.00616977712,East Asia & Pacific
Vanuatu,VUT,1987,1016.59904763078,East Asia & Pacific
Vanuatu,VUT,1986,945.998619022206,East Asia & Pacific
Vanuatu,VUT,1985,1011.51017753831,East Asia & Pacific
Vanuatu,VUT,1984,1136.68202384045,East Asia & Pacific
Vanuatu,VUT,1983,946.705222595573,East Asia & Pacific
Vanuatu,VUT,1982,946.023154648384,East Asia & Pacific
Vanuatu,VUT,1981,962.222055354043,East Asia & Pacific
Vanuatu,VUT,1980,1047.77362587983,East Asia & Pacific
Vanuatu,VUT,1979,1055.01446687478,East Asia & Pacific
"Venezuela, RB",VEN,2025,3494.8138870244,Latin America & Caribbean 
"Venezuela, RB",VEN,2024,4244.45723136019,Latin America & Caribbean 
"Venezuela, RB",VEN,2023,3617.47038396528,Latin America & Caribbean 
"Venezuela, RB",VEN,2022,3155.04190923584,Latin America & Caribbean 
"Venezuela, RB",VEN,2021,2004.93572921136,Latin America & Caribbean 
"Venezuela, RB",VEN,2020,1506.04169391285,Latin America & Caribbean 
"Venezuela, RB",VEN,2019,2523.11527549578,Latin America & Caribbean 
"Venezuela, RB",VEN,2018,3421.51341607593,Latin America & Caribbean 
"Venezuela, RB",VEN,2017,3791.63262049576,Latin America & Caribbean 
"Venezuela, RB",VEN,2016,3671.23004093383,Latin America & Caribbean 
"Venezuela, RB",VEN,2015,4096.61989137473,Latin America & Caribbean 
"Venezuela, RB",VEN,2014,7101.15006382986,Latin America & Caribbean 
"Venezuela, RB",VEN,2013,8642.37380007027,Latin America & Caribbean 
"Venezuela, RB",VEN,2012,12582.0125686037,Latin America & Caribbean 
"Venezuela, RB",VEN,2011,10843.9229703167,Latin America & Caribbean 
"Venezuela, RB",VEN,2010,13646.3046622664,Latin America & Caribbean 
"Venezuela, RB",VEN,2009,11596.6021921731,Latin America & Caribbean 
"Venezuela, RB",VEN,2008,11262.4514256759,Latin America & Caribbean 
"Venezuela, RB",VEN,2007,8331.62096991844,Latin America & Caribbean 
"Venezuela, RB",VEN,2006,6739.38065342218,Latin America & Caribbean 
"Venezuela, RB",VEN,2005,5432.4854184654,Latin America & Caribbean 
"Venezuela, RB",VEN,2004,4269.08970872392,Latin America & Caribbean 
"Venezuela, RB",VEN,2003,3229.50557082079,Latin America & Caribbean 
"Venezuela, RB",VEN,2002,3652.09896501865,Latin America & Caribbean 
"Venezuela, RB",VEN,2001,4920.39313600453,Latin America & Caribbean 
"Venezuela, RB",VEN,2000,4776.2816763938,Latin America & Caribbean 
"Venezuela, RB",VEN,1999,4070.90619189484,Latin America & Caribbean 
"Venezuela, RB",VEN,1998,3869.98258848894,Latin America & Caribbean 
"Venezuela, RB",VEN,1997,3710.82688355096,Latin America & Caribbean 
"Venezuela, RB",VEN,1996,3112.825848106,Latin America & Caribbean 
"Venezuela, RB",VEN,1995,3486.98350635919,Latin America & Caribbean 
"Venezuela, RB",VEN,1994,2688.98325145295,Latin America & Caribbean 
"Venezuela, RB",VEN,1993,2824.69144366441,Latin America & Caribbean 
"Venezuela, RB",VEN,1992,2907.30334439434,Latin America & Caribbean 
"Venezuela, RB",VEN,1991,2632.53969814106,Latin America & Caribbean 
"Venezuela, RB",VEN,1990,2451.5523114567,Latin America & Caribbean 
"Venezuela, RB",VEN,1989,2250.08459665588,Latin America & Caribbean 
"Venezuela, RB",VEN,1988,3191.47633742656,Latin America & Caribbean 
"Venezuela, RB",VEN,1987,2610.98837126004,Latin America & Caribbean 
"Venezuela, RB",VEN,1986,3376.34960597843,Latin America & Caribbean 
"Venezuela, RB",VEN,1985,3548.70434276284,Latin America & Caribbean 
"Venezuela, RB",VEN,1984,3519.80146489308,Latin America & Caribbean 
"Venezuela, RB",VEN,1983,4078.94233103427,Latin America & Caribbean 
"Venezuela, RB",VEN,1982,4201.54283466342,Latin America & Caribbean 
"Venezuela, RB",VEN,1981,4228.0988152685,Latin America & Caribbean 
"Venezuela, RB",VEN,1980,3874.40470623155,Latin America & Caribbean 
"Venezuela, RB",VEN,1979,3256.64908738452,Latin America & Caribbean 
"Venezuela, RB",VEN,1978,2727.13746585327,Latin America & Caribbean 
"Venezuela, RB",VEN,1977,2585.22051087846,Latin America & Caribbean 
"Venezuela, RB",VEN,1976,2309.19293494983,Latin America & Caribbean 
"Venezuela, RB",VEN,1975,2078.1534203511,Latin America & Caribbean 
"Venezuela, RB",VEN,1974,2033.51900797712,Latin America & Caribbean 
"Venezuela, RB",VEN,1973,1366.83361997071,Latin America & Caribbean 
"Venezuela, RB",VEN,1972,1155.26236263344,Latin America & Caribbean 
"Venezuela, RB",VEN,1971,1106.08824294225,Latin America & Caribbean 
"Venezuela, RB",VEN,1970,1015.21990755986,Latin America & Caribbean 
"Venezuela, RB",VEN,1969,931.598755748143,Latin America & Caribbean 
"Venezuela, RB",VEN,1968,938.015078662499,Latin America & Caribbean 
"Venezuela, RB",VEN,1967,892.985315556393,Latin America & Caribbean 
"Venezuela, RB",VEN,1966,875.956231715029,Latin America & Caribbean 
"Venezuela, RB",VEN,1965,869.041067890496,Latin America & Caribbean 
"Venezuela, RB",VEN,1964,873.604754880876,Latin America & Caribbean 
"Venezuela, RB",VEN,1963,1060.09433210388,Latin America & Caribbean 
"Venezuela, RB",VEN,1962,1006.55940812318,Latin America & Caribbean 
"Venezuela, RB",VEN,1961,954.038330638213,Latin America & Caribbean 
"Venezuela, RB",VEN,1960,939.197766577539,Latin America & Caribbean 
Viet Nam,VNM,2025,5065.99091899299,East Asia & Pacific
Viet Nam,VNM,2024,4716.6599379632,East Asia & Pacific
Viet Nam,VNM,2023,4322.82572261566,East Asia & Pacific
Viet Nam,VNM,2022,4147.69777213621,East Asia & Pacific
Viet Nam,VNM,2021,3704.1935590038,East Asia & Pacific
Viet Nam,VNM,2020,3534.03953482647,East Asia & Pacific
Viet Nam,VNM,2019,3440.90025375434,East Asia & Pacific
Viet Nam,VNM,2018,3222.31003125366,East Asia & Pacific
Viet Nam,VNM,2017,2956.10992127753,East Asia & Pacific
Viet Nam,VNM,2016,2735.0604380416,East Asia & Pacific
Viet Nam,VNM,2015,2577.56885340113,East Asia & Pacific
Viet Nam,VNM,2014,2546.38464459903,East Asia & Pacific
Viet Nam,VNM,2013,2359.51736472828,East Asia & Pacific
Viet Nam,VNM,2012,2185.11767654291,East Asia & Pacific
Viet Nam,VNM,2011,1950.92504174913,East Asia & Pacific
Viet Nam,VNM,2010,1683.16182443979,East Asia & Pacific
Viet Nam,VNM,2009,1226.16976051536,East Asia & Pacific
Viet Nam,VNM,2008,1163.83195772873,East Asia & Pacific
Viet Nam,VNM,2007,925.640338348717,East Asia & Pacific
Viet Nam,VNM,2006,807.756645117054,East Asia & Pacific
Viet Nam,VNM,2005,710.746759994861,East Asia & Pacific
Viet Nam,VNM,2004,565.452284586212,East Asia & Pacific
Viet Nam,VNM,2003,497.117089249256,East Asia & Pacific
Viet Nam,VNM,2002,445.132861817313,East Asia & Pacific
Viet Nam,VNM,2001,419.205677580901,East Asia & Pacific
Viet Nam,VNM,2000,404.029784055118,East Asia & Pacific
Viet Nam,VNM,1999,375.994455900496,East Asia & Pacific
Viet Nam,VNM,1998,361.350928411167,East Asia & Pacific
Viet Nam,VNM,1997,361.643884085566,East Asia & Pacific
Viet Nam,VNM,1996,337.051231790277,East Asia & Pacific
Viet Nam,VNM,1995,287.802661028593,East Asia & Pacific
Viet Nam,VNM,1994,229.857787265757,East Asia & Pacific
Viet Nam,VNM,1993,189.418573584332,East Asia & Pacific
Viet Nam,VNM,1992,144.549392371677,East Asia & Pacific
Viet Nam,VNM,1991,143.715270231936,East Asia & Pacific
Viet Nam,VNM,1990,98.7983370311401,East Asia & Pacific
Viet Nam,VNM,1989,98.1070172159577,East Asia & Pacific
Viet Nam,VNM,1988,404.559305078888,East Asia & Pacific
Viet Nam,VNM,1987,595.247488701606,East Asia & Pacific
Viet Nam,VNM,1986,436.419296772225,East Asia & Pacific
Viet Nam,VNM,1985,238.647805313403,East Asia & Pacific
Virgin Islands (U.S.),VIR,2022,44320.909185774,Latin America & Caribbean 
Virgin Islands (U.S.),VIR,2021,42571.0777368471,Latin America & Caribbean 
Virgin Islands (U.S.),VIR,2020,39787.3741650202,Latin America & Caribbean 
Virgin Islands (U.S.),VIR,2019,38633.5298915336,Latin America & Caribbean 
Virgin Islands (U.S.),VIR,2018,36663.2087550584,Latin America & Caribbean 
Virgin Islands (U.S.),VIR,2017,35365.0693039774,Latin America & Caribbean 
Virgin Islands (U.S.),VIR,2016,35324.9748874586,Latin America & Caribbean 
Virgin Islands (U.S.),VIR,2015,34007.3529411765,Latin America & Caribbean 
Virgin Islands (U.S.),VIR,2014,33045.3643795999,Latin America & Caribbean 
Virgin Islands (U.S.),VIR,2013,34597.9766940328,Latin America & Caribbean 
Virgin Islands (U.S.),VIR,2012,37795.3192590675,Latin America & Caribbean 
Virgin Islands (U.S.),VIR,2011,38997.1373164651,Latin America & Caribbean 
Virgin Islands (U.S.),VIR,2010,39905.1284180994,Latin America & Caribbean 
Virgin Islands (U.S.),VIR,2009,38753.1825393897,Latin America & Caribbean 
Virgin Islands (U.S.),VIR,2008,39152.3750657306,Latin America & Caribbean 
Virgin Islands (U.S.),VIR,2007,44158.5054044325,Latin America & Caribbean 
Virgin Islands (U.S.),VIR,2006,41377.1466009652,Latin America & Caribbean 
Virgin Islands (U.S.),VIR,2005,40828.7460927775,Latin America & Caribbean 
Virgin Islands (U.S.),VIR,2004,35006.3614404514,Latin America & Caribbean 
Virgin Islands (U.S.),VIR,2003,31731.2566241187,Latin America & Caribbean 
Virgin Islands (U.S.),VIR,2002,30062.0225050457,Latin America & Caribbean 
West Bank and Gaza,PSE,2025,3171.10844621579,"Middle East, North Africa, Afghanistan & Pakistan"
West Bank and Gaza,PSE,2024,3028.25481286981,"Middle East, North Africa, Afghanistan & Pakistan"
West Bank and Gaza,PSE,2023,3607.41611858821,"Middle East, North Africa, Afghanistan & Pakistan"
West Bank and Gaza,PSE,2022,3799.95527015163,"Middle East, North Africa, Afghanistan & Pakistan"
West Bank and Gaza,PSE,2021,3678.63565662194,"Middle East, North Africa, Afghanistan & Pakistan"
West Bank and Gaza,PSE,2020,3233.56863835858,"Middle East, North Africa, Afghanistan & Pakistan"
West Bank and Gaza,PSE,2019,3656.85827137011,"Middle East, North Africa, Afghanistan & Pakistan"
West Bank and Gaza,PSE,2018,3562.33094270256,"Middle East, North Africa, Afghanistan & Pakistan"
West Bank and Gaza,PSE,2017,3620.36048715937,"Middle East, North Africa, Afghanistan & Pakistan"
West Bank and Gaza,PSE,2016,3527.61382413178,"Middle East, North Africa, Afghanistan & Pakistan"
West Bank and Gaza,PSE,2015,3272.15432360708,"Middle East, North Africa, Afghanistan & Pakistan"
West Bank and Gaza,PSE,2014,3352.11259506043,"Middle East, North Africa, Afghanistan & Pakistan"
West Bank and Gaza,PSE,2013,3315.29753909282,"Middle East, North Africa, Afghanistan & Pakistan"
West Bank and Gaza,PSE,2012,3067.43872735614,"Middle East, North Africa, Afghanistan & Pakistan"
West Bank and Gaza,PSE,2011,2880.79843707909,"Middle East, North Africa, Afghanistan & Pakistan"
West Bank and Gaza,PSE,2010,2557.07562356699,"Middle East, North Africa, Afghanistan & Pakistan"
West Bank and Gaza,PSE,2009,2191.78178736868,"Middle East, North Africa, Afghanistan & Pakistan"
West Bank and Gaza,PSE,2008,2035.20234121766,"Middle East, North Africa, Afghanistan & Pakistan"
West Bank and Gaza,PSE,2007,1664.24571669276,"Middle East, North Africa, Afghanistan & Pakistan"
West Bank and Gaza,PSE,2006,1570.10439962728,"Middle East, North Africa, Afghanistan & Pakistan"
West Bank and Gaza,PSE,2005,1543.70141392774,"Middle East, North Africa, Afghanistan & Pakistan"
West Bank and Gaza,PSE,2004,1422.19088643544,"Middle East, North Africa, Afghanistan & Pakistan"
West Bank and Gaza,PSE,2003,1257.69857009689,"Middle East, North Africa, Afghanistan & Pakistan"
West Bank and Gaza,PSE,2002,1156.21747345769,"Middle East, North Africa, Afghanistan & Pakistan"
West Bank and Gaza,PSE,2001,1335.55319529359,"Middle East, North Africa, Afghanistan & Pakistan"
West Bank and Gaza,PSE,2000,1476.17185000238,"Middle East, North Africa, Afghanistan & Pakistan"
West Bank and Gaza,PSE,1999,1499.49217657019,"Middle East, North Africa, Afghanistan & Pakistan"
West Bank and Gaza,PSE,1998,1465.04605685868,"Middle East, North Africa, Afghanistan & Pakistan"
West Bank and Gaza,PSE,1997,1389.16497137651,"Middle East, North Africa, Afghanistan & Pakistan"
West Bank and Gaza,PSE,1996,1317.46675131385,"Middle East, North Africa, Afghanistan & Pakistan"
West Bank and Gaza,PSE,1995,1326.56285737146,"Middle East, North Africa, Afghanistan & Pakistan"
West Bank and Gaza,PSE,1994,1201.58154213882,"Middle East, North Africa, Afghanistan & Pakistan"
"Yemen, Rep.",YEM,2018,633.887202451545,"Middle East, North Africa, Afghanistan & Pakistan"
"Yemen, Rep.",YEM,2017,811.165970405745,"Middle East, North Africa, Afghanistan & Pakistan"
"Yemen, Rep.",YEM,2016,975.359417003225,"Middle East, North Africa, Afghanistan & Pakistan"
"Yemen, Rep.",YEM,2015,1362.1738120601,"Middle East, North Africa, Afghanistan & Pakistan"
"Yemen, Rep.",YEM,2014,1430.16420964026,"Middle East, North Africa, Afghanistan & Pakistan"
"Yemen, Rep.",YEM,2013,1378.75002954928,"Middle East, North Africa, Afghanistan & Pakistan"
"Yemen, Rep.",YEM,2012,1245.05068272078,"Middle East, North Africa, Afghanistan & Pakistan"
"Yemen, Rep.",YEM,2011,1186.47500581215,"Middle East, North Africa, Afghanistan & Pakistan"
"Yemen, Rep.",YEM,2010,1155.20305261418,"Middle East, North Africa, Afghanistan & Pakistan"
"Yemen, Rep.",YEM,2009,969.243509864478,"Middle East, North Africa, Afghanistan & Pakistan"
"Yemen, Rep.",YEM,2008,1071.63583282105,"Middle East, North Africa, Afghanistan & Pakistan"
"Yemen, Rep.",YEM,2007,890.305768114988,"Middle East, North Africa, Afghanistan & Pakistan"
"Yemen, Rep.",YEM,2006,809.713127624703,"Middle East, North Africa, Afghanistan & Pakistan"
"Yemen, Rep.",YEM,2005,734.159908450927,"Middle East, North Africa, Afghanistan & Pakistan"
"Yemen, Rep.",YEM,2004,627.632023395762,"Middle East, North Africa, Afghanistan & Pakistan"
"Yemen, Rep.",YEM,2003,548.905883049973,"Middle East, North Africa, Afghanistan & Pakistan"
"Yemen, Rep.",YEM,2002,513.241486570603,"Middle East, North Africa, Afghanistan & Pakistan"
"Yemen, Rep.",YEM,2001,487.141257946318,"Middle East, North Africa, Afghanistan & Pakistan"
"Yemen, Rep.",YEM,2000,493.235182634814,"Middle East, North Africa, Afghanistan & Pakistan"
"Yemen, Rep.",YEM,1999,401.448141660801,"Middle East, North Africa, Afghanistan & Pakistan"
"Yemen, Rep.",YEM,1998,342.73940747773,"Middle East, North Africa, Afghanistan & Pakistan"
"Yemen, Rep.",YEM,1997,382.584928722421,"Middle East, North Africa, Afghanistan & Pakistan"
"Yemen, Rep.",YEM,1996,375.214994663363,"Middle East, North Africa, Afghanistan & Pakistan"
"Yemen, Rep.",YEM,1995,764.414656090937,"Middle East, North Africa, Afghanistan & Pakistan"
"Yemen, Rep.",YEM,1994,1735.04419543214,"Middle East, North Africa, Afghanistan & Pakistan"
"Yemen, Rep.",YEM,1993,1396.61544419009,"Middle East, North Africa, Afghanistan & Pakistan"
"Yemen, Rep.",YEM,1992,1198.13031674085,"Middle East, North Africa, Afghanistan & Pakistan"
"Yemen, Rep.",YEM,1991,1016.30223044813,"Middle East, North Africa, Afghanistan & Pakistan"
"Yemen, Rep.",YEM,1990,910.422465960748,"Middle East, North Africa, Afghanistan & Pakistan"
Zambia,ZMB,2025,1317.87771619597,Sub-Saharan Africa 
Zambia,ZMB,2024,1187.10943350064,Sub-Saharan Africa 
Zambia,ZMB,2023,1330.72780576709,Sub-Saharan Africa 
Zambia,ZMB,2022,1447.12310138035,Sub-Saharan Africa 
Zambia,ZMB,2021,1127.16077872857,Sub-Saharan Africa 
Zambia,ZMB,2020,951.644316655957,Sub-Saharan Africa 
Zambia,ZMB,2019,1258.98619844462,Sub-Saharan Africa 
Zambia,ZMB,2018,1463.89997855593,Sub-Saharan Africa 
Zambia,ZMB,2017,1483.46577328065,Sub-Saharan Africa 
Zambia,ZMB,2016,1239.08527877713,Sub-Saharan Africa 
Zambia,ZMB,2015,1295.87788680068,Sub-Saharan Africa 
Zambia,ZMB,2014,1707.48573136694,Sub-Saharan Africa 
Zambia,ZMB,2013,1820.71854827391,Sub-Saharan Africa 
Zambia,ZMB,2012,1710.05061343728,Sub-Saharan Africa 
Zambia,ZMB,2011,1624.86817763443,Sub-Saharan Africa 
Zambia,ZMB,2010,1451.10616017155,Sub-Saharan Africa 
Zambia,ZMB,2009,1136.24168316848,Sub-Saharan Africa 
Zambia,ZMB,2008,1375.50211006997,Sub-Saharan Africa 
Zambia,ZMB,2007,1118.73162626953,Sub-Saharan Africa 
Zambia,ZMB,2006,1051.71714895686,Sub-Saharan Africa 
Zambia,ZMB,2005,710.982068171696,Sub-Saharan Africa 
Zambia,ZMB,2004,548.685974566277,Sub-Saharan Africa 
Zambia,ZMB,2003,446.290104839041,Sub-Saharan Africa 
Zambia,ZMB,2002,393.864625518616,Sub-Saharan Africa 
Zambia,ZMB,2001,396.548952993504,Sub-Saharan Africa 
Zambia,ZMB,2000,359.429500988221,Sub-Saharan Africa 
Zambia,ZMB,1999,349.515723095687,Sub-Saharan Africa 
Zambia,ZMB,1998,373.084763057408,Sub-Saharan Africa 
Zambia,ZMB,1997,465.871942164799,Sub-Saharan Africa 
Zambia,ZMB,1996,399.511304742449,Sub-Saharan Africa 
Zambia,ZMB,1995,433.312782642118,Sub-Saharan Africa 
Zambia,ZMB,1994,426.386598390102,Sub-Saharan Africa 
Zambia,ZMB,1993,390.916673784646,Sub-Saharan Africa 
Zambia,ZMB,1992,389.254665832226,Sub-Saharan Africa 
Zambia,ZMB,1991,423.071256835592,Sub-Saharan Africa 
Zambia,ZMB,1990,422.336298804219,Sub-Saharan Africa 
Zambia,ZMB,1989,526.361769256072,Sub-Saharan Africa 
Zambia,ZMB,1988,504.486020154114,Sub-Saharan Africa 
Zambia,ZMB,1987,314.999602622841,Sub-Saharan Africa 
Zambia,ZMB,1986,238.23379616097,Sub-Saharan Africa 
Zambia,ZMB,1985,332.173737253298,Sub-Saharan Africa 
Zambia,ZMB,1984,413.269974271735,Sub-Saharan Africa 
Zambia,ZMB,1983,520.45583354177,Sub-Saharan Africa 
Zambia,ZMB,1982,626.532533448195,Sub-Saharan Africa 
Zambia,ZMB,1981,669.886829361684,Sub-Saharan Africa 
Zambia,ZMB,1980,669.419722015371,Sub-Saharan Africa 
Zambia,ZMB,1979,595.455849101956,Sub-Saharan Africa 
Zambia,ZMB,1978,514.334878626644,Sub-Saharan Africa 
Zambia,ZMB,1977,474.362362443019,Sub-Saharan Africa 
Zambia,ZMB,1976,533.231631721853,Sub-Saharan Africa 
Zambia,ZMB,1975,489.505018740558,Sub-Saharan Africa 
Zambia,ZMB,1974,601.101371432691,Sub-Saharan Africa 
Zambia,ZMB,1973,517.630055161873,Sub-Saharan Africa 
Zambia,ZMB,1972,409.781146356948,Sub-Saharan Africa 
Zambia,ZMB,1971,372.144071511389,Sub-Saharan Africa 
Zambia,ZMB,1970,413.904675224945,Sub-Saharan Africa 
Zambia,ZMB,1969,458.981650783744,Sub-Saharan Africa 
Zambia,ZMB,1968,387.087288652294,Sub-Saharan Africa 
Zambia,ZMB,1967,340.579940386412,Sub-Saharan Africa 
Zambia,ZMB,1966,325.025847276562,Sub-Saharan Africa 
Zambia,ZMB,1965,287.42547598963,Sub-Saharan Africa 
Zambia,ZMB,1964,229.979245632097,Sub-Saharan Africa 
Zambia,ZMB,1963,203.219451227586,Sub-Saharan Africa 
Zambia,ZMB,1962,202.28103119051,Sub-Saharan Africa 
Zambia,ZMB,1961,209.693206426951,Sub-Saharan Africa 
Zambia,ZMB,1960,221.559848922849,Sub-Saharan Africa 
Zimbabwe,ZWE,2025,3021.43019873632,Sub-Saharan Africa 
Zimbabwe,ZWE,2024,2496.15514995576,Sub-Saharan Africa 
Zimbabwe,ZWE,2023,2195.22502010174,Sub-Saharan Africa 
Zimbabwe,ZWE,2022,2536.40197087505,Sub-Saharan Africa 
Zimbabwe,ZWE,2021,2613.6167414057,Sub-Saharan Africa 
Zimbabwe,ZWE,2020,2059.63704025274,Sub-Saharan Africa 
Zimbabwe,ZWE,2019,2184.52155388801,Sub-Saharan Africa 
Zimbabwe,ZWE,2018,2270.89531874302,Sub-Saharan Africa 
Zimbabwe,ZWE,2017,3445.44941020134,Sub-Saharan Africa 
Zimbabwe,ZWE,2016,1408.13945253431,Sub-Saharan Africa 
Zimbabwe,ZWE,2015,1387.12632595026,Sub-Saharan Africa 
Zimbabwe,ZWE,2014,1372.91526173161,Sub-Saharan Africa 
Zimbabwe,ZWE,2013,1362.99498323368,Sub-Saharan Africa 
Zimbabwe,ZWE,2012,1239.22709745709,Sub-Saharan Africa 
Zimbabwe,ZWE,2011,1037.77565157218,Sub-Saharan Africa 
Zimbabwe,ZWE,2010,902.010759067388,Sub-Saharan Africa 
Zimbabwe,ZWE,2009,735.821693871697,Sub-Saharan Africa 
Zimbabwe,ZWE,2008,340.917447588572,Sub-Saharan Africa 
Zimbabwe,ZWE,2007,413.521244592925,Sub-Saharan Africa 
Zimbabwe,ZWE,2006,431.034994414964,Sub-Saharan Africa 
Zimbabwe,ZWE,2005,461.271387547912,Sub-Saharan Africa 
Zimbabwe,ZWE,2004,469.719298949304,Sub-Saharan Africa 
Zimbabwe,ZWE,2003,468.471932927213,Sub-Saharan Africa 
Zimbabwe,ZWE,2002,524.936478570323,Sub-Saharan Africa 
Zimbabwe,ZWE,2001,566.388746448872,Sub-Saharan Africa 
Zimbabwe,ZWE,2000,562.833757496076,Sub-Saharan Africa 
Zimbabwe,ZWE,1999,582.299355588147,Sub-Saharan Africa 
Zimbabwe,ZWE,1998,552.448328691252,Sub-Saharan Africa 
Zimbabwe,ZWE,1997,750.583100340929,Sub-Saharan Africa 
Zimbabwe,ZWE,1996,766.913775859535,Sub-Saharan Africa 
Zimbabwe,ZWE,1995,648.315259628165,Sub-Saharan Africa 
Zimbabwe,ZWE,1994,634.062003018813,Sub-Saharan Africa 
Zimbabwe,ZWE,1993,604.70311652877,Sub-Saharan Africa 
Zimbabwe,ZWE,1992,631.149149280088,Sub-Saharan Africa 
Zimbabwe,ZWE,1991,830.961354818769,Sub-Saharan Africa 
Zimbabwe,ZWE,1990,866.928868406131,Sub-Saharan Africa 
Zimbabwe,ZWE,1989,840.417972601175,Sub-Saharan Africa 
Zimbabwe,ZWE,1988,815.89246404532,Sub-Saharan Africa 
Zimbabwe,ZWE,1987,726.43141011947,Sub-Saharan Africa 
Zimbabwe,ZWE,1986,692.529276865648,Sub-Saharan Africa 
Zimbabwe,ZWE,1985,649.27581323637,Sub-Saharan Africa 
Zimbabwe,ZWE,1984,757.359025240321,Sub-Saharan Africa 
Zimbabwe,ZWE,1983,959.205194217604,Sub-Saharan Africa 
Zimbabwe,ZWE,1982,1095.88472887835,Sub-Saharan Africa 
Zimbabwe,ZWE,1981,1068.92311090177,Sub-Saharan Africa 
Zimbabwe,ZWE,1980,949.011610530352,Sub-Saharan Africa 
Zimbabwe,ZWE,1979,779.249232367068,Sub-Saharan Africa 
Zimbabwe,ZWE,1978,665.358361846219,Sub-Saharan Africa 
Zimbabwe,ZWE,1977,677.045095606361,Sub-Saharan Africa 
Zimbabwe,ZWE,1976,687.212457369771,Sub-Saharan Africa 
Zimbabwe,ZWE,1975,717.130326238498,Sub-Saharan Africa 
Zimbabwe,ZWE,1974,674.335381210306,Sub-Saharan Africa 
Zimbabwe,ZWE,1973,578.81284112321,Sub-Saharan Africa 
Zimbabwe,ZWE,1972,483.378111388597,Sub-Saharan Africa 
Zimbabwe,ZWE,1971,405.571258550669,Sub-Saharan Africa 
Zimbabwe,ZWE,1970,361.425992338609,Sub-Saharan Africa 
Zimbabwe,ZWE,1969,345.754984688223,Sub-Saharan Africa 
Zimbabwe,ZWE,1968,302.086211635024,Sub-Saharan Africa 
Zimbabwe,ZWE,1967,294.360765229111,Sub-Saharan Africa 
Zimbabwe,ZWE,1966,278.709727530089,Sub-Saharan Africa 
Zimbabwe,ZWE,1965,294.295520209542,Sub-Saharan Africa 
Zimbabwe,ZWE,1964,281.888369368235,Sub-Saharan Africa 
Zimbabwe,ZWE,1963,277.147112572228,Sub-Saharan Africa 
Zimbabwe,ZWE,1962,275.686274355878,Sub-Saharan Africa 
Zimbabwe,ZWE,1961,279.158927151344,Sub-Saharan Africa 
Zimbabwe,ZWE,1960,276.560896360952,Sub-Saharan Africa 
