Country,Country_Code,Year,Gini,Region
Albania,ALB,2020,29.4,Europe & Central Asia
Albania,ALB,2019,30.1,Europe & Central Asia
Albania,ALB,2018,30.1,Europe & Central Asia
Albania,ALB,2017,33.1,Europe & Central Asia
Albania,ALB,2016,33.7,Europe & Central Asia
Albania,ALB,2015,32.8,Europe & Central Asia
Albania,ALB,2014,34.6,Europe & Central Asia
Albania,ALB,2012,29.0,Europe & Central Asia
Albania,ALB,2008,30.0,Europe & Central Asia
Albania,ALB,2005,30.6,Europe & Central Asia
Albania,ALB,2002,31.7,Europe & Central Asia
Albania,ALB,1996,27.0,Europe & Central Asia
Algeria,DZA,2011,27.6,"Middle East, North Africa, Afghanistan & Pakistan"
Algeria,DZA,1995,35.3,"Middle East, North Africa, Afghanistan & Pakistan"
Algeria,DZA,1988,37.4,"Middle East, North Africa, Afghanistan & Pakistan"
Angola,AGO,2018,51.3,Sub-Saharan Africa 
Angola,AGO,2008,42.7,Sub-Saharan Africa 
Angola,AGO,2000,51.9,Sub-Saharan Africa 
Argentina,ARG,2024,42.4,Latin America & Caribbean 
Argentina,ARG,2023,42.4,Latin America & Caribbean 
Argentina,ARG,2022,40.7,Latin America & Caribbean 
Argentina,ARG,2021,42.4,Latin America & Caribbean 
Argentina,ARG,2020,42.7,Latin America & Caribbean 
Argentina,ARG,2019,43.3,Latin America & Caribbean 
Argentina,ARG,2018,41.7,Latin America & Caribbean 
Argentina,ARG,2017,41.4,Latin America & Caribbean 
Argentina,ARG,2016,42.3,Latin America & Caribbean 
Argentina,ARG,2014,41.8,Latin America & Caribbean 
Argentina,ARG,2013,41.1,Latin America & Caribbean 
Argentina,ARG,2012,41.4,Latin America & Caribbean 
Argentina,ARG,2011,42.7,Latin America & Caribbean 
Argentina,ARG,2010,43.7,Latin America & Caribbean 
Argentina,ARG,2009,43.8,Latin America & Caribbean 
Argentina,ARG,2008,45.0,Latin America & Caribbean 
Argentina,ARG,2007,46.3,Latin America & Caribbean 
Argentina,ARG,2006,46.4,Latin America & Caribbean 
Argentina,ARG,2005,47.8,Latin America & Caribbean 
Argentina,ARG,2004,48.5,Latin America & Caribbean 
Argentina,ARG,2003,51.0,Latin America & Caribbean 
Argentina,ARG,2002,53.8,Latin America & Caribbean 
Argentina,ARG,2001,53.3,Latin America & Caribbean 
Argentina,ARG,2000,51.0,Latin America & Caribbean 
Argentina,ARG,1999,49.8,Latin America & Caribbean 
Argentina,ARG,1998,50.7,Latin America & Caribbean 
Argentina,ARG,1997,49.1,Latin America & Caribbean 
Argentina,ARG,1996,49.5,Latin America & Caribbean 
Argentina,ARG,1995,48.9,Latin America & Caribbean 
Argentina,ARG,1994,45.9,Latin America & Caribbean 
Argentina,ARG,1993,44.8,Latin America & Caribbean 
Argentina,ARG,1992,45.5,Latin America & Caribbean 
Argentina,ARG,1991,46.8,Latin America & Caribbean 
Argentina,ARG,1987,45.3,Latin America & Caribbean 
Argentina,ARG,1986,42.8,Latin America & Caribbean 
Argentina,ARG,1980,40.8,Latin America & Caribbean 
Armenia,ARM,2024,27.4,Europe & Central Asia
Armenia,ARM,2023,27.2,Europe & Central Asia
Armenia,ARM,2022,27.9,Europe & Central Asia
Armenia,ARM,2021,27.9,Europe & Central Asia
Armenia,ARM,2020,25.1,Europe & Central Asia
Armenia,ARM,2019,30.0,Europe & Central Asia
Armenia,ARM,2018,34.4,Europe & Central Asia
Armenia,ARM,2017,33.6,Europe & Central Asia
Armenia,ARM,2016,32.5,Europe & Central Asia
Armenia,ARM,2015,32.4,Europe & Central Asia
Armenia,ARM,2014,31.5,Europe & Central Asia
Armenia,ARM,2013,30.6,Europe & Central Asia
Armenia,ARM,2012,29.6,Europe & Central Asia
Armenia,ARM,2011,29.4,Europe & Central Asia
Armenia,ARM,2010,30.0,Europe & Central Asia
Armenia,ARM,2009,28.0,Europe & Central Asia
Armenia,ARM,2008,29.2,Europe & Central Asia
Armenia,ARM,2007,31.2,Europe & Central Asia
Armenia,ARM,2006,29.7,Europe & Central Asia
Armenia,ARM,2005,36.0,Europe & Central Asia
Armenia,ARM,2004,37.5,Europe & Central Asia
Armenia,ARM,2003,33.0,Europe & Central Asia
Armenia,ARM,2002,34.8,Europe & Central Asia
Armenia,ARM,2001,35.4,Europe & Central Asia
Armenia,ARM,1999,36.2,Europe & Central Asia
Armenia,ARM,1996,44.4,Europe & Central Asia
Australia,AUS,2020,33.8,East Asia & Pacific
Australia,AUS,2018,34.3,East Asia & Pacific
Australia,AUS,2016,33.7,East Asia & Pacific
Australia,AUS,2014,34.4,East Asia & Pacific
Australia,AUS,2010,34.7,East Asia & Pacific
Australia,AUS,2008,35.4,East Asia & Pacific
Australia,AUS,2004,33.1,East Asia & Pacific
Australia,AUS,2003,33.5,East Asia & Pacific
Australia,AUS,2001,33.5,East Asia & Pacific
Australia,AUS,1995,32.6,East Asia & Pacific
Australia,AUS,1989,33.2,East Asia & Pacific
Australia,AUS,1985,32.5,East Asia & Pacific
Australia,AUS,1981,31.3,East Asia & Pacific
Austria,AUT,2023,31.2,Europe & Central Asia
Austria,AUT,2022,30.9,Europe & Central Asia
Austria,AUT,2021,30.7,Europe & Central Asia
Austria,AUT,2020,29.8,Europe & Central Asia
Austria,AUT,2019,30.2,Europe & Central Asia
Austria,AUT,2018,30.8,Europe & Central Asia
Austria,AUT,2017,29.7,Europe & Central Asia
Austria,AUT,2016,30.8,Europe & Central Asia
Austria,AUT,2015,30.5,Europe & Central Asia
Austria,AUT,2014,30.5,Europe & Central Asia
Austria,AUT,2013,30.8,Europe & Central Asia
Austria,AUT,2012,30.5,Europe & Central Asia
Austria,AUT,2011,30.8,Europe & Central Asia
Austria,AUT,2010,30.3,Europe & Central Asia
Austria,AUT,2009,31.5,Europe & Central Asia
Austria,AUT,2008,30.4,Europe & Central Asia
Austria,AUT,2007,30.6,Europe & Central Asia
Austria,AUT,2006,29.6,Europe & Central Asia
Austria,AUT,2005,28.7,Europe & Central Asia
Austria,AUT,2004,29.8,Europe & Central Asia
Austria,AUT,2003,29.5,Europe & Central Asia
Austria,AUT,2000,29.0,Europe & Central Asia
Austria,AUT,1999,29.7,Europe & Central Asia
Austria,AUT,1998,31.3,Europe & Central Asia
Austria,AUT,1997,29.1,Europe & Central Asia
Austria,AUT,1996,29.3,Europe & Central Asia
Austria,AUT,1995,29.9,Europe & Central Asia
Austria,AUT,1994,30.8,Europe & Central Asia
Azerbaijan,AZE,2005,26.6,Europe & Central Asia
Azerbaijan,AZE,2004,26.6,Europe & Central Asia
Azerbaijan,AZE,2003,26.8,Europe & Central Asia
Azerbaijan,AZE,2002,25.3,Europe & Central Asia
Azerbaijan,AZE,2001,36.5,Europe & Central Asia
Azerbaijan,AZE,1995,34.6,Europe & Central Asia
Bangladesh,BGD,2022,30.9,South Asia
Bangladesh,BGD,2016,32.4,South Asia
Bangladesh,BGD,2010,32.1,South Asia
Bangladesh,BGD,2005,33.2,South Asia
Bangladesh,BGD,2000,33.4,South Asia
Bangladesh,BGD,1995,32.9,South Asia
Bangladesh,BGD,1991,27.6,South Asia
Bangladesh,BGD,1988,28.8,South Asia
Bangladesh,BGD,1985,26.9,South Asia
Bangladesh,BGD,1983,25.9,South Asia
Barbados,BRB,2016,34.1,Latin America & Caribbean 
Belarus,BLR,2020,24.4,Europe & Central Asia
Belarus,BLR,2019,25.3,Europe & Central Asia
Belarus,BLR,2018,25.2,Europe & Central Asia
Belarus,BLR,2017,25.4,Europe & Central Asia
Belarus,BLR,2016,25.3,Europe & Central Asia
Belarus,BLR,2015,25.6,Europe & Central Asia
Belarus,BLR,2014,27.2,Europe & Central Asia
Belarus,BLR,2013,26.6,Europe & Central Asia
Belarus,BLR,2012,26.5,Europe & Central Asia
Belarus,BLR,2011,27.2,Europe & Central Asia
Belarus,BLR,2010,28.6,Europe & Central Asia
Belarus,BLR,2009,27.7,Europe & Central Asia
Belarus,BLR,2008,27.8,Europe & Central Asia
Belarus,BLR,2007,29.6,Europe & Central Asia
Belarus,BLR,2006,28.3,Europe & Central Asia
Belarus,BLR,2005,27.6,Europe & Central Asia
Belarus,BLR,2004,26.5,Europe & Central Asia
Belarus,BLR,2003,28.8,Europe & Central Asia
Belarus,BLR,2002,30.3,Europe & Central Asia
Belarus,BLR,2001,30.6,Europe & Central Asia
Belarus,BLR,2000,31.2,Europe & Central Asia
Belarus,BLR,1999,31.7,Europe & Central Asia
Belarus,BLR,1998,32.0,Europe & Central Asia
Belarus,BLR,1995,28.7,Europe & Central Asia
Belarus,BLR,1993,21.6,Europe & Central Asia
Belgium,BEL,2023,26.8,Europe & Central Asia
Belgium,BEL,2022,26.4,Europe & Central Asia
Belgium,BEL,2021,26.6,Europe & Central Asia
Belgium,BEL,2020,26.0,Europe & Central Asia
Belgium,BEL,2019,27.2,Europe & Central Asia
Belgium,BEL,2018,27.2,Europe & Central Asia
Belgium,BEL,2017,27.4,Europe & Central Asia
Belgium,BEL,2016,27.6,Europe & Central Asia
Belgium,BEL,2015,27.7,Europe & Central Asia
Belgium,BEL,2014,28.1,Europe & Central Asia
Belgium,BEL,2013,27.7,Europe & Central Asia
Belgium,BEL,2012,27.5,Europe & Central Asia
Belgium,BEL,2011,28.1,Europe & Central Asia
Belgium,BEL,2010,28.4,Europe & Central Asia
Belgium,BEL,2009,28.6,Europe & Central Asia
Belgium,BEL,2008,28.4,Europe & Central Asia
Belgium,BEL,2007,29.2,Europe & Central Asia
Belgium,BEL,2006,28.1,Europe & Central Asia
Belgium,BEL,2005,29.3,Europe & Central Asia
Belgium,BEL,2004,30.5,Europe & Central Asia
Belgium,BEL,2003,28.1,Europe & Central Asia
Belgium,BEL,2000,33.1,Europe & Central Asia
Belgium,BEL,1997,26.8,Europe & Central Asia
Belgium,BEL,1995,28.4,Europe & Central Asia
Belgium,BEL,1992,24.9,Europe & Central Asia
Belgium,BEL,1988,25.7,Europe & Central Asia
Belgium,BEL,1985,25.2,Europe & Central Asia
Belize,BLZ,2018,39.9,Latin America & Caribbean 
Belize,BLZ,1999,53.2,Latin America & Caribbean 
Belize,BLZ,1998,54.9,Latin America & Caribbean 
Belize,BLZ,1997,60.4,Latin America & Caribbean 
Belize,BLZ,1996,56.6,Latin America & Caribbean 
Belize,BLZ,1995,57.5,Latin America & Caribbean 
Belize,BLZ,1994,60.9,Latin America & Caribbean 
Belize,BLZ,1993,60.2,Latin America & Caribbean 
Benin,BEN,2021,34.4,Sub-Saharan Africa 
Benin,BEN,2018,37.9,Sub-Saharan Africa 
Benin,BEN,2015,47.6,Sub-Saharan Africa 
Benin,BEN,2011,43.4,Sub-Saharan Africa 
Benin,BEN,2003,38.6,Sub-Saharan Africa 
Bhutan,BTN,2022,28.5,South Asia
Bhutan,BTN,2017,37.4,South Asia
Bhutan,BTN,2012,38.8,South Asia
Bhutan,BTN,2007,38.1,South Asia
Bhutan,BTN,2003,40.9,South Asia
Bolivia,BOL,2024,40.9,Latin America & Caribbean 
Bolivia,BOL,2023,42.1,Latin America & Caribbean 
Bolivia,BOL,2022,41.2,Latin America & Caribbean 
Bolivia,BOL,2021,40.9,Latin America & Caribbean 
Bolivia,BOL,2020,43.6,Latin America & Caribbean 
Bolivia,BOL,2019,41.6,Latin America & Caribbean 
Bolivia,BOL,2018,42.6,Latin America & Caribbean 
Bolivia,BOL,2017,44.6,Latin America & Caribbean 
Bolivia,BOL,2016,45.2,Latin America & Caribbean 
Bolivia,BOL,2015,46.7,Latin America & Caribbean 
Bolivia,BOL,2014,47.8,Latin America & Caribbean 
Bolivia,BOL,2013,47.6,Latin America & Caribbean 
Bolivia,BOL,2012,46.6,Latin America & Caribbean 
Bolivia,BOL,2011,46.1,Latin America & Caribbean 
Bolivia,BOL,2009,49.2,Latin America & Caribbean 
Bolivia,BOL,2008,50.8,Latin America & Caribbean 
Bolivia,BOL,2007,54.5,Latin America & Caribbean 
Bolivia,BOL,2006,56.7,Latin America & Caribbean 
Bolivia,BOL,2005,58.5,Latin America & Caribbean 
Bolivia,BOL,2004,55.0,Latin America & Caribbean 
Bolivia,BOL,2002,59.3,Latin America & Caribbean 
Bolivia,BOL,2001,57.4,Latin America & Caribbean 
Bolivia,BOL,2000,61.6,Latin America & Caribbean 
Bolivia,BOL,1999,58.0,Latin America & Caribbean 
Bolivia,BOL,1997,58.1,Latin America & Caribbean 
Bolivia,BOL,1992,49.1,Latin America & Caribbean 
Bolivia,BOL,1990,42.0,Latin America & Caribbean 
Bosnia and Herzegovina,BIH,2021,30.3,Europe & Central Asia
Bosnia and Herzegovina,BIH,2015,32.9,Europe & Central Asia
Bosnia and Herzegovina,BIH,2011,33.3,Europe & Central Asia
Bosnia and Herzegovina,BIH,2007,34.3,Europe & Central Asia
Bosnia and Herzegovina,BIH,2004,34.0,Europe & Central Asia
Bosnia and Herzegovina,BIH,2001,30.0,Europe & Central Asia
Botswana,BWA,2015,54.9,Sub-Saharan Africa 
Botswana,BWA,2009,56.9,Sub-Saharan Africa 
Botswana,BWA,2002,61.5,Sub-Saharan Africa 
Botswana,BWA,1993,60.1,Sub-Saharan Africa 
Botswana,BWA,1985,54.2,Sub-Saharan Africa 
Brazil,BRA,2024,50.3,Latin America & Caribbean 
Brazil,BRA,2023,51.5,Latin America & Caribbean 
Brazil,BRA,2022,51.9,Latin America & Caribbean 
Brazil,BRA,2021,52.9,Latin America & Caribbean 
Brazil,BRA,2020,48.8,Latin America & Caribbean 
Brazil,BRA,2019,53.5,Latin America & Caribbean 
Brazil,BRA,2018,53.9,Latin America & Caribbean 
Brazil,BRA,2017,53.3,Latin America & Caribbean 
Brazil,BRA,2016,53.4,Latin America & Caribbean 
Brazil,BRA,2015,51.9,Latin America & Caribbean 
Brazil,BRA,2014,52.1,Latin America & Caribbean 
Brazil,BRA,2013,52.7,Latin America & Caribbean 
Brazil,BRA,2012,53.4,Latin America & Caribbean 
Brazil,BRA,2011,52.9,Latin America & Caribbean 
Brazil,BRA,2009,53.7,Latin America & Caribbean 
Brazil,BRA,2008,54.0,Latin America & Caribbean 
Brazil,BRA,2007,54.9,Latin America & Caribbean 
Brazil,BRA,2006,55.6,Latin America & Caribbean 
Brazil,BRA,2005,56.3,Latin America & Caribbean 
Brazil,BRA,2004,56.5,Latin America & Caribbean 
Brazil,BRA,2003,57.6,Latin America & Caribbean 
Brazil,BRA,2002,58.1,Latin America & Caribbean 
Brazil,BRA,2001,58.4,Latin America & Caribbean 
Brazil,BRA,1999,59.0,Latin America & Caribbean 
Brazil,BRA,1998,59.6,Latin America & Caribbean 
Brazil,BRA,1997,59.8,Latin America & Caribbean 
Brazil,BRA,1996,59.8,Latin America & Caribbean 
Brazil,BRA,1995,59.5,Latin America & Caribbean 
Brazil,BRA,1993,60.1,Latin America & Caribbean 
Brazil,BRA,1992,53.1,Latin America & Caribbean 
Brazil,BRA,1990,60.5,Latin America & Caribbean 
Brazil,BRA,1989,63.2,Latin America & Caribbean 
Brazil,BRA,1988,61.4,Latin America & Caribbean 
Brazil,BRA,1987,59.6,Latin America & Caribbean 
Brazil,BRA,1986,58.4,Latin America & Caribbean 
Brazil,BRA,1985,55.5,Latin America & Caribbean 
Brazil,BRA,1984,58.3,Latin America & Caribbean 
Brazil,BRA,1983,58.9,Latin America & Caribbean 
Brazil,BRA,1982,58.4,Latin America & Caribbean 
Brazil,BRA,1981,57.9,Latin America & Caribbean 
Bulgaria,BGR,2023,39.5,Europe & Central Asia
Bulgaria,BGR,2022,38.2,Europe & Central Asia
Bulgaria,BGR,2021,39.0,Europe & Central Asia
Bulgaria,BGR,2020,40.5,Europe & Central Asia
Bulgaria,BGR,2019,40.3,Europe & Central Asia
Bulgaria,BGR,2018,41.3,Europe & Central Asia
Bulgaria,BGR,2017,40.4,Europe & Central Asia
Bulgaria,BGR,2016,40.6,Europe & Central Asia
Bulgaria,BGR,2015,38.6,Europe & Central Asia
Bulgaria,BGR,2014,37.4,Europe & Central Asia
Bulgaria,BGR,2013,36.6,Europe & Central Asia
Bulgaria,BGR,2012,36.0,Europe & Central Asia
Bulgaria,BGR,2011,34.3,Europe & Central Asia
Bulgaria,BGR,2010,35.7,Europe & Central Asia
Bulgaria,BGR,2009,33.8,Europe & Central Asia
Bulgaria,BGR,2008,33.6,Europe & Central Asia
Bulgaria,BGR,2007,36.1,Europe & Central Asia
Bulgaria,BGR,2006,35.7,Europe & Central Asia
Bulgaria,BGR,2003,28.9,Europe & Central Asia
Bulgaria,BGR,2001,32.7,Europe & Central Asia
Bulgaria,BGR,1997,26.4,Europe & Central Asia
Bulgaria,BGR,1995,32.8,Europe & Central Asia
Bulgaria,BGR,1994,24.3,Europe & Central Asia
Bulgaria,BGR,1992,30.7,Europe & Central Asia
Bulgaria,BGR,1989,23.4,Europe & Central Asia
Burkina Faso,BFA,2021,37.4,Sub-Saharan Africa 
Burkina Faso,BFA,2018,43.0,Sub-Saharan Africa 
Burkina Faso,BFA,2014,35.3,Sub-Saharan Africa 
Burkina Faso,BFA,2009,39.8,Sub-Saharan Africa 
Burkina Faso,BFA,2003,43.3,Sub-Saharan Africa 
Burkina Faso,BFA,1998,49.9,Sub-Saharan Africa 
Burkina Faso,BFA,1994,48.0,Sub-Saharan Africa 
Burundi,BDI,2020,37.5,Sub-Saharan Africa 
Burundi,BDI,2013,38.6,Sub-Saharan Africa 
Burundi,BDI,2006,33.4,Sub-Saharan Africa 
Burundi,BDI,1998,42.1,Sub-Saharan Africa 
Burundi,BDI,1992,33.3,Sub-Saharan Africa 
Cabo Verde,CPV,2015,42.4,Sub-Saharan Africa 
Cabo Verde,CPV,2007,47.2,Sub-Saharan Africa 
Cabo Verde,CPV,2001,52.5,Sub-Saharan Africa 
Cameroon,CMR,2021,42.2,Sub-Saharan Africa 
Cameroon,CMR,2014,46.6,Sub-Saharan Africa 
Cameroon,CMR,2007,42.8,Sub-Saharan Africa 
Cameroon,CMR,2001,42.1,Sub-Saharan Africa 
Cameroon,CMR,1996,44.4,Sub-Saharan Africa 
Canada,CAN,2022,31.5,North America
Canada,CAN,2021,31.1,North America
Canada,CAN,2020,29.9,North America
Canada,CAN,2019,31.8,North America
Canada,CAN,2018,32.5,North America
Canada,CAN,2017,33.3,North America
Canada,CAN,2016,32.7,North America
Canada,CAN,2015,33.7,North America
Canada,CAN,2014,33.2,North America
Canada,CAN,2013,33.8,North America
Canada,CAN,2012,33.5,North America
Canada,CAN,2011,32.7,North America
Canada,CAN,2010,33.6,North America
Canada,CAN,2009,34.0,North America
Canada,CAN,2008,33.9,North America
Canada,CAN,2007,33.8,North America
Canada,CAN,2006,34.1,North America
Canada,CAN,2005,33.6,North America
Canada,CAN,2004,33.8,North America
Canada,CAN,2003,33.8,North America
Canada,CAN,2002,33.6,North America
Canada,CAN,2001,33.6,North America
Canada,CAN,2000,33.4,North America
Canada,CAN,1999,33.1,North America
Canada,CAN,1998,33.2,North America
Canada,CAN,1997,33.1,North America
Canada,CAN,1996,32.8,North America
Canada,CAN,1995,31.5,North America
Canada,CAN,1994,31.3,North America
Canada,CAN,1993,31.7,North America
Canada,CAN,1992,31.6,North America
Canada,CAN,1991,31.9,North America
Canada,CAN,1990,31.4,North America
Canada,CAN,1989,31.0,North America
Canada,CAN,1988,31.2,North America
Canada,CAN,1987,31.7,North America
Canada,CAN,1986,31.7,North America
Canada,CAN,1985,33.2,North America
Canada,CAN,1984,33.5,North America
Canada,CAN,1982,32.9,North America
Canada,CAN,1981,33.0,North America
Canada,CAN,1979,33.5,North America
Canada,CAN,1977,33.7,North America
Canada,CAN,1975,34.1,North America
Canada,CAN,1973,34.9,North America
Canada,CAN,1971,37.2,North America
Central African Republic,CAF,2021,43.0,Sub-Saharan Africa 
Central African Republic,CAF,2008,56.2,Sub-Saharan Africa 
Central African Republic,CAF,1992,59.7,Sub-Saharan Africa 
Chad,TCD,2022,37.4,Sub-Saharan Africa 
Chad,TCD,2018,37.5,Sub-Saharan Africa 
Chad,TCD,2011,43.3,Sub-Saharan Africa 
Chad,TCD,2003,39.8,Sub-Saharan Africa 
Chile,CHL,2024,43.0,Latin America & Caribbean 
Chile,CHL,2022,43.2,Latin America & Caribbean 
Chile,CHL,2020,47.0,Latin America & Caribbean 
Chile,CHL,2017,45.3,Latin America & Caribbean 
Chile,CHL,2015,45.3,Latin America & Caribbean 
Chile,CHL,2013,46.8,Latin America & Caribbean 
Chile,CHL,2011,46.9,Latin America & Caribbean 
Chile,CHL,2009,47.4,Latin America & Caribbean 
Chile,CHL,2006,47.7,Latin America & Caribbean 
Chile,CHL,2003,51.5,Latin America & Caribbean 
Chile,CHL,2000,52.8,Latin America & Caribbean 
Chile,CHL,1998,55.5,Latin America & Caribbean 
Chile,CHL,1996,54.9,Latin America & Caribbean 
Chile,CHL,1994,56.4,Latin America & Caribbean 
Chile,CHL,1992,54.8,Latin America & Caribbean 
Chile,CHL,1990,57.2,Latin America & Caribbean 
Chile,CHL,1987,56.2,Latin America & Caribbean 
China,CHN,2022,36.0,East Asia & Pacific
China,CHN,2021,35.7,East Asia & Pacific
China,CHN,2020,37.1,East Asia & Pacific
China,CHN,2019,38.2,East Asia & Pacific
China,CHN,2018,38.5,East Asia & Pacific
China,CHN,2017,39.1,East Asia & Pacific
China,CHN,2016,38.5,East Asia & Pacific
China,CHN,2015,38.6,East Asia & Pacific
China,CHN,2014,39.2,East Asia & Pacific
China,CHN,2013,39.7,East Asia & Pacific
China,CHN,2012,42.2,East Asia & Pacific
China,CHN,2011,42.4,East Asia & Pacific
China,CHN,2010,43.7,East Asia & Pacific
China,CHN,2008,43.0,East Asia & Pacific
China,CHN,2005,40.9,East Asia & Pacific
China,CHN,2002,42.0,East Asia & Pacific
China,CHN,1999,38.7,East Asia & Pacific
China,CHN,1996,35.2,East Asia & Pacific
China,CHN,1993,33.9,East Asia & Pacific
China,CHN,1990,32.2,East Asia & Pacific
China,CHN,1987,29.4,East Asia & Pacific
China,CHN,1984,27.1,East Asia & Pacific
China,CHN,1981,28.2,East Asia & Pacific
Colombia,COL,2024,54.4,Latin America & Caribbean 
Colombia,COL,2023,54.6,Latin America & Caribbean 
Colombia,COL,2022,54.8,Latin America & Caribbean 
Colombia,COL,2021,55.1,Latin America & Caribbean 
Colombia,COL,2020,54.4,Latin America & Caribbean 
Colombia,COL,2019,52.5,Latin America & Caribbean 
Colombia,COL,2018,51.6,Latin America & Caribbean 
Colombia,COL,2017,50.9,Latin America & Caribbean 
Colombia,COL,2016,51.7,Latin America & Caribbean 
Colombia,COL,2015,52.0,Latin America & Caribbean 
Colombia,COL,2014,53.6,Latin America & Caribbean 
Colombia,COL,2013,53.5,Latin America & Caribbean 
Colombia,COL,2012,53.6,Latin America & Caribbean 
Colombia,COL,2011,53.3,Latin America & Caribbean 
Colombia,COL,2010,54.4,Latin America & Caribbean 
Colombia,COL,2009,54.1,Latin America & Caribbean 
Colombia,COL,2008,55.0,Latin America & Caribbean 
Colombia,COL,2005,53.9,Latin America & Caribbean 
Colombia,COL,2004,55.0,Latin America & Caribbean 
Colombia,COL,2003,53.6,Latin America & Caribbean 
Colombia,COL,2002,56.0,Latin America & Caribbean 
Colombia,COL,2001,57.3,Latin America & Caribbean 
Colombia,COL,2000,58.4,Latin America & Caribbean 
Colombia,COL,1999,58.5,Latin America & Caribbean 
Colombia,COL,1996,56.8,Latin America & Caribbean 
Colombia,COL,1992,51.3,Latin America & Caribbean 
Colombia,COL,1991,51.3,Latin America & Caribbean 
Colombia,COL,1989,52.8,Latin America & Caribbean 
Colombia,COL,1988,53.1,Latin America & Caribbean 
Colombia,COL,1980,55.1,Latin America & Caribbean 
Comoros,COM,2024,30.3,Sub-Saharan Africa 
Comoros,COM,2020,34.2,Sub-Saharan Africa 
Comoros,COM,2014,45.3,Sub-Saharan Africa 
Comoros,COM,2004,55.9,Sub-Saharan Africa 
"Congo, Dem. Rep.",COD,2020,44.7,Sub-Saharan Africa 
"Congo, Dem. Rep.",COD,2012,42.1,Sub-Saharan Africa 
"Congo, Dem. Rep.",COD,2004,41.6,Sub-Saharan Africa 
"Congo, Rep.",COG,2011,48.9,Sub-Saharan Africa 
"Congo, Rep.",COG,2005,47.3,Sub-Saharan Africa 
Costa Rica,CRI,2025,45.5,Latin America & Caribbean 
Costa Rica,CRI,2024,45.8,Latin America & Caribbean 
Costa Rica,CRI,2023,46.7,Latin America & Caribbean 
Costa Rica,CRI,2022,47.2,Latin America & Caribbean 
Costa Rica,CRI,2021,48.7,Latin America & Caribbean 
Costa Rica,CRI,2020,49.2,Latin America & Caribbean 
Costa Rica,CRI,2019,48.2,Latin America & Caribbean 
Costa Rica,CRI,2018,48.0,Latin America & Caribbean 
Costa Rica,CRI,2017,48.3,Latin America & Caribbean 
Costa Rica,CRI,2016,48.7,Latin America & Caribbean 
Costa Rica,CRI,2015,48.4,Latin America & Caribbean 
Costa Rica,CRI,2014,48.6,Latin America & Caribbean 
Costa Rica,CRI,2013,49.2,Latin America & Caribbean 
Costa Rica,CRI,2012,48.4,Latin America & Caribbean 
Costa Rica,CRI,2011,48.8,Latin America & Caribbean 
Costa Rica,CRI,2010,48.0,Latin America & Caribbean 
Costa Rica,CRI,2009,50.6,Latin America & Caribbean 
Costa Rica,CRI,2008,48.6,Latin America & Caribbean 
Costa Rica,CRI,2007,49.3,Latin America & Caribbean 
Costa Rica,CRI,2006,49.3,Latin America & Caribbean 
Costa Rica,CRI,2005,47.5,Latin America & Caribbean 
Costa Rica,CRI,2004,48.4,Latin America & Caribbean 
Costa Rica,CRI,2003,49.3,Latin America & Caribbean 
Costa Rica,CRI,2002,51.8,Latin America & Caribbean 
Costa Rica,CRI,2001,51.5,Latin America & Caribbean 
Costa Rica,CRI,2000,47.4,Latin America & Caribbean 
Costa Rica,CRI,1999,47.6,Latin America & Caribbean 
Costa Rica,CRI,1998,45.6,Latin America & Caribbean 
Costa Rica,CRI,1997,45.6,Latin America & Caribbean 
Costa Rica,CRI,1996,46.5,Latin America & Caribbean 
Costa Rica,CRI,1995,45.7,Latin America & Caribbean 
Costa Rica,CRI,1994,46.7,Latin America & Caribbean 
Costa Rica,CRI,1993,45.9,Latin America & Caribbean 
Costa Rica,CRI,1992,45.6,Latin America & Caribbean 
Costa Rica,CRI,1991,46.6,Latin America & Caribbean 
Costa Rica,CRI,1990,45.2,Latin America & Caribbean 
Costa Rica,CRI,1989,45.5,Latin America & Caribbean 
Costa Rica,CRI,1986,34.4,Latin America & Caribbean 
Costa Rica,CRI,1981,47.5,Latin America & Caribbean 
Cote d'Ivoire,CIV,2021,35.3,Sub-Saharan Africa 
Cote d'Ivoire,CIV,2018,37.2,Sub-Saharan Africa 
Cote d'Ivoire,CIV,2015,41.5,Sub-Saharan Africa 
Cote d'Ivoire,CIV,2008,43.2,Sub-Saharan Africa 
Cote d'Ivoire,CIV,2002,41.3,Sub-Saharan Africa 
Cote d'Ivoire,CIV,1998,39.0,Sub-Saharan Africa 
Cote d'Ivoire,CIV,1995,40.6,Sub-Saharan Africa 
Cote d'Ivoire,CIV,1992,39.4,Sub-Saharan Africa 
Cote d'Ivoire,CIV,1988,36.9,Sub-Saharan Africa 
Cote d'Ivoire,CIV,1987,40.5,Sub-Saharan Africa 
Cote d'Ivoire,CIV,1986,38.0,Sub-Saharan Africa 
Cote d'Ivoire,CIV,1985,45.5,Sub-Saharan Africa 
Croatia,HRV,2023,30.1,Europe & Central Asia
Croatia,HRV,2022,30.0,Europe & Central Asia
Croatia,HRV,2021,28.9,Europe & Central Asia
Croatia,HRV,2020,29.5,Europe & Central Asia
Croatia,HRV,2019,28.9,Europe & Central Asia
Croatia,HRV,2018,29.7,Europe & Central Asia
Croatia,HRV,2017,30.4,Europe & Central Asia
Croatia,HRV,2016,30.9,Europe & Central Asia
Croatia,HRV,2015,31.1,Europe & Central Asia
Croatia,HRV,2014,32.1,Europe & Central Asia
Croatia,HRV,2013,32.0,Europe & Central Asia
Croatia,HRV,2012,32.5,Europe & Central Asia
Croatia,HRV,2011,32.3,Europe & Central Asia
Croatia,HRV,2010,32.4,Europe & Central Asia
Croatia,HRV,2009,32.6,Europe & Central Asia
Croatia,HRV,2008,33.7,Europe & Central Asia
Croatia,HRV,2004,29.7,Europe & Central Asia
Croatia,HRV,2001,31.1,Europe & Central Asia
Croatia,HRV,2000,31.3,Europe & Central Asia
Croatia,HRV,1999,27.6,Europe & Central Asia
Croatia,HRV,1998,28.7,Europe & Central Asia
Croatia,HRV,1988,22.8,Europe & Central Asia
Cyprus,CYP,2023,31.8,Europe & Central Asia
Cyprus,CYP,2022,31.5,Europe & Central Asia
Cyprus,CYP,2021,31.3,Europe & Central Asia
Cyprus,CYP,2020,31.7,Europe & Central Asia
Cyprus,CYP,2019,31.2,Europe & Central Asia
Cyprus,CYP,2018,32.7,Europe & Central Asia
Cyprus,CYP,2017,31.4,Europe & Central Asia
Cyprus,CYP,2016,32.9,Europe & Central Asia
Cyprus,CYP,2015,34.0,Europe & Central Asia
Cyprus,CYP,2014,35.6,Europe & Central Asia
Cyprus,CYP,2013,37.0,Europe & Central Asia
Cyprus,CYP,2012,34.3,Europe & Central Asia
Cyprus,CYP,2011,32.6,Europe & Central Asia
Cyprus,CYP,2010,31.5,Europe & Central Asia
Cyprus,CYP,2009,32.1,Europe & Central Asia
Cyprus,CYP,2008,31.7,Europe & Central Asia
Cyprus,CYP,2007,31.1,Europe & Central Asia
Cyprus,CYP,2006,31.1,Europe & Central Asia
Cyprus,CYP,2005,30.3,Europe & Central Asia
Cyprus,CYP,2004,30.1,Europe & Central Asia
Czechia,CZE,2023,25.7,Europe & Central Asia
Czechia,CZE,2022,25.9,Europe & Central Asia
Czechia,CZE,2021,26.2,Europe & Central Asia
Czechia,CZE,2020,26.2,Europe & Central Asia
Czechia,CZE,2019,25.3,Europe & Central Asia
Czechia,CZE,2018,25.0,Europe & Central Asia
Czechia,CZE,2017,24.9,Europe & Central Asia
Czechia,CZE,2016,25.4,Europe & Central Asia
Czechia,CZE,2015,25.9,Europe & Central Asia
Czechia,CZE,2014,25.9,Europe & Central Asia
Czechia,CZE,2013,26.5,Europe & Central Asia
Czechia,CZE,2012,26.1,Europe & Central Asia
Czechia,CZE,2011,26.4,Europe & Central Asia
Czechia,CZE,2010,26.6,Europe & Central Asia
Czechia,CZE,2009,26.2,Europe & Central Asia
Czechia,CZE,2008,26.3,Europe & Central Asia
Czechia,CZE,2007,26.0,Europe & Central Asia
Czechia,CZE,2006,26.7,Europe & Central Asia
Czechia,CZE,2005,26.9,Europe & Central Asia
Czechia,CZE,2004,27.5,Europe & Central Asia
Czechia,CZE,2002,26.6,Europe & Central Asia
Czechia,CZE,1996,25.8,Europe & Central Asia
Czechia,CZE,1993,26.6,Europe & Central Asia
Czechia,CZE,1992,20.7,Europe & Central Asia
Denmark,DNK,2023,29.9,Europe & Central Asia
Denmark,DNK,2022,29.3,Europe & Central Asia
Denmark,DNK,2021,28.3,Europe & Central Asia
Denmark,DNK,2020,27.5,Europe & Central Asia
Denmark,DNK,2019,27.7,Europe & Central Asia
Denmark,DNK,2018,28.2,Europe & Central Asia
Denmark,DNK,2017,28.7,Europe & Central Asia
Denmark,DNK,2016,28.2,Europe & Central Asia
Denmark,DNK,2015,28.2,Europe & Central Asia
Denmark,DNK,2014,28.4,Europe & Central Asia
Denmark,DNK,2013,28.5,Europe & Central Asia
Denmark,DNK,2012,27.8,Europe & Central Asia
Denmark,DNK,2011,27.3,Europe & Central Asia
Denmark,DNK,2010,27.2,Europe & Central Asia
Denmark,DNK,2009,26.7,Europe & Central Asia
Denmark,DNK,2008,25.2,Europe & Central Asia
Denmark,DNK,2007,26.2,Europe & Central Asia
Denmark,DNK,2006,25.9,Europe & Central Asia
Denmark,DNK,2005,25.2,Europe & Central Asia
Denmark,DNK,2004,24.9,Europe & Central Asia
Denmark,DNK,2003,25.6,Europe & Central Asia
Denmark,DNK,2000,23.8,Europe & Central Asia
Denmark,DNK,1995,23.0,Europe & Central Asia
Denmark,DNK,1992,24.7,Europe & Central Asia
Denmark,DNK,1987,26.2,Europe & Central Asia
Djibouti,DJI,2017,41.6,"Middle East, North Africa, Afghanistan & Pakistan"
Djibouti,DJI,2013,44.1,"Middle East, North Africa, Afghanistan & Pakistan"
Djibouti,DJI,2012,45.1,"Middle East, North Africa, Afghanistan & Pakistan"
Djibouti,DJI,2002,40.0,"Middle East, North Africa, Afghanistan & Pakistan"
Dominican Republic,DOM,2024,39.0,Latin America & Caribbean 
Dominican Republic,DOM,2023,38.4,Latin America & Caribbean 
Dominican Republic,DOM,2022,37.0,Latin America & Caribbean 
Dominican Republic,DOM,2021,38.5,Latin America & Caribbean 
Dominican Republic,DOM,2020,39.6,Latin America & Caribbean 
Dominican Republic,DOM,2019,41.9,Latin America & Caribbean 
Dominican Republic,DOM,2018,43.7,Latin America & Caribbean 
Dominican Republic,DOM,2017,42.2,Latin America & Caribbean 
Dominican Republic,DOM,2016,45.7,Latin America & Caribbean 
Dominican Republic,DOM,2015,45.2,Latin America & Caribbean 
Dominican Republic,DOM,2014,44.3,Latin America & Caribbean 
Dominican Republic,DOM,2013,47.7,Latin America & Caribbean 
Dominican Republic,DOM,2012,46.1,Latin America & Caribbean 
Dominican Republic,DOM,2011,47.7,Latin America & Caribbean 
Dominican Republic,DOM,2010,47.3,Latin America & Caribbean 
Dominican Republic,DOM,2009,48.9,Latin America & Caribbean 
Dominican Republic,DOM,2008,48.1,Latin America & Caribbean 
Dominican Republic,DOM,2007,48.9,Latin America & Caribbean 
Dominican Republic,DOM,2006,52.0,Latin America & Caribbean 
Dominican Republic,DOM,2005,50.0,Latin America & Caribbean 
Dominican Republic,DOM,2004,52.1,Latin America & Caribbean 
Dominican Republic,DOM,2003,52.1,Latin America & Caribbean 
Dominican Republic,DOM,2002,49.7,Latin America & Caribbean 
Dominican Republic,DOM,2001,50.0,Latin America & Caribbean 
Dominican Republic,DOM,2000,51.5,Latin America & Caribbean 
Dominican Republic,DOM,1997,48.9,Latin America & Caribbean 
Dominican Republic,DOM,1996,47.4,Latin America & Caribbean 
Dominican Republic,DOM,1992,51.1,Latin America & Caribbean 
Dominican Republic,DOM,1989,50.4,Latin America & Caribbean 
Dominican Republic,DOM,1986,47.8,Latin America & Caribbean 
Ecuador,ECU,2025,45.9,Latin America & Caribbean 
Ecuador,ECU,2024,45.2,Latin America & Caribbean 
Ecuador,ECU,2023,44.6,Latin America & Caribbean 
Ecuador,ECU,2022,45.5,Latin America & Caribbean 
Ecuador,ECU,2021,45.8,Latin America & Caribbean 
Ecuador,ECU,2020,47.3,Latin America & Caribbean 
Ecuador,ECU,2019,45.7,Latin America & Caribbean 
Ecuador,ECU,2018,45.4,Latin America & Caribbean 
Ecuador,ECU,2017,44.7,Latin America & Caribbean 
Ecuador,ECU,2016,45.0,Latin America & Caribbean 
Ecuador,ECU,2015,46.0,Latin America & Caribbean 
Ecuador,ECU,2014,45.0,Latin America & Caribbean 
Ecuador,ECU,2013,46.9,Latin America & Caribbean 
Ecuador,ECU,2012,46.1,Latin America & Caribbean 
Ecuador,ECU,2011,45.9,Latin America & Caribbean 
Ecuador,ECU,2010,48.8,Latin America & Caribbean 
Ecuador,ECU,2009,48.5,Latin America & Caribbean 
Ecuador,ECU,2008,49.8,Latin America & Caribbean 
Ecuador,ECU,2007,53.4,Latin America & Caribbean 
Ecuador,ECU,2006,52.3,Latin America & Caribbean 
Ecuador,ECU,2005,53.1,Latin America & Caribbean 
Ecuador,ECU,2004,53.9,Latin America & Caribbean 
Ecuador,ECU,2003,53.5,Latin America & Caribbean 
Ecuador,ECU,2000,56.3,Latin America & Caribbean 
Ecuador,ECU,1999,58.6,Latin America & Caribbean 
Ecuador,ECU,1998,49.6,Latin America & Caribbean 
Ecuador,ECU,1995,50.8,Latin America & Caribbean 
Ecuador,ECU,1994,53.3,Latin America & Caribbean 
Ecuador,ECU,1987,50.5,Latin America & Caribbean 
"Egypt, Arab Rep.",EGY,2021,28.5,"Middle East, North Africa, Afghanistan & Pakistan"
"Egypt, Arab Rep.",EGY,2019,31.9,"Middle East, North Africa, Afghanistan & Pakistan"
"Egypt, Arab Rep.",EGY,2017,31.5,"Middle East, North Africa, Afghanistan & Pakistan"
"Egypt, Arab Rep.",EGY,2015,31.8,"Middle East, North Africa, Afghanistan & Pakistan"
"Egypt, Arab Rep.",EGY,2012,28.3,"Middle East, North Africa, Afghanistan & Pakistan"
"Egypt, Arab Rep.",EGY,2010,30.2,"Middle East, North Africa, Afghanistan & Pakistan"
"Egypt, Arab Rep.",EGY,2008,31.1,"Middle East, North Africa, Afghanistan & Pakistan"
"Egypt, Arab Rep.",EGY,2004,31.8,"Middle East, North Africa, Afghanistan & Pakistan"
"Egypt, Arab Rep.",EGY,1999,30.8,"Middle East, North Africa, Afghanistan & Pakistan"
"Egypt, Arab Rep.",EGY,1995,30.1,"Middle East, North Africa, Afghanistan & Pakistan"
"Egypt, Arab Rep.",EGY,1990,32.0,"Middle East, North Africa, Afghanistan & Pakistan"
El Salvador,SLV,2023,39.8,Latin America & Caribbean 
El Salvador,SLV,2022,38.8,Latin America & Caribbean 
El Salvador,SLV,2021,39.0,Latin America & Caribbean 
El Salvador,SLV,2019,38.8,Latin America & Caribbean 
El Salvador,SLV,2018,38.6,Latin America & Caribbean 
El Salvador,SLV,2017,38.0,Latin America & Caribbean 
El Salvador,SLV,2016,40.0,Latin America & Caribbean 
El Salvador,SLV,2015,40.6,Latin America & Caribbean 
El Salvador,SLV,2014,41.6,Latin America & Caribbean 
El Salvador,SLV,2013,43.4,Latin America & Caribbean 
El Salvador,SLV,2012,41.8,Latin America & Caribbean 
El Salvador,SLV,2011,42.3,Latin America & Caribbean 
El Salvador,SLV,2010,43.5,Latin America & Caribbean 
El Salvador,SLV,2009,45.8,Latin America & Caribbean 
El Salvador,SLV,2008,46.9,Latin America & Caribbean 
El Salvador,SLV,2007,45.2,Latin America & Caribbean 
El Salvador,SLV,2006,45.7,Latin America & Caribbean 
El Salvador,SLV,2005,48.5,Latin America & Caribbean 
El Salvador,SLV,2004,47.8,Latin America & Caribbean 
El Salvador,SLV,2003,50.4,Latin America & Caribbean 
El Salvador,SLV,2002,51.9,Latin America & Caribbean 
El Salvador,SLV,2001,51.3,Latin America & Caribbean 
El Salvador,SLV,2000,51.5,Latin America & Caribbean 
El Salvador,SLV,1999,52.1,Latin America & Caribbean 
El Salvador,SLV,1998,54.4,Latin America & Caribbean 
El Salvador,SLV,1996,51.0,Latin America & Caribbean 
El Salvador,SLV,1995,49.8,Latin America & Caribbean 
El Salvador,SLV,1991,53.8,Latin America & Caribbean 
El Salvador,SLV,1989,48.7,Latin America & Caribbean 
Equatorial Guinea,GNQ,2022,38.5,Sub-Saharan Africa 
Estonia,EST,2023,30.7,Europe & Central Asia
Estonia,EST,2022,32.3,Europe & Central Asia
Estonia,EST,2021,31.8,Europe & Central Asia
Estonia,EST,2020,30.7,Europe & Central Asia
Estonia,EST,2019,30.8,Europe & Central Asia
Estonia,EST,2018,30.3,Europe & Central Asia
Estonia,EST,2017,30.4,Europe & Central Asia
Estonia,EST,2016,31.2,Europe & Central Asia
Estonia,EST,2015,32.7,Europe & Central Asia
Estonia,EST,2014,34.6,Europe & Central Asia
Estonia,EST,2013,35.1,Europe & Central Asia
Estonia,EST,2012,32.9,Europe & Central Asia
Estonia,EST,2011,32.5,Europe & Central Asia
Estonia,EST,2010,32.0,Europe & Central Asia
Estonia,EST,2009,31.4,Europe & Central Asia
Estonia,EST,2008,31.9,Europe & Central Asia
Estonia,EST,2007,31.2,Europe & Central Asia
Estonia,EST,2006,33.7,Europe & Central Asia
Estonia,EST,2005,33.4,Europe & Central Asia
Estonia,EST,2004,33.6,Europe & Central Asia
Estonia,EST,2003,37.2,Europe & Central Asia
Estonia,EST,2002,35.8,Europe & Central Asia
Estonia,EST,2001,36.0,Europe & Central Asia
Estonia,EST,2000,35.8,Europe & Central Asia
Estonia,EST,1998,37.6,Europe & Central Asia
Estonia,EST,1995,30.1,Europe & Central Asia
Estonia,EST,1993,39.4,Europe & Central Asia
Eswatini,SWZ,2016,54.6,Sub-Saharan Africa 
Eswatini,SWZ,2009,51.4,Sub-Saharan Africa 
Eswatini,SWZ,2000,53.1,Sub-Saharan Africa 
Eswatini,SWZ,1994,58.7,Sub-Saharan Africa 
Ethiopia,ETH,2021,31.1,Sub-Saharan Africa 
Ethiopia,ETH,2015,35.0,Sub-Saharan Africa 
Ethiopia,ETH,2010,33.2,Sub-Saharan Africa 
Ethiopia,ETH,2004,29.8,Sub-Saharan Africa 
Ethiopia,ETH,1999,30.0,Sub-Saharan Africa 
Ethiopia,ETH,1995,44.6,Sub-Saharan Africa 
Fiji,FJI,2019,30.7,East Asia & Pacific
Fiji,FJI,2013,36.7,East Asia & Pacific
Fiji,FJI,2008,40.4,East Asia & Pacific
Fiji,FJI,2002,38.1,East Asia & Pacific
Finland,FIN,2023,27.4,Europe & Central Asia
Finland,FIN,2022,27.9,Europe & Central Asia
Finland,FIN,2021,27.7,Europe & Central Asia
Finland,FIN,2020,27.1,Europe & Central Asia
Finland,FIN,2019,27.7,Europe & Central Asia
Finland,FIN,2018,27.3,Europe & Central Asia
Finland,FIN,2017,27.4,Europe & Central Asia
Finland,FIN,2016,27.1,Europe & Central Asia
Finland,FIN,2015,27.1,Europe & Central Asia
Finland,FIN,2014,26.8,Europe & Central Asia
Finland,FIN,2013,27.2,Europe & Central Asia
Finland,FIN,2012,27.1,Europe & Central Asia
Finland,FIN,2011,27.6,Europe & Central Asia
Finland,FIN,2010,27.7,Europe & Central Asia
Finland,FIN,2009,27.5,Europe & Central Asia
Finland,FIN,2008,27.8,Europe & Central Asia
Finland,FIN,2007,28.3,Europe & Central Asia
Finland,FIN,2006,28.0,Europe & Central Asia
Finland,FIN,2005,27.6,Europe & Central Asia
Finland,FIN,2004,27.9,Europe & Central Asia
Finland,FIN,2003,27.7,Europe & Central Asia
Finland,FIN,2000,27.2,Europe & Central Asia
Finland,FIN,1995,23.5,Europe & Central Asia
Finland,FIN,1991,22.9,Europe & Central Asia
Finland,FIN,1987,22.2,Europe & Central Asia
France,FRA,2023,31.8,Europe & Central Asia
France,FRA,2022,31.2,Europe & Central Asia
France,FRA,2021,31.5,Europe & Central Asia
France,FRA,2020,30.7,Europe & Central Asia
France,FRA,2019,31.2,Europe & Central Asia
France,FRA,2018,32.4,Europe & Central Asia
France,FRA,2017,31.6,Europe & Central Asia
France,FRA,2016,31.9,Europe & Central Asia
France,FRA,2015,32.7,Europe & Central Asia
France,FRA,2014,32.3,Europe & Central Asia
France,FRA,2013,32.5,Europe & Central Asia
France,FRA,2012,33.1,Europe & Central Asia
France,FRA,2011,33.3,Europe & Central Asia
France,FRA,2010,33.7,Europe & Central Asia
France,FRA,2009,32.7,Europe & Central Asia
France,FRA,2008,33.0,Europe & Central Asia
France,FRA,2007,32.4,Europe & Central Asia
France,FRA,2006,29.7,Europe & Central Asia
France,FRA,2005,29.8,Europe & Central Asia
France,FRA,2004,30.6,Europe & Central Asia
France,FRA,2003,31.4,Europe & Central Asia
France,FRA,2002,31.8,Europe & Central Asia
France,FRA,2001,32.5,Europe & Central Asia
France,FRA,2000,32.6,Europe & Central Asia
France,FRA,1999,32.5,Europe & Central Asia
France,FRA,1998,31.7,Europe & Central Asia
France,FRA,1997,31.9,Europe & Central Asia
France,FRA,1996,32.0,Europe & Central Asia
France,FRA,1990,32.1,Europe & Central Asia
France,FRA,1984,33.4,Europe & Central Asia
France,FRA,1979,34.0,Europe & Central Asia
France,FRA,1975,35.9,Europe & Central Asia
France,FRA,1970,37.1,Europe & Central Asia
Gabon,GAB,2017,38.0,Sub-Saharan Africa 
Gabon,GAB,2005,42.2,Sub-Saharan Africa 
"Gambia, The",GMB,2020,38.8,Sub-Saharan Africa 
"Gambia, The",GMB,2015,35.9,Sub-Saharan Africa 
"Gambia, The",GMB,2010,43.6,Sub-Saharan Africa 
"Gambia, The",GMB,2003,47.3,Sub-Saharan Africa 
"Gambia, The",GMB,1998,48.3,Sub-Saharan Africa 
Georgia,GEO,2024,33.9,Europe & Central Asia
Georgia,GEO,2023,34.8,Europe & Central Asia
Georgia,GEO,2022,33.5,Europe & Central Asia
Georgia,GEO,2021,34.2,Europe & Central Asia
Georgia,GEO,2020,34.5,Europe & Central Asia
Georgia,GEO,2019,35.9,Europe & Central Asia
Georgia,GEO,2018,36.4,Europe & Central Asia
Georgia,GEO,2017,37.9,Europe & Central Asia
Georgia,GEO,2016,36.6,Europe & Central Asia
Georgia,GEO,2015,36.5,Europe & Central Asia
Georgia,GEO,2014,37.6,Europe & Central Asia
Georgia,GEO,2013,38.6,Europe & Central Asia
Georgia,GEO,2012,39.0,Europe & Central Asia
Georgia,GEO,2011,39.6,Europe & Central Asia
Georgia,GEO,2010,39.5,Europe & Central Asia
Georgia,GEO,2009,38.2,Europe & Central Asia
Georgia,GEO,2008,38.5,Europe & Central Asia
Georgia,GEO,2007,38.1,Europe & Central Asia
Georgia,GEO,2006,36.9,Europe & Central Asia
Georgia,GEO,2005,37.4,Europe & Central Asia
Georgia,GEO,2004,36.2,Europe & Central Asia
Georgia,GEO,2003,36.6,Europe & Central Asia
Georgia,GEO,2002,37.2,Europe & Central Asia
Georgia,GEO,2001,39.6,Europe & Central Asia
Georgia,GEO,2000,40.5,Europe & Central Asia
Georgia,GEO,1999,40.1,Europe & Central Asia
Georgia,GEO,1998,41.2,Europe & Central Asia
Georgia,GEO,1997,40.7,Europe & Central Asia
Georgia,GEO,1996,37.1,Europe & Central Asia
Germany,DEU,2022,33.7,Europe & Central Asia
Germany,DEU,2021,33.6,Europe & Central Asia
Germany,DEU,2020,32.5,Europe & Central Asia
Germany,DEU,2019,32.2,Europe & Central Asia
Germany,DEU,2018,31.9,Europe & Central Asia
Germany,DEU,2017,31.3,Europe & Central Asia
Germany,DEU,2016,31.3,Europe & Central Asia
Germany,DEU,2015,31.4,Europe & Central Asia
Germany,DEU,2014,30.8,Europe & Central Asia
Germany,DEU,2013,31.4,Europe & Central Asia
Germany,DEU,2012,30.9,Europe & Central Asia
Germany,DEU,2011,30.4,Europe & Central Asia
Germany,DEU,2010,30.2,Europe & Central Asia
Germany,DEU,2009,30.4,Europe & Central Asia
Germany,DEU,2008,30.6,Europe & Central Asia
Germany,DEU,2007,31.2,Europe & Central Asia
Germany,DEU,2006,31.0,Europe & Central Asia
Germany,DEU,2005,31.6,Europe & Central Asia
Germany,DEU,2004,30.1,Europe & Central Asia
Germany,DEU,2003,29.9,Europe & Central Asia
Germany,DEU,2002,29.9,Europe & Central Asia
Germany,DEU,2001,29.9,Europe & Central Asia
Germany,DEU,2000,28.7,Europe & Central Asia
Germany,DEU,1999,29.0,Europe & Central Asia
Germany,DEU,1998,28.1,Europe & Central Asia
Germany,DEU,1997,28.2,Europe & Central Asia
Germany,DEU,1996,28.3,Europe & Central Asia
Germany,DEU,1995,28.7,Europe & Central Asia
Germany,DEU,1994,29.1,Europe & Central Asia
Germany,DEU,1993,28.4,Europe & Central Asia
Germany,DEU,1992,29.0,Europe & Central Asia
Germany,DEU,1991,29.3,Europe & Central Asia
Ghana,GHA,2016,43.5,Sub-Saharan Africa 
Ghana,GHA,2012,42.4,Sub-Saharan Africa 
Ghana,GHA,2005,42.8,Sub-Saharan Africa 
Ghana,GHA,1998,40.1,Sub-Saharan Africa 
Ghana,GHA,1991,38.4,Sub-Saharan Africa 
Ghana,GHA,1988,36.0,Sub-Saharan Africa 
Ghana,GHA,1987,35.3,Sub-Saharan Africa 
Greece,GRC,2023,33.4,Europe & Central Asia
Greece,GRC,2022,33.4,Europe & Central Asia
Greece,GRC,2021,32.9,Europe & Central Asia
Greece,GRC,2020,33.6,Europe & Central Asia
Greece,GRC,2019,33.1,Europe & Central Asia
Greece,GRC,2018,32.9,Europe & Central Asia
Greece,GRC,2017,34.4,Europe & Central Asia
Greece,GRC,2016,35.0,Europe & Central Asia
Greece,GRC,2015,36.0,Europe & Central Asia
Greece,GRC,2014,35.8,Europe & Central Asia
Greece,GRC,2013,36.1,Europe & Central Asia
Greece,GRC,2012,36.3,Europe & Central Asia
Greece,GRC,2011,34.8,Europe & Central Asia
Greece,GRC,2010,34.1,Europe & Central Asia
Greece,GRC,2009,33.6,Europe & Central Asia
Greece,GRC,2008,33.6,Europe & Central Asia
Greece,GRC,2007,34.0,Europe & Central Asia
Greece,GRC,2006,35.1,Europe & Central Asia
Greece,GRC,2005,34.6,Europe & Central Asia
Greece,GRC,2004,33.6,Europe & Central Asia
Greece,GRC,2003,32.8,Europe & Central Asia
Greece,GRC,2002,35.5,Europe & Central Asia
Greece,GRC,2000,34.4,Europe & Central Asia
Greece,GRC,1995,36.5,Europe & Central Asia
Grenada,GRD,2018,43.8,Latin America & Caribbean 
Guatemala,GTM,2023,45.2,Latin America & Caribbean 
Guatemala,GTM,2014,48.3,Latin America & Caribbean 
Guatemala,GTM,2006,54.5,Latin America & Caribbean 
Guatemala,GTM,2000,54.2,Latin America & Caribbean 
Guatemala,GTM,1998,49.4,Latin America & Caribbean 
Guatemala,GTM,1989,58.8,Latin America & Caribbean 
Guatemala,GTM,1986,54.1,Latin America & Caribbean 
Guinea,GIN,2018,29.6,Sub-Saharan Africa 
Guinea,GIN,2012,33.7,Sub-Saharan Africa 
Guinea,GIN,2007,39.4,Sub-Saharan Africa 
Guinea,GIN,2002,43.0,Sub-Saharan Africa 
Guinea,GIN,1994,46.1,Sub-Saharan Africa 
Guinea,GIN,1991,45.6,Sub-Saharan Africa 
Guinea-Bissau,GNB,2021,33.4,Sub-Saharan Africa 
Guinea-Bissau,GNB,2018,34.8,Sub-Saharan Africa 
Guinea-Bissau,GNB,2010,50.6,Sub-Saharan Africa 
Guinea-Bissau,GNB,2002,35.6,Sub-Saharan Africa 
Guinea-Bissau,GNB,1993,43.6,Sub-Saharan Africa 
Guinea-Bissau,GNB,1991,55.8,Sub-Saharan Africa 
Guyana,GUY,1998,45.1,Latin America & Caribbean 
Guyana,GUY,1992,39.5,Latin America & Caribbean 
Haiti,HTI,2012,41.1,Latin America & Caribbean 
Haiti,HTI,2001,59.0,Latin America & Caribbean 
Honduras,HND,2024,45.7,Latin America & Caribbean 
Honduras,HND,2023,46.8,Latin America & Caribbean 
Honduras,HND,2019,48.2,Latin America & Caribbean 
Honduras,HND,2018,48.9,Latin America & Caribbean 
Honduras,HND,2017,49.4,Latin America & Caribbean 
Honduras,HND,2016,49.8,Latin America & Caribbean 
Honduras,HND,2015,49.2,Latin America & Caribbean 
Honduras,HND,2014,49.9,Latin America & Caribbean 
Honduras,HND,2013,50.0,Latin America & Caribbean 
Honduras,HND,2012,53.4,Latin America & Caribbean 
Honduras,HND,2011,52.6,Latin America & Caribbean 
Honduras,HND,2010,53.1,Latin America & Caribbean 
Honduras,HND,2009,51.3,Latin America & Caribbean 
Honduras,HND,2008,55.5,Latin America & Caribbean 
Honduras,HND,2007,55.8,Latin America & Caribbean 
Honduras,HND,2006,57.5,Latin America & Caribbean 
Honduras,HND,2005,59.5,Latin America & Caribbean 
Honduras,HND,2004,58.1,Latin America & Caribbean 
Honduras,HND,2003,58.1,Latin America & Caribbean 
Honduras,HND,2002,55.7,Latin America & Caribbean 
Honduras,HND,2001,55.4,Latin America & Caribbean 
Honduras,HND,1999,55.2,Latin America & Caribbean 
Honduras,HND,1998,57.3,Latin America & Caribbean 
Honduras,HND,1997,52.7,Latin America & Caribbean 
Honduras,HND,1996,55.7,Latin America & Caribbean 
Honduras,HND,1995,55.5,Latin America & Caribbean 
Honduras,HND,1994,55.0,Latin America & Caribbean 
Honduras,HND,1993,53.4,Latin America & Caribbean 
Honduras,HND,1992,51.8,Latin America & Caribbean 
Honduras,HND,1991,51.8,Latin America & Caribbean 
Honduras,HND,1990,55.9,Latin America & Caribbean 
Honduras,HND,1989,55.4,Latin America & Caribbean 
Hungary,HUN,2017,30.6,Europe & Central Asia
Hungary,HUN,2016,30.3,Europe & Central Asia
Hungary,HUN,2015,30.4,Europe & Central Asia
Hungary,HUN,2014,30.9,Europe & Central Asia
Hungary,HUN,2013,31.5,Europe & Central Asia
Hungary,HUN,2012,30.8,Europe & Central Asia
Hungary,HUN,2011,29.2,Europe & Central Asia
Hungary,HUN,2010,29.4,Europe & Central Asia
Hungary,HUN,2009,27.0,Europe & Central Asia
Hungary,HUN,2008,27.5,Europe & Central Asia
Hungary,HUN,2007,27.9,Europe & Central Asia
Hungary,HUN,2006,28.3,Europe & Central Asia
Hungary,HUN,2005,34.7,Europe & Central Asia
Hungary,HUN,2004,29.9,Europe & Central Asia
Hungary,HUN,2003,30.9,Europe & Central Asia
Hungary,HUN,2002,26.8,Europe & Central Asia
Hungary,HUN,2001,26.9,Europe & Central Asia
Hungary,HUN,2000,27.2,Europe & Central Asia
Hungary,HUN,1999,30.2,Europe & Central Asia
Hungary,HUN,1998,26.4,Europe & Central Asia
Hungary,HUN,1994,33.3,Europe & Central Asia
Hungary,HUN,1993,27.9,Europe & Central Asia
Hungary,HUN,1991,29.6,Europe & Central Asia
Hungary,HUN,1989,25.0,Europe & Central Asia
Hungary,HUN,1987,20.9,Europe & Central Asia
Iceland,ISL,2019,26.8,Europe & Central Asia
Iceland,ISL,2018,26.6,Europe & Central Asia
Iceland,ISL,2017,26.1,Europe & Central Asia
Iceland,ISL,2016,27.2,Europe & Central Asia
Iceland,ISL,2015,26.8,Europe & Central Asia
Iceland,ISL,2014,27.8,Europe & Central Asia
Iceland,ISL,2013,25.4,Europe & Central Asia
Iceland,ISL,2012,26.8,Europe & Central Asia
Iceland,ISL,2011,26.8,Europe & Central Asia
Iceland,ISL,2010,26.2,Europe & Central Asia
Iceland,ISL,2009,28.7,Europe & Central Asia
Iceland,ISL,2008,31.8,Europe & Central Asia
Iceland,ISL,2007,29.5,Europe & Central Asia
Iceland,ISL,2006,30.2,Europe & Central Asia
Iceland,ISL,2005,29.0,Europe & Central Asia
Iceland,ISL,2004,28.0,Europe & Central Asia
Iceland,ISL,2003,26.8,Europe & Central Asia
India,IND,2022,25.5,South Asia
India,IND,2011,28.8,South Asia
India,IND,2009,27.8,South Asia
India,IND,2004,27.7,South Asia
India,IND,1993,26.1,South Asia
India,IND,1987,27.5,South Asia
India,IND,1983,27.2,South Asia
India,IND,1977,29.7,South Asia
Indonesia,IDN,2025,34.4,East Asia & Pacific
Indonesia,IDN,2024,34.9,East Asia & Pacific
Indonesia,IDN,2023,36.1,East Asia & Pacific
Indonesia,IDN,2022,35.5,East Asia & Pacific
Indonesia,IDN,2021,35.5,East Asia & Pacific
Indonesia,IDN,2020,35.3,East Asia & Pacific
Indonesia,IDN,2019,35.4,East Asia & Pacific
Indonesia,IDN,2018,36.3,East Asia & Pacific
Indonesia,IDN,2017,36.4,East Asia & Pacific
Indonesia,IDN,2016,36.9,East Asia & Pacific
Indonesia,IDN,2015,38.2,East Asia & Pacific
Indonesia,IDN,2014,38.8,East Asia & Pacific
Indonesia,IDN,2013,38.9,East Asia & Pacific
Indonesia,IDN,2012,37.1,East Asia & Pacific
Indonesia,IDN,2011,37.9,East Asia & Pacific
Indonesia,IDN,2010,34.6,East Asia & Pacific
Indonesia,IDN,2009,33.4,East Asia & Pacific
Indonesia,IDN,2008,32.6,East Asia & Pacific
Indonesia,IDN,2007,33.2,East Asia & Pacific
Indonesia,IDN,2006,31.5,East Asia & Pacific
Indonesia,IDN,2005,29.9,East Asia & Pacific
Indonesia,IDN,2004,30.4,East Asia & Pacific
Indonesia,IDN,2003,29.3,East Asia & Pacific
Indonesia,IDN,2002,30.2,East Asia & Pacific
Indonesia,IDN,2001,31.2,East Asia & Pacific
Indonesia,IDN,2000,30.3,East Asia & Pacific
Indonesia,IDN,1999,30.8,East Asia & Pacific
Indonesia,IDN,1998,30.9,East Asia & Pacific
Indonesia,IDN,1996,34.2,East Asia & Pacific
Indonesia,IDN,1993,31.8,East Asia & Pacific
Indonesia,IDN,1990,31.1,East Asia & Pacific
Indonesia,IDN,1987,30.4,East Asia & Pacific
Indonesia,IDN,1984,32.3,East Asia & Pacific
"Iran, Islamic Rep.",IRN,2023,35.9,"Middle East, North Africa, Afghanistan & Pakistan"
"Iran, Islamic Rep.",IRN,2022,34.8,"Middle East, North Africa, Afghanistan & Pakistan"
"Iran, Islamic Rep.",IRN,2021,35.5,"Middle East, North Africa, Afghanistan & Pakistan"
"Iran, Islamic Rep.",IRN,2020,35.8,"Middle East, North Africa, Afghanistan & Pakistan"
"Iran, Islamic Rep.",IRN,2019,36.5,"Middle East, North Africa, Afghanistan & Pakistan"
"Iran, Islamic Rep.",IRN,2018,37.4,"Middle East, North Africa, Afghanistan & Pakistan"
"Iran, Islamic Rep.",IRN,2017,36.7,"Middle East, North Africa, Afghanistan & Pakistan"
"Iran, Islamic Rep.",IRN,2016,35.9,"Middle East, North Africa, Afghanistan & Pakistan"
"Iran, Islamic Rep.",IRN,2015,35.3,"Middle East, North Africa, Afghanistan & Pakistan"
"Iran, Islamic Rep.",IRN,2014,34.8,"Middle East, North Africa, Afghanistan & Pakistan"
"Iran, Islamic Rep.",IRN,2013,34.0,"Middle East, North Africa, Afghanistan & Pakistan"
"Iran, Islamic Rep.",IRN,2012,34.4,"Middle East, North Africa, Afghanistan & Pakistan"
"Iran, Islamic Rep.",IRN,2011,34.7,"Middle East, North Africa, Afghanistan & Pakistan"
"Iran, Islamic Rep.",IRN,2009,42.1,"Middle East, North Africa, Afghanistan & Pakistan"
"Iran, Islamic Rep.",IRN,2006,44.8,"Middle East, North Africa, Afghanistan & Pakistan"
"Iran, Islamic Rep.",IRN,2005,43.6,"Middle East, North Africa, Afghanistan & Pakistan"
"Iran, Islamic Rep.",IRN,1998,44.1,"Middle East, North Africa, Afghanistan & Pakistan"
"Iran, Islamic Rep.",IRN,1994,43.0,"Middle East, North Africa, Afghanistan & Pakistan"
"Iran, Islamic Rep.",IRN,1990,43.6,"Middle East, North Africa, Afghanistan & Pakistan"
"Iran, Islamic Rep.",IRN,1986,47.4,"Middle East, North Africa, Afghanistan & Pakistan"
Iraq,IRQ,2023,29.8,"Middle East, North Africa, Afghanistan & Pakistan"
Iraq,IRQ,2012,29.5,"Middle East, North Africa, Afghanistan & Pakistan"
Iraq,IRQ,2006,28.6,"Middle East, North Africa, Afghanistan & Pakistan"
Ireland,IRL,2023,29.0,Europe & Central Asia
Ireland,IRL,2022,29.9,Europe & Central Asia
Ireland,IRL,2021,29.4,Europe & Central Asia
Ireland,IRL,2020,29.2,Europe & Central Asia
Ireland,IRL,2019,30.3,Europe & Central Asia
Ireland,IRL,2018,30.6,Europe & Central Asia
Ireland,IRL,2017,31.4,Europe & Central Asia
Ireland,IRL,2016,32.8,Europe & Central Asia
Ireland,IRL,2015,31.8,Europe & Central Asia
Ireland,IRL,2014,31.9,Europe & Central Asia
Ireland,IRL,2013,33.5,Europe & Central Asia
Ireland,IRL,2012,33.2,Europe & Central Asia
Ireland,IRL,2011,32.9,Europe & Central Asia
Ireland,IRL,2010,32.3,Europe & Central Asia
Ireland,IRL,2009,32.7,Europe & Central Asia
Ireland,IRL,2008,30.9,Europe & Central Asia
Ireland,IRL,2007,31.9,Europe & Central Asia
Ireland,IRL,2006,32.7,Europe & Central Asia
Ireland,IRL,2005,33.8,Europe & Central Asia
Ireland,IRL,2004,33.6,Europe & Central Asia
Ireland,IRL,2003,32.9,Europe & Central Asia
Ireland,IRL,2002,32.3,Europe & Central Asia
Ireland,IRL,2000,33.0,Europe & Central Asia
Ireland,IRL,1996,35.6,Europe & Central Asia
Ireland,IRL,1995,37.0,Europe & Central Asia
Ireland,IRL,1994,36.9,Europe & Central Asia
Ireland,IRL,1987,35.5,Europe & Central Asia
Israel,ISR,2022,38.3,"Middle East, North Africa, Afghanistan & Pakistan"
Israel,ISR,2021,37.9,"Middle East, North Africa, Afghanistan & Pakistan"
Israel,ISR,2020,37.8,"Middle East, North Africa, Afghanistan & Pakistan"
Israel,ISR,2019,38.3,"Middle East, North Africa, Afghanistan & Pakistan"
Israel,ISR,2018,38.6,"Middle East, North Africa, Afghanistan & Pakistan"
Israel,ISR,2017,38.2,"Middle East, North Africa, Afghanistan & Pakistan"
Israel,ISR,2016,39.0,"Middle East, North Africa, Afghanistan & Pakistan"
Israel,ISR,2015,39.7,"Middle East, North Africa, Afghanistan & Pakistan"
Israel,ISR,2014,39.8,"Middle East, North Africa, Afghanistan & Pakistan"
Israel,ISR,2013,39.9,"Middle East, North Africa, Afghanistan & Pakistan"
Israel,ISR,2012,41.3,"Middle East, North Africa, Afghanistan & Pakistan"
Israel,ISR,2011,41.5,"Middle East, North Africa, Afghanistan & Pakistan"
Israel,ISR,2010,42.6,"Middle East, North Africa, Afghanistan & Pakistan"
Israel,ISR,2009,42.6,"Middle East, North Africa, Afghanistan & Pakistan"
Israel,ISR,2008,41.6,"Middle East, North Africa, Afghanistan & Pakistan"
Israel,ISR,2007,41.1,"Middle East, North Africa, Afghanistan & Pakistan"
Israel,ISR,2006,41.6,"Middle East, North Africa, Afghanistan & Pakistan"
Israel,ISR,2005,42.3,"Middle East, North Africa, Afghanistan & Pakistan"
Israel,ISR,2004,41.5,"Middle East, North Africa, Afghanistan & Pakistan"
Israel,ISR,2003,40.7,"Middle East, North Africa, Afghanistan & Pakistan"
Israel,ISR,2002,39.6,"Middle East, North Africa, Afghanistan & Pakistan"
Israel,ISR,2001,38.9,"Middle East, North Africa, Afghanistan & Pakistan"
Israel,ISR,1997,38.1,"Middle East, North Africa, Afghanistan & Pakistan"
Israel,ISR,1992,35.5,"Middle East, North Africa, Afghanistan & Pakistan"
Israel,ISR,1986,36.5,"Middle East, North Africa, Afghanistan & Pakistan"
Israel,ISR,1979,36.3,"Middle East, North Africa, Afghanistan & Pakistan"
Italy,ITA,2023,34.3,Europe & Central Asia
Italy,ITA,2022,33.7,Europe & Central Asia
Italy,ITA,2021,34.8,Europe & Central Asia
Italy,ITA,2020,35.2,Europe & Central Asia
Italy,ITA,2019,34.6,Europe & Central Asia
Italy,ITA,2018,35.2,Europe & Central Asia
Italy,ITA,2017,35.9,Europe & Central Asia
Italy,ITA,2016,35.2,Europe & Central Asia
Italy,ITA,2015,35.4,Europe & Central Asia
Italy,ITA,2014,34.7,Europe & Central Asia
Italy,ITA,2013,34.9,Europe & Central Asia
Italy,ITA,2012,35.2,Europe & Central Asia
Italy,ITA,2011,35.1,Europe & Central Asia
Italy,ITA,2010,34.7,Europe & Central Asia
Italy,ITA,2009,33.8,Europe & Central Asia
Italy,ITA,2008,33.8,Europe & Central Asia
Italy,ITA,2007,32.9,Europe & Central Asia
Italy,ITA,2006,33.7,Europe & Central Asia
Italy,ITA,2005,33.8,Europe & Central Asia
Italy,ITA,2004,34.3,Europe & Central Asia
Italy,ITA,2003,34.9,Europe & Central Asia
Italy,ITA,2002,34.7,Europe & Central Asia
Italy,ITA,2000,35.2,Europe & Central Asia
Italy,ITA,1998,36.7,Europe & Central Asia
Italy,ITA,1995,35.2,Europe & Central Asia
Italy,ITA,1993,35.1,Europe & Central Asia
Italy,ITA,1991,31.1,Europe & Central Asia
Italy,ITA,1989,32.1,Europe & Central Asia
Italy,ITA,1987,34.2,Europe & Central Asia
Italy,ITA,1986,31.2,Europe & Central Asia
Italy,ITA,1984,31.3,Europe & Central Asia
Italy,ITA,1983,29.8,Europe & Central Asia
Italy,ITA,1982,29.2,Europe & Central Asia
Italy,ITA,1981,31.6,Europe & Central Asia
Italy,ITA,1980,32.9,Europe & Central Asia
Italy,ITA,1979,33.3,Europe & Central Asia
Italy,ITA,1978,33.3,Europe & Central Asia
Italy,ITA,1977,34.0,Europe & Central Asia
Jamaica,JAM,2021,39.9,Latin America & Caribbean 
Jamaica,JAM,2018,35.3,Latin America & Caribbean 
Jamaica,JAM,2004,45.5,Latin America & Caribbean 
Jamaica,JAM,2002,48.3,Latin America & Caribbean 
Jamaica,JAM,1999,44.1,Latin America & Caribbean 
Jamaica,JAM,1996,40.4,Latin America & Caribbean 
Jamaica,JAM,1993,35.7,Latin America & Caribbean 
Jamaica,JAM,1990,41.1,Latin America & Caribbean 
Jamaica,JAM,1988,43.2,Latin America & Caribbean 
Japan,JPN,2020,32.3,East Asia & Pacific
Japan,JPN,2019,33.0,East Asia & Pacific
Japan,JPN,2018,32.9,East Asia & Pacific
Japan,JPN,2017,31.8,East Asia & Pacific
Japan,JPN,2016,31.8,East Asia & Pacific
Japan,JPN,2015,30.7,East Asia & Pacific
Japan,JPN,2014,31.3,East Asia & Pacific
Japan,JPN,2013,31.5,East Asia & Pacific
Japan,JPN,2012,32.5,East Asia & Pacific
Japan,JPN,2011,33.0,East Asia & Pacific
Japan,JPN,2010,31.5,East Asia & Pacific
Japan,JPN,2009,33.0,East Asia & Pacific
Japan,JPN,2008,34.6,East Asia & Pacific
Jordan,JOR,2010,33.7,"Middle East, North Africa, Afghanistan & Pakistan"
Jordan,JOR,2008,32.6,"Middle East, North Africa, Afghanistan & Pakistan"
Jordan,JOR,2006,33.9,"Middle East, North Africa, Afghanistan & Pakistan"
Jordan,JOR,2002,37.0,"Middle East, North Africa, Afghanistan & Pakistan"
Jordan,JOR,1997,36.4,"Middle East, North Africa, Afghanistan & Pakistan"
Jordan,JOR,1992,43.1,"Middle East, North Africa, Afghanistan & Pakistan"
Jordan,JOR,1986,36.1,"Middle East, North Africa, Afghanistan & Pakistan"
Kazakhstan,KAZ,2021,29.2,Europe & Central Asia
Kazakhstan,KAZ,2020,28.7,Europe & Central Asia
Kazakhstan,KAZ,2019,28.0,Europe & Central Asia
Kazakhstan,KAZ,2018,27.8,Europe & Central Asia
Kazakhstan,KAZ,2017,27.5,Europe & Central Asia
Kazakhstan,KAZ,2016,27.2,Europe & Central Asia
Kazakhstan,KAZ,2015,26.8,Europe & Central Asia
Kazakhstan,KAZ,2014,27.0,Europe & Central Asia
Kazakhstan,KAZ,2013,27.1,Europe & Central Asia
Kazakhstan,KAZ,2012,28.2,Europe & Central Asia
Kazakhstan,KAZ,2011,28.0,Europe & Central Asia
Kazakhstan,KAZ,2010,28.0,Europe & Central Asia
Kazakhstan,KAZ,2009,28.2,Europe & Central Asia
Kazakhstan,KAZ,2008,28.5,Europe & Central Asia
Kazakhstan,KAZ,2007,30.1,Europe & Central Asia
Kazakhstan,KAZ,2006,30.2,Europe & Central Asia
Kazakhstan,KAZ,2005,39.8,Europe & Central Asia
Kazakhstan,KAZ,2004,31.8,Europe & Central Asia
Kazakhstan,KAZ,2003,33.7,Europe & Central Asia
Kazakhstan,KAZ,2002,34.8,Europe & Central Asia
Kazakhstan,KAZ,2001,36.0,Europe & Central Asia
Kazakhstan,KAZ,1996,35.4,Europe & Central Asia
Kazakhstan,KAZ,1993,32.7,Europe & Central Asia
Kenya,KEN,2022,38.5,Sub-Saharan Africa 
Kenya,KEN,2021,38.7,Sub-Saharan Africa 
Kenya,KEN,2020,36.2,Sub-Saharan Africa 
Kenya,KEN,2015,40.8,Sub-Saharan Africa 
Kenya,KEN,2005,46.4,Sub-Saharan Africa 
Kenya,KEN,1997,45.0,Sub-Saharan Africa 
Kenya,KEN,1994,43.1,Sub-Saharan Africa 
Kenya,KEN,1992,56.9,Sub-Saharan Africa 
Kiribati,KIR,2023,24.7,East Asia & Pacific
Kiribati,KIR,2019,27.8,East Asia & Pacific
Kiribati,KIR,2006,37.0,East Asia & Pacific
"Korea, Rep.",KOR,2021,32.9,East Asia & Pacific
"Korea, Rep.",KOR,2020,32.7,East Asia & Pacific
"Korea, Rep.",KOR,2019,33.2,East Asia & Pacific
"Korea, Rep.",KOR,2018,33.7,East Asia & Pacific
"Korea, Rep.",KOR,2017,34.9,East Asia & Pacific
"Korea, Rep.",KOR,2016,35.2,East Asia & Pacific
"Korea, Rep.",KOR,2014,31.2,East Asia & Pacific
"Korea, Rep.",KOR,2012,31.6,East Asia & Pacific
"Korea, Rep.",KOR,2010,32.0,East Asia & Pacific
"Korea, Rep.",KOR,2008,32.3,East Asia & Pacific
"Korea, Rep.",KOR,2006,31.7,East Asia & Pacific
Kosovo,XKX,2022,38.3,Europe & Central Asia
Kosovo,XKX,2021,49.4,Europe & Central Asia
Kosovo,XKX,2020,57.4,Europe & Central Asia
Kosovo,XKX,2019,40.2,Europe & Central Asia
Kosovo,XKX,2018,44.6,Europe & Central Asia
Kosovo,XKX,2017,44.2,Europe & Central Asia
Kosovo,XKX,2016,26.7,Europe & Central Asia
Kosovo,XKX,2015,26.5,Europe & Central Asia
Kosovo,XKX,2014,27.3,Europe & Central Asia
Kosovo,XKX,2013,26.3,Europe & Central Asia
Kosovo,XKX,2012,29.0,Europe & Central Asia
Kosovo,XKX,2011,27.8,Europe & Central Asia
Kosovo,XKX,2010,33.3,Europe & Central Asia
Kosovo,XKX,2009,31.8,Europe & Central Asia
Kosovo,XKX,2006,30.3,Europe & Central Asia
Kosovo,XKX,2005,31.2,Europe & Central Asia
Kosovo,XKX,2003,29.0,Europe & Central Asia
Kyrgyz Republic,KGZ,2024,27.5,Europe & Central Asia
Kyrgyz Republic,KGZ,2023,27.2,Europe & Central Asia
Kyrgyz Republic,KGZ,2022,26.4,Europe & Central Asia
Kyrgyz Republic,KGZ,2021,28.8,Europe & Central Asia
Kyrgyz Republic,KGZ,2020,29.0,Europe & Central Asia
Kyrgyz Republic,KGZ,2019,29.7,Europe & Central Asia
Kyrgyz Republic,KGZ,2018,27.7,Europe & Central Asia
Kyrgyz Republic,KGZ,2017,27.3,Europe & Central Asia
Kyrgyz Republic,KGZ,2016,26.8,Europe & Central Asia
Kyrgyz Republic,KGZ,2015,29.0,Europe & Central Asia
Kyrgyz Republic,KGZ,2014,26.8,Europe & Central Asia
Kyrgyz Republic,KGZ,2013,28.8,Europe & Central Asia
Kyrgyz Republic,KGZ,2012,27.4,Europe & Central Asia
Kyrgyz Republic,KGZ,2011,27.8,Europe & Central Asia
Kyrgyz Republic,KGZ,2010,30.1,Europe & Central Asia
Kyrgyz Republic,KGZ,2009,29.9,Europe & Central Asia
Kyrgyz Republic,KGZ,2008,31.5,Europe & Central Asia
Kyrgyz Republic,KGZ,2007,33.9,Europe & Central Asia
Kyrgyz Republic,KGZ,2006,37.4,Europe & Central Asia
Kyrgyz Republic,KGZ,2005,32.6,Europe & Central Asia
Kyrgyz Republic,KGZ,2004,34.8,Europe & Central Asia
Kyrgyz Republic,KGZ,2003,28.7,Europe & Central Asia
Kyrgyz Republic,KGZ,2002,30.3,Europe & Central Asia
Kyrgyz Republic,KGZ,2001,30.2,Europe & Central Asia
Kyrgyz Republic,KGZ,2000,31.0,Europe & Central Asia
Kyrgyz Republic,KGZ,1998,46.3,Europe & Central Asia
Lao PDR,LAO,2024,34.7,East Asia & Pacific
Lao PDR,LAO,2018,38.8,East Asia & Pacific
Lao PDR,LAO,2012,36.0,East Asia & Pacific
Lao PDR,LAO,2007,35.4,East Asia & Pacific
Lao PDR,LAO,2002,32.6,East Asia & Pacific
Lao PDR,LAO,1997,34.9,East Asia & Pacific
Lao PDR,LAO,1992,34.3,East Asia & Pacific
Latvia,LVA,2023,34.0,Europe & Central Asia
Latvia,LVA,2022,33.7,Europe & Central Asia
Latvia,LVA,2021,34.3,Europe & Central Asia
Latvia,LVA,2020,35.7,Europe & Central Asia
Latvia,LVA,2019,34.5,Europe & Central Asia
Latvia,LVA,2018,35.1,Europe & Central Asia
Latvia,LVA,2017,35.6,Europe & Central Asia
Latvia,LVA,2016,34.3,Europe & Central Asia
Latvia,LVA,2015,34.2,Europe & Central Asia
Latvia,LVA,2014,35.1,Europe & Central Asia
Latvia,LVA,2013,35.5,Europe & Central Asia
Latvia,LVA,2012,35.2,Europe & Central Asia
Latvia,LVA,2011,35.8,Europe & Central Asia
Latvia,LVA,2010,35.0,Europe & Central Asia
Latvia,LVA,2009,35.9,Europe & Central Asia
Latvia,LVA,2008,37.2,Europe & Central Asia
Latvia,LVA,2007,37.5,Europe & Central Asia
Latvia,LVA,2006,35.6,Europe & Central Asia
Latvia,LVA,2005,39.0,Europe & Central Asia
Latvia,LVA,2004,36.4,Europe & Central Asia
Latvia,LVA,2003,36.5,Europe & Central Asia
Latvia,LVA,2002,35.1,Europe & Central Asia
Latvia,LVA,1998,33.3,Europe & Central Asia
Latvia,LVA,1997,34.4,Europe & Central Asia
Latvia,LVA,1996,31.6,Europe & Central Asia
Latvia,LVA,1995,31.0,Europe & Central Asia
Latvia,LVA,1993,27.0,Europe & Central Asia
Lebanon,LBN,2022,35.5,"Middle East, North Africa, Afghanistan & Pakistan"
Lebanon,LBN,2011,31.8,"Middle East, North Africa, Afghanistan & Pakistan"
Lesotho,LSO,2017,44.9,Sub-Saharan Africa 
Lesotho,LSO,2002,51.2,Sub-Saharan Africa 
Lesotho,LSO,1994,63.0,Sub-Saharan Africa 
Lesotho,LSO,1986,56.0,Sub-Saharan Africa 
Liberia,LBR,2016,35.3,Sub-Saharan Africa 
Liberia,LBR,2014,33.2,Sub-Saharan Africa 
Liberia,LBR,2007,36.4,Sub-Saharan Africa 
Lithuania,LTU,2023,36.0,Europe & Central Asia
Lithuania,LTU,2022,36.6,Europe & Central Asia
Lithuania,LTU,2021,36.7,Europe & Central Asia
Lithuania,LTU,2020,36.0,Europe & Central Asia
Lithuania,LTU,2019,35.3,Europe & Central Asia
Lithuania,LTU,2018,35.7,Europe & Central Asia
Lithuania,LTU,2017,37.3,Europe & Central Asia
Lithuania,LTU,2016,38.4,Europe & Central Asia
Lithuania,LTU,2015,37.4,Europe & Central Asia
Lithuania,LTU,2014,37.7,Europe & Central Asia
Lithuania,LTU,2013,35.3,Europe & Central Asia
Lithuania,LTU,2012,35.1,Europe & Central Asia
Lithuania,LTU,2011,32.5,Europe & Central Asia
Lithuania,LTU,2010,33.6,Europe & Central Asia
Lithuania,LTU,2009,37.2,Europe & Central Asia
Lithuania,LTU,2008,35.7,Europe & Central Asia
Lithuania,LTU,2007,34.8,Europe & Central Asia
Lithuania,LTU,2006,34.4,Europe & Central Asia
Lithuania,LTU,2005,35.3,Europe & Central Asia
Lithuania,LTU,2004,37.0,Europe & Central Asia
Lithuania,LTU,2003,35.5,Europe & Central Asia
Lithuania,LTU,2002,31.9,Europe & Central Asia
Lithuania,LTU,2001,32.0,Europe & Central Asia
Lithuania,LTU,2000,31.7,Europe & Central Asia
Lithuania,LTU,1999,32.0,Europe & Central Asia
Lithuania,LTU,1998,32.1,Europe & Central Asia
Lithuania,LTU,1996,32.3,Europe & Central Asia
Lithuania,LTU,1993,33.2,Europe & Central Asia
Luxembourg,LUX,2023,33.6,Europe & Central Asia
Luxembourg,LUX,2022,34.1,Europe & Central Asia
Luxembourg,LUX,2021,32.7,Europe & Central Asia
Luxembourg,LUX,2020,33.4,Europe & Central Asia
Luxembourg,LUX,2019,34.2,Europe & Central Asia
Luxembourg,LUX,2018,35.4,Europe & Central Asia
Luxembourg,LUX,2017,34.5,Europe & Central Asia
Luxembourg,LUX,2016,31.7,Europe & Central Asia
Luxembourg,LUX,2015,32.9,Europe & Central Asia
Luxembourg,LUX,2014,31.2,Europe & Central Asia
Luxembourg,LUX,2013,32.0,Europe & Central Asia
Luxembourg,LUX,2012,34.3,Europe & Central Asia
Luxembourg,LUX,2011,32.1,Europe & Central Asia
Luxembourg,LUX,2010,30.5,Europe & Central Asia
Luxembourg,LUX,2009,31.2,Europe & Central Asia
Luxembourg,LUX,2008,32.6,Europe & Central Asia
Luxembourg,LUX,2007,31.1,Europe & Central Asia
Luxembourg,LUX,2006,30.9,Europe & Central Asia
Luxembourg,LUX,2005,30.8,Europe & Central Asia
Luxembourg,LUX,2004,30.2,Europe & Central Asia
Luxembourg,LUX,2003,30.2,Europe & Central Asia
Luxembourg,LUX,2002,31.1,Europe & Central Asia
Luxembourg,LUX,2001,30.9,Europe & Central Asia
Luxembourg,LUX,2000,30.1,Europe & Central Asia
Luxembourg,LUX,1999,30.1,Europe & Central Asia
Luxembourg,LUX,1998,30.6,Europe & Central Asia
Luxembourg,LUX,1997,29.6,Europe & Central Asia
Luxembourg,LUX,1996,29.1,Europe & Central Asia
Luxembourg,LUX,1995,28.3,Europe & Central Asia
Luxembourg,LUX,1994,28.2,Europe & Central Asia
Luxembourg,LUX,1993,27.0,Europe & Central Asia
Luxembourg,LUX,1992,27.3,Europe & Central Asia
Luxembourg,LUX,1991,27.2,Europe & Central Asia
Luxembourg,LUX,1990,27.7,Europe & Central Asia
Luxembourg,LUX,1989,30.8,Europe & Central Asia
Luxembourg,LUX,1988,28.8,Europe & Central Asia
Luxembourg,LUX,1987,29.5,Europe & Central Asia
Luxembourg,LUX,1986,28.1,Europe & Central Asia
Luxembourg,LUX,1985,26.3,Europe & Central Asia
Madagascar,MDG,2021,36.8,Sub-Saharan Africa 
Madagascar,MDG,2012,42.6,Sub-Saharan Africa 
Madagascar,MDG,2010,42.4,Sub-Saharan Africa 
Madagascar,MDG,2005,39.9,Sub-Saharan Africa 
Madagascar,MDG,2001,47.4,Sub-Saharan Africa 
Madagascar,MDG,1999,38.6,Sub-Saharan Africa 
Madagascar,MDG,1997,39.4,Sub-Saharan Africa 
Madagascar,MDG,1993,45.2,Sub-Saharan Africa 
Madagascar,MDG,1980,46.8,Sub-Saharan Africa 
Malawi,MWI,2019,38.5,Sub-Saharan Africa 
Malawi,MWI,2016,44.7,Sub-Saharan Africa 
Malawi,MWI,2010,45.5,Sub-Saharan Africa 
Malawi,MWI,2004,39.9,Sub-Saharan Africa 
Malawi,MWI,1997,65.8,Sub-Saharan Africa 
Malaysia,MYS,2021,40.7,East Asia & Pacific
Malaysia,MYS,2018,41.2,East Asia & Pacific
Malaysia,MYS,2015,41.1,East Asia & Pacific
Malaysia,MYS,2013,41.3,East Asia & Pacific
Malaysia,MYS,2011,43.6,East Asia & Pacific
Malaysia,MYS,2008,45.5,East Asia & Pacific
Malaysia,MYS,2006,44.8,East Asia & Pacific
Malaysia,MYS,2003,46.4,East Asia & Pacific
Malaysia,MYS,1997,49.1,East Asia & Pacific
Malaysia,MYS,1995,48.5,East Asia & Pacific
Malaysia,MYS,1992,47.7,East Asia & Pacific
Malaysia,MYS,1989,46.2,East Asia & Pacific
Malaysia,MYS,1987,47.0,East Asia & Pacific
Malaysia,MYS,1984,48.5,East Asia & Pacific
Maldives,MDV,2019,29.3,South Asia
Maldives,MDV,2016,31.3,South Asia
Maldives,MDV,2009,38.4,South Asia
Maldives,MDV,2002,41.3,South Asia
Mali,MLI,2021,35.7,Sub-Saharan Africa 
Mali,MLI,2018,36.0,Sub-Saharan Africa 
Mali,MLI,2009,33.0,Sub-Saharan Africa 
Mali,MLI,2006,38.9,Sub-Saharan Africa 
Mali,MLI,2001,39.9,Sub-Saharan Africa 
Mali,MLI,1994,50.1,Sub-Saharan Africa 
Malta,MLT,2023,31.8,"Middle East, North Africa, Afghanistan & Pakistan"
Malta,MLT,2022,34.6,"Middle East, North Africa, Afghanistan & Pakistan"
Malta,MLT,2021,31.6,"Middle East, North Africa, Afghanistan & Pakistan"
Malta,MLT,2020,31.4,"Middle East, North Africa, Afghanistan & Pakistan"
Malta,MLT,2019,31.0,"Middle East, North Africa, Afghanistan & Pakistan"
Malta,MLT,2018,28.7,"Middle East, North Africa, Afghanistan & Pakistan"
Malta,MLT,2017,29.2,"Middle East, North Africa, Afghanistan & Pakistan"
Malta,MLT,2016,29.1,"Middle East, North Africa, Afghanistan & Pakistan"
Malta,MLT,2015,29.4,"Middle East, North Africa, Afghanistan & Pakistan"
Malta,MLT,2014,29.0,"Middle East, North Africa, Afghanistan & Pakistan"
Malta,MLT,2013,28.8,"Middle East, North Africa, Afghanistan & Pakistan"
Malta,MLT,2012,29.4,"Middle East, North Africa, Afghanistan & Pakistan"
Malta,MLT,2011,29.1,"Middle East, North Africa, Afghanistan & Pakistan"
Malta,MLT,2010,29.0,"Middle East, North Africa, Afghanistan & Pakistan"
Malta,MLT,2009,30.2,"Middle East, North Africa, Afghanistan & Pakistan"
Malta,MLT,2008,29.0,"Middle East, North Africa, Afghanistan & Pakistan"
Malta,MLT,2007,29.2,"Middle East, North Africa, Afghanistan & Pakistan"
Malta,MLT,2006,28.0,"Middle East, North Africa, Afghanistan & Pakistan"
Marshall Islands,MHL,2019,35.5,East Asia & Pacific
Mauritania,MRT,2019,32.0,Sub-Saharan Africa 
Mauritania,MRT,2014,32.6,Sub-Saharan Africa 
Mauritania,MRT,2008,35.7,Sub-Saharan Africa 
Mauritania,MRT,2004,40.2,Sub-Saharan Africa 
Mauritania,MRT,2000,39.0,Sub-Saharan Africa 
Mauritania,MRT,1995,37.7,Sub-Saharan Africa 
Mauritania,MRT,1993,49.5,Sub-Saharan Africa 
Mauritania,MRT,1987,43.9,Sub-Saharan Africa 
Mauritius,MUS,2017,36.8,Sub-Saharan Africa 
Mauritius,MUS,2012,38.5,Sub-Saharan Africa 
Mauritius,MUS,2006,35.7,Sub-Saharan Africa 
Mexico,MEX,2024,42.6,Latin America & Caribbean 
Mexico,MEX,2022,43.5,Latin America & Caribbean 
Mexico,MEX,2020,44.6,Latin America & Caribbean 
Mexico,MEX,2018,46.0,Latin America & Caribbean 
Mexico,MEX,2016,46.9,Latin America & Caribbean 
Mexico,MEX,2014,48.9,Latin America & Caribbean 
Mexico,MEX,2012,49.6,Latin America & Caribbean 
Mexico,MEX,2010,47.7,Latin America & Caribbean 
Mexico,MEX,2008,50.8,Latin America & Caribbean 
Mexico,MEX,2006,49.7,Latin America & Caribbean 
Mexico,MEX,2005,50.9,Latin America & Caribbean 
Mexico,MEX,2004,50.3,Latin America & Caribbean 
Mexico,MEX,2002,50.6,Latin America & Caribbean 
Mexico,MEX,2000,53.4,Latin America & Caribbean 
Mexico,MEX,1998,53.3,Latin America & Caribbean 
Mexico,MEX,1996,52.0,Latin America & Caribbean 
Mexico,MEX,1994,53.4,Latin America & Caribbean 
Mexico,MEX,1992,52.3,Latin America & Caribbean 
Mexico,MEX,1989,50.1,Latin America & Caribbean 
Mexico,MEX,1984,48.5,Latin America & Caribbean 
"Micronesia, Fed. Sts.",FSM,2013,40.1,East Asia & Pacific
"Micronesia, Fed. Sts.",FSM,2005,42.4,East Asia & Pacific
Moldova,MDA,2023,26.8,Europe & Central Asia
Moldova,MDA,2022,25.9,Europe & Central Asia
Moldova,MDA,2021,25.7,Europe & Central Asia
Moldova,MDA,2020,25.0,Europe & Central Asia
Moldova,MDA,2019,26.0,Europe & Central Asia
Moldova,MDA,2018,25.7,Europe & Central Asia
Moldova,MDA,2017,25.9,Europe & Central Asia
Moldova,MDA,2016,26.3,Europe & Central Asia
Moldova,MDA,2015,27.0,Europe & Central Asia
Moldova,MDA,2014,26.8,Europe & Central Asia
Moldova,MDA,2013,28.5,Europe & Central Asia
Moldova,MDA,2012,29.2,Europe & Central Asia
Moldova,MDA,2011,30.6,Europe & Central Asia
Moldova,MDA,2010,32.1,Europe & Central Asia
Moldova,MDA,2009,32.9,Europe & Central Asia
Moldova,MDA,2008,34.7,Europe & Central Asia
Moldova,MDA,2007,34.4,Europe & Central Asia
Moldova,MDA,2006,35.4,Europe & Central Asia
Moldova,MDA,2005,36.3,Europe & Central Asia
Moldova,MDA,2004,35.0,Europe & Central Asia
Moldova,MDA,2003,34.9,Europe & Central Asia
Moldova,MDA,2002,35.8,Europe & Central Asia
Moldova,MDA,2001,38.0,Europe & Central Asia
Moldova,MDA,2000,36.4,Europe & Central Asia
Moldova,MDA,1999,42.6,Europe & Central Asia
Moldova,MDA,1998,39.5,Europe & Central Asia
Moldova,MDA,1997,36.9,Europe & Central Asia
Mongolia,MNG,2022,31.4,East Asia & Pacific
Mongolia,MNG,2018,32.7,East Asia & Pacific
Mongolia,MNG,2016,32.3,East Asia & Pacific
Mongolia,MNG,2014,32.0,East Asia & Pacific
Mongolia,MNG,2012,33.8,East Asia & Pacific
Mongolia,MNG,2011,33.9,East Asia & Pacific
Mongolia,MNG,2010,33.1,East Asia & Pacific
Mongolia,MNG,2007,35.8,East Asia & Pacific
Mongolia,MNG,2002,32.9,East Asia & Pacific
Mongolia,MNG,1998,30.3,East Asia & Pacific
Mongolia,MNG,1995,33.2,East Asia & Pacific
Montenegro,MNE,2021,34.3,Europe & Central Asia
Montenegro,MNE,2020,35.4,Europe & Central Asia
Montenegro,MNE,2019,35.7,Europe & Central Asia
Montenegro,MNE,2018,36.8,Europe & Central Asia
Montenegro,MNE,2017,36.9,Europe & Central Asia
Montenegro,MNE,2016,38.5,Europe & Central Asia
Montenegro,MNE,2015,39.0,Europe & Central Asia
Montenegro,MNE,2014,38.8,Europe & Central Asia
Montenegro,MNE,2013,39.0,Europe & Central Asia
Montenegro,MNE,2012,41.2,Europe & Central Asia
Montenegro,MNE,2011,30.8,Europe & Central Asia
Montenegro,MNE,2010,28.9,Europe & Central Asia
Montenegro,MNE,2009,31.0,Europe & Central Asia
Montenegro,MNE,2008,30.5,Europe & Central Asia
Montenegro,MNE,2007,31.4,Europe & Central Asia
Montenegro,MNE,2006,30.0,Europe & Central Asia
Montenegro,MNE,2005,30.2,Europe & Central Asia
Morocco,MAR,2013,39.5,"Middle East, North Africa, Afghanistan & Pakistan"
Morocco,MAR,2006,40.7,"Middle East, North Africa, Afghanistan & Pakistan"
Morocco,MAR,2000,40.6,"Middle East, North Africa, Afghanistan & Pakistan"
Morocco,MAR,1998,39.4,"Middle East, North Africa, Afghanistan & Pakistan"
Morocco,MAR,1990,39.2,"Middle East, North Africa, Afghanistan & Pakistan"
Morocco,MAR,1984,36.5,"Middle East, North Africa, Afghanistan & Pakistan"
Mozambique,MOZ,2022,49.6,Sub-Saharan Africa 
Mozambique,MOZ,2019,50.7,Sub-Saharan Africa 
Mozambique,MOZ,2014,54.0,Sub-Saharan Africa 
Mozambique,MOZ,2008,45.5,Sub-Saharan Africa 
Mozambique,MOZ,2002,46.9,Sub-Saharan Africa 
Mozambique,MOZ,1996,53.3,Sub-Saharan Africa 
Myanmar,MMR,2017,30.7,East Asia & Pacific
Myanmar,MMR,2015,38.1,East Asia & Pacific
Namibia,NAM,2015,59.1,Sub-Saharan Africa 
Namibia,NAM,2009,61.0,Sub-Saharan Africa 
Namibia,NAM,2003,63.3,Sub-Saharan Africa 
Namibia,NAM,1993,71.1,Sub-Saharan Africa 
Naoero,NRU,2012,32.4,East Asia & Pacific
Nepal,NPL,2022,30.0,South Asia
Nepal,NPL,2010,32.8,South Asia
Nepal,NPL,2003,43.8,South Asia
Nepal,NPL,1995,35.2,South Asia
Nepal,NPL,1984,30.1,South Asia
Netherlands,NLD,2021,25.7,Europe & Central Asia
Netherlands,NLD,2020,26.0,Europe & Central Asia
Netherlands,NLD,2019,29.2,Europe & Central Asia
Netherlands,NLD,2018,28.1,Europe & Central Asia
Netherlands,NLD,2017,28.5,Europe & Central Asia
Netherlands,NLD,2016,28.2,Europe & Central Asia
Netherlands,NLD,2015,28.2,Europe & Central Asia
Netherlands,NLD,2014,28.6,Europe & Central Asia
Netherlands,NLD,2013,28.1,Europe & Central Asia
Netherlands,NLD,2012,27.6,Europe & Central Asia
Netherlands,NLD,2011,27.8,Europe & Central Asia
Netherlands,NLD,2010,27.8,Europe & Central Asia
Netherlands,NLD,2009,27.9,Europe & Central Asia
Netherlands,NLD,2008,29.3,Europe & Central Asia
Netherlands,NLD,2007,29.6,Europe & Central Asia
Netherlands,NLD,2006,30.0,Europe & Central Asia
Netherlands,NLD,2005,29.0,Europe & Central Asia
Netherlands,NLD,2004,29.8,Europe & Central Asia
Netherlands,NLD,1999,28.1,Europe & Central Asia
Netherlands,NLD,1993,30.4,Europe & Central Asia
Netherlands,NLD,1990,31.1,Europe & Central Asia
Netherlands,NLD,1987,26.8,Europe & Central Asia
Netherlands,NLD,1983,28.4,Europe & Central Asia
Nicaragua,NIC,2014,46.2,Latin America & Caribbean 
Nicaragua,NIC,2009,43.9,Latin America & Caribbean 
Nicaragua,NIC,2005,48.8,Latin America & Caribbean 
Nicaragua,NIC,2001,52.9,Latin America & Caribbean 
Nicaragua,NIC,1998,54.4,Latin America & Caribbean 
Nicaragua,NIC,1993,57.1,Latin America & Caribbean 
Niger,NER,2021,32.9,Sub-Saharan Africa 
Niger,NER,2018,37.3,Sub-Saharan Africa 
Niger,NER,2014,34.3,Sub-Saharan Africa 
Niger,NER,2011,31.5,Sub-Saharan Africa 
Niger,NER,2007,37.3,Sub-Saharan Africa 
Niger,NER,2005,44.4,Sub-Saharan Africa 
Niger,NER,1994,41.5,Sub-Saharan Africa 
Niger,NER,1992,36.0,Sub-Saharan Africa 
Nigeria,NGA,2022,33.9,Sub-Saharan Africa 
Nigeria,NGA,2018,35.1,Sub-Saharan Africa 
Nigeria,NGA,2015,35.9,Sub-Saharan Africa 
Nigeria,NGA,2012,35.5,Sub-Saharan Africa 
Nigeria,NGA,2010,35.7,Sub-Saharan Africa 
Nigeria,NGA,2003,40.1,Sub-Saharan Africa 
Nigeria,NGA,1996,51.9,Sub-Saharan Africa 
Nigeria,NGA,1992,44.9,Sub-Saharan Africa 
Nigeria,NGA,1985,38.7,Sub-Saharan Africa 
North Macedonia,MKD,2019,33.5,Europe & Central Asia
North Macedonia,MKD,2018,33.0,Europe & Central Asia
North Macedonia,MKD,2017,34.2,Europe & Central Asia
North Macedonia,MKD,2016,34.5,Europe & Central Asia
North Macedonia,MKD,2015,35.6,Europe & Central Asia
North Macedonia,MKD,2014,35.2,Europe & Central Asia
North Macedonia,MKD,2013,36.2,Europe & Central Asia
North Macedonia,MKD,2012,38.1,Europe & Central Asia
North Macedonia,MKD,2011,39.4,Europe & Central Asia
North Macedonia,MKD,2010,40.1,Europe & Central Asia
North Macedonia,MKD,2009,42.8,Europe & Central Asia
North Macedonia,MKD,2008,46.1,Europe & Central Asia
North Macedonia,MKD,2006,42.6,Europe & Central Asia
North Macedonia,MKD,2005,39.3,Europe & Central Asia
North Macedonia,MKD,2004,38.4,Europe & Central Asia
North Macedonia,MKD,2003,38.7,Europe & Central Asia
North Macedonia,MKD,2002,38.5,Europe & Central Asia
North Macedonia,MKD,2000,34.3,Europe & Central Asia
North Macedonia,MKD,1998,28.1,Europe & Central Asia
Norway,NOR,2023,26.5,Europe & Central Asia
Norway,NOR,2022,26.9,Europe & Central Asia
Norway,NOR,2021,29.1,Europe & Central Asia
Norway,NOR,2020,28.4,Europe & Central Asia
Norway,NOR,2019,27.7,Europe & Central Asia
Norway,NOR,2018,27.6,Europe & Central Asia
Norway,NOR,2017,27.0,Europe & Central Asia
Norway,NOR,2016,28.5,Europe & Central Asia
Norway,NOR,2015,27.5,Europe & Central Asia
Norway,NOR,2014,26.8,Europe & Central Asia
Norway,NOR,2013,26.4,Europe & Central Asia
Norway,NOR,2012,25.7,Europe & Central Asia
Norway,NOR,2011,25.3,Europe & Central Asia
Norway,NOR,2010,25.7,Europe & Central Asia
Norway,NOR,2009,26.2,Europe & Central Asia
Norway,NOR,2008,27.0,Europe & Central Asia
Norway,NOR,2007,27.1,Europe & Central Asia
Norway,NOR,2006,26.4,Europe & Central Asia
Norway,NOR,2005,30.6,Europe & Central Asia
Norway,NOR,2004,31.6,Europe & Central Asia
Norway,NOR,2003,27.6,Europe & Central Asia
Norway,NOR,2000,27.4,Europe & Central Asia
Norway,NOR,1995,26.0,Europe & Central Asia
Norway,NOR,1991,25.2,Europe & Central Asia
Norway,NOR,1986,24.6,Europe & Central Asia
Norway,NOR,1979,26.9,Europe & Central Asia
Pakistan,PAK,2024,33.5,"Middle East, North Africa, Afghanistan & Pakistan"
Pakistan,PAK,2018,29.6,"Middle East, North Africa, Afghanistan & Pakistan"
Pakistan,PAK,2015,31.3,"Middle East, North Africa, Afghanistan & Pakistan"
Pakistan,PAK,2013,29.5,"Middle East, North Africa, Afghanistan & Pakistan"
Pakistan,PAK,2011,29.7,"Middle East, North Africa, Afghanistan & Pakistan"
Pakistan,PAK,2010,28.8,"Middle East, North Africa, Afghanistan & Pakistan"
Pakistan,PAK,2007,29.7,"Middle East, North Africa, Afghanistan & Pakistan"
Pakistan,PAK,2005,31.3,"Middle East, North Africa, Afghanistan & Pakistan"
Pakistan,PAK,2004,30.9,"Middle East, North Africa, Afghanistan & Pakistan"
Pakistan,PAK,2001,28.7,"Middle East, North Africa, Afghanistan & Pakistan"
Pakistan,PAK,1998,33.1,"Middle East, North Africa, Afghanistan & Pakistan"
Pakistan,PAK,1996,28.7,"Middle East, North Africa, Afghanistan & Pakistan"
Pakistan,PAK,1990,33.2,"Middle East, North Africa, Afghanistan & Pakistan"
Pakistan,PAK,1987,33.3,"Middle East, North Africa, Afghanistan & Pakistan"
Panama,PAN,2024,49.7,Latin America & Caribbean 
Panama,PAN,2023,48.9,Latin America & Caribbean 
Panama,PAN,2021,50.9,Latin America & Caribbean 
Panama,PAN,2019,49.8,Latin America & Caribbean 
Panama,PAN,2018,49.2,Latin America & Caribbean 
Panama,PAN,2017,49.9,Latin America & Caribbean 
Panama,PAN,2016,50.4,Latin America & Caribbean 
Panama,PAN,2015,50.8,Latin America & Caribbean 
Panama,PAN,2014,50.5,Latin America & Caribbean 
Panama,PAN,2013,51.5,Latin America & Caribbean 
Panama,PAN,2012,51.7,Latin America & Caribbean 
Panama,PAN,2011,51.3,Latin America & Caribbean 
Panama,PAN,2010,51.6,Latin America & Caribbean 
Panama,PAN,2009,51.8,Latin America & Caribbean 
Panama,PAN,2008,52.7,Latin America & Caribbean 
Panama,PAN,2007,52.7,Latin America & Caribbean 
Panama,PAN,2006,54.6,Latin America & Caribbean 
Panama,PAN,2005,53.8,Latin America & Caribbean 
Panama,PAN,2004,54.8,Latin America & Caribbean 
Panama,PAN,2003,55.6,Latin America & Caribbean 
Panama,PAN,2002,56.1,Latin America & Caribbean 
Panama,PAN,2001,56.7,Latin America & Caribbean 
Panama,PAN,2000,56.6,Latin America & Caribbean 
Panama,PAN,1999,56.3,Latin America & Caribbean 
Panama,PAN,1998,57.3,Latin America & Caribbean 
Panama,PAN,1997,58.1,Latin America & Caribbean 
Panama,PAN,1995,57.6,Latin America & Caribbean 
Panama,PAN,1991,58.0,Latin America & Caribbean 
Panama,PAN,1989,58.5,Latin America & Caribbean 
Panama,PAN,1979,48.7,Latin America & Caribbean 
Papua New Guinea,PNG,2009,41.9,East Asia & Pacific
Papua New Guinea,PNG,1996,45.8,East Asia & Pacific
Paraguay,PRY,2024,44.2,Latin America & Caribbean 
Paraguay,PRY,2023,44.2,Latin America & Caribbean 
Paraguay,PRY,2022,44.6,Latin America & Caribbean 
Paraguay,PRY,2021,42.9,Latin America & Caribbean 
Paraguay,PRY,2020,43.5,Latin America & Caribbean 
Paraguay,PRY,2019,45.7,Latin America & Caribbean 
Paraguay,PRY,2018,46.0,Latin America & Caribbean 
Paraguay,PRY,2017,48.5,Latin America & Caribbean 
Paraguay,PRY,2016,47.9,Latin America & Caribbean 
Paraguay,PRY,2015,47.6,Latin America & Caribbean 
Paraguay,PRY,2014,50.7,Latin America & Caribbean 
Paraguay,PRY,2013,47.9,Latin America & Caribbean 
Paraguay,PRY,2012,47.6,Latin America & Caribbean 
Paraguay,PRY,2011,52.3,Latin America & Caribbean 
Paraguay,PRY,2010,51.0,Latin America & Caribbean 
Paraguay,PRY,2009,49.1,Latin America & Caribbean 
Paraguay,PRY,2008,50.7,Latin America & Caribbean 
Paraguay,PRY,2007,53.0,Latin America & Caribbean 
Paraguay,PRY,2006,53.0,Latin America & Caribbean 
Paraguay,PRY,2005,51.4,Latin America & Caribbean 
Paraguay,PRY,2004,52.3,Latin America & Caribbean 
Paraguay,PRY,2003,54.9,Latin America & Caribbean 
Paraguay,PRY,2002,57.3,Latin America & Caribbean 
Paraguay,PRY,2001,54.6,Latin America & Caribbean 
Paraguay,PRY,1999,54.6,Latin America & Caribbean 
Paraguay,PRY,1997,54.9,Latin America & Caribbean 
Paraguay,PRY,1995,58.1,Latin America & Caribbean 
Paraguay,PRY,1990,40.8,Latin America & Caribbean 
Peru,PER,2024,40.1,Latin America & Caribbean 
Peru,PER,2023,40.7,Latin America & Caribbean 
Peru,PER,2022,40.3,Latin America & Caribbean 
Peru,PER,2021,40.1,Latin America & Caribbean 
Peru,PER,2020,43.7,Latin America & Caribbean 
Peru,PER,2019,41.5,Latin America & Caribbean 
Peru,PER,2018,42.4,Latin America & Caribbean 
Peru,PER,2017,43.3,Latin America & Caribbean 
Peru,PER,2016,43.6,Latin America & Caribbean 
Peru,PER,2015,43.4,Latin America & Caribbean 
Peru,PER,2014,43.1,Latin America & Caribbean 
Peru,PER,2013,43.9,Latin America & Caribbean 
Peru,PER,2012,44.4,Latin America & Caribbean 
Peru,PER,2011,44.7,Latin America & Caribbean 
Peru,PER,2010,45.5,Latin America & Caribbean 
Peru,PER,2009,47.0,Latin America & Caribbean 
Peru,PER,2008,47.5,Latin America & Caribbean 
Peru,PER,2007,50.0,Latin America & Caribbean 
Peru,PER,2006,50.3,Latin America & Caribbean 
Peru,PER,2005,50.4,Latin America & Caribbean 
Peru,PER,2004,49.9,Latin America & Caribbean 
Peru,PER,2003,53.1,Latin America & Caribbean 
Peru,PER,2002,53.6,Latin America & Caribbean 
Peru,PER,2001,51.3,Latin America & Caribbean 
Peru,PER,2000,49.1,Latin America & Caribbean 
Peru,PER,1999,54.8,Latin America & Caribbean 
Peru,PER,1998,55.1,Latin America & Caribbean 
Peru,PER,1997,53.3,Latin America & Caribbean 
Peru,PER,1994,44.0,Latin America & Caribbean 
Peru,PER,1985,45.6,Latin America & Caribbean 
Philippines,PHL,2023,39.3,East Asia & Pacific
Philippines,PHL,2021,40.7,East Asia & Pacific
Philippines,PHL,2018,42.3,East Asia & Pacific
Philippines,PHL,2015,44.6,East Asia & Pacific
Philippines,PHL,2012,46.5,East Asia & Pacific
Philippines,PHL,2009,46.3,East Asia & Pacific
Philippines,PHL,2006,47.2,East Asia & Pacific
Philippines,PHL,2003,46.6,East Asia & Pacific
Philippines,PHL,2000,47.7,East Asia & Pacific
Philippines,PHL,1997,46.0,East Asia & Pacific
Philippines,PHL,1994,42.9,East Asia & Pacific
Philippines,PHL,1991,43.8,East Asia & Pacific
Philippines,PHL,1988,40.7,East Asia & Pacific
Philippines,PHL,1985,41.0,East Asia & Pacific
Poland,POL,2023,28.5,Europe & Central Asia
Poland,POL,2022,28.9,Europe & Central Asia
Poland,POL,2021,28.5,Europe & Central Asia
Poland,POL,2020,28.5,Europe & Central Asia
Poland,POL,2019,28.8,Europe & Central Asia
Poland,POL,2018,30.2,Europe & Central Asia
Poland,POL,2017,29.7,Europe & Central Asia
Poland,POL,2016,31.2,Europe & Central Asia
Poland,POL,2015,31.8,Europe & Central Asia
Poland,POL,2014,32.8,Europe & Central Asia
Poland,POL,2013,33.1,Europe & Central Asia
Poland,POL,2012,33.0,Europe & Central Asia
Poland,POL,2011,33.2,Europe & Central Asia
Poland,POL,2010,33.2,Europe & Central Asia
Poland,POL,2009,33.4,Europe & Central Asia
Poland,POL,2008,33.5,Europe & Central Asia
Poland,POL,2007,34.0,Europe & Central Asia
Poland,POL,2006,34.7,Europe & Central Asia
Poland,POL,2005,35.8,Europe & Central Asia
Poland,POL,2004,38.0,Europe & Central Asia
Poland,POL,2003,34.9,Europe & Central Asia
Poland,POL,2002,34.1,Europe & Central Asia
Poland,POL,2001,32.8,Europe & Central Asia
Poland,POL,2000,33.0,Europe & Central Asia
Poland,POL,1999,32.3,Europe & Central Asia
Poland,POL,1998,32.3,Europe & Central Asia
Poland,POL,1996,32.6,Europe & Central Asia
Poland,POL,1995,34.6,Europe & Central Asia
Poland,POL,1993,26.7,Europe & Central Asia
Poland,POL,1992,29.3,Europe & Central Asia
Poland,POL,1989,26.8,Europe & Central Asia
Poland,POL,1987,25.5,Europe & Central Asia
Poland,POL,1986,28.0,Europe & Central Asia
Poland,POL,1985,25.1,Europe & Central Asia
Portugal,PRT,2023,33.9,Europe & Central Asia
Portugal,PRT,2022,36.3,Europe & Central Asia
Portugal,PRT,2021,34.6,Europe & Central Asia
Portugal,PRT,2020,34.7,Europe & Central Asia
Portugal,PRT,2019,32.8,Europe & Central Asia
Portugal,PRT,2018,33.5,Europe & Central Asia
Portugal,PRT,2017,33.8,Europe & Central Asia
Portugal,PRT,2016,35.2,Europe & Central Asia
Portugal,PRT,2015,35.5,Europe & Central Asia
Portugal,PRT,2014,35.6,Europe & Central Asia
Portugal,PRT,2013,36.2,Europe & Central Asia
Portugal,PRT,2012,36.0,Europe & Central Asia
Portugal,PRT,2011,36.3,Europe & Central Asia
Portugal,PRT,2010,35.8,Europe & Central Asia
Portugal,PRT,2009,34.9,Europe & Central Asia
Portugal,PRT,2008,36.6,Europe & Central Asia
Portugal,PRT,2007,36.8,Europe & Central Asia
Portugal,PRT,2006,38.1,Europe & Central Asia
Portugal,PRT,2005,38.5,Europe & Central Asia
Portugal,PRT,2004,38.9,Europe & Central Asia
Portugal,PRT,2003,38.8,Europe & Central Asia
Qatar,QAT,2017,35.1,"Middle East, North Africa, Afghanistan & Pakistan"
Romania,ROU,2023,29.8,Europe & Central Asia
Romania,ROU,2022,32.3,Europe & Central Asia
Romania,ROU,2021,33.9,Europe & Central Asia
Romania,ROU,2020,34.6,Europe & Central Asia
Romania,ROU,2019,34.8,Europe & Central Asia
Romania,ROU,2018,35.8,Europe & Central Asia
Romania,ROU,2017,36.0,Europe & Central Asia
Romania,ROU,2016,34.4,Europe & Central Asia
Romania,ROU,2015,35.9,Europe & Central Asia
Romania,ROU,2014,36.0,Europe & Central Asia
Romania,ROU,2013,36.9,Europe & Central Asia
Romania,ROU,2012,36.5,Europe & Central Asia
Romania,ROU,2011,35.9,Europe & Central Asia
Romania,ROU,2010,35.5,Europe & Central Asia
Romania,ROU,2009,35.6,Europe & Central Asia
Romania,ROU,2008,36.4,Europe & Central Asia
Romania,ROU,2007,37.5,Europe & Central Asia
Romania,ROU,2006,39.6,Europe & Central Asia
Romania,ROU,2005,29.8,Europe & Central Asia
Romania,ROU,2004,30.0,Europe & Central Asia
Romania,ROU,2003,29.9,Europe & Central Asia
Romania,ROU,2002,30.2,Europe & Central Asia
Romania,ROU,2001,29.4,Europe & Central Asia
Romania,ROU,2000,29.3,Europe & Central Asia
Romania,ROU,1999,29.4,Europe & Central Asia
Romania,ROU,1998,31.1,Europe & Central Asia
Romania,ROU,1997,30.5,Europe & Central Asia
Romania,ROU,1995,31.2,Europe & Central Asia
Romania,ROU,1994,28.2,Europe & Central Asia
Romania,ROU,1992,25.5,Europe & Central Asia
Romania,ROU,1989,23.3,Europe & Central Asia
Russian Federation,RUS,2023,33.0,Europe & Central Asia
Russian Federation,RUS,2022,33.9,Europe & Central Asia
Russian Federation,RUS,2021,35.1,Europe & Central Asia
Russian Federation,RUS,2020,33.7,Europe & Central Asia
Russian Federation,RUS,2019,35.7,Europe & Central Asia
Russian Federation,RUS,2018,35.3,Europe & Central Asia
Russian Federation,RUS,2017,35.5,Europe & Central Asia
Russian Federation,RUS,2016,36.7,Europe & Central Asia
Russian Federation,RUS,2015,36.5,Europe & Central Asia
Russian Federation,RUS,2014,36.9,Europe & Central Asia
Russian Federation,RUS,2013,40.9,Europe & Central Asia
Russian Federation,RUS,2012,40.7,Europe & Central Asia
Russian Federation,RUS,2011,39.7,Europe & Central Asia
Russian Federation,RUS,2010,39.5,Europe & Central Asia
Russian Federation,RUS,2009,39.8,Europe & Central Asia
Russian Federation,RUS,2008,41.6,Europe & Central Asia
Russian Federation,RUS,2007,42.3,Europe & Central Asia
Russian Federation,RUS,2006,41.0,Europe & Central Asia
Russian Federation,RUS,2005,41.3,Europe & Central Asia
Russian Federation,RUS,2004,40.3,Europe & Central Asia
Russian Federation,RUS,2003,40.0,Europe & Central Asia
Russian Federation,RUS,2002,37.3,Europe & Central Asia
Russian Federation,RUS,2001,36.9,Europe & Central Asia
Russian Federation,RUS,2000,37.1,Europe & Central Asia
Russian Federation,RUS,1999,37.4,Europe & Central Asia
Russian Federation,RUS,1998,38.1,Europe & Central Asia
Russian Federation,RUS,1997,38.4,Europe & Central Asia
Russian Federation,RUS,1996,46.1,Europe & Central Asia
Russian Federation,RUS,1993,45.4,Europe & Central Asia
Rwanda,RWA,2023,39.4,Sub-Saharan Africa 
Rwanda,RWA,2016,43.7,Sub-Saharan Africa 
Rwanda,RWA,2013,45.1,Sub-Saharan Africa 
Rwanda,RWA,2010,47.2,Sub-Saharan Africa 
Rwanda,RWA,2005,52.0,Sub-Saharan Africa 
Rwanda,RWA,2000,48.5,Sub-Saharan Africa 
Samoa,WSM,2013,38.7,East Asia & Pacific
Samoa,WSM,2008,42.0,East Asia & Pacific
Samoa,WSM,2002,40.7,East Asia & Pacific
Sao Tome and Principe,STP,2017,40.7,Sub-Saharan Africa 
Sao Tome and Principe,STP,2010,30.8,Sub-Saharan Africa 
Sao Tome and Principe,STP,2000,32.1,Sub-Saharan Africa 
Senegal,SEN,2021,36.2,Sub-Saharan Africa 
Senegal,SEN,2018,38.3,Sub-Saharan Africa 
Senegal,SEN,2011,40.3,Sub-Saharan Africa 
Senegal,SEN,2005,39.2,Sub-Saharan Africa 
Senegal,SEN,2001,41.2,Sub-Saharan Africa 
Senegal,SEN,1994,39.2,Sub-Saharan Africa 
Senegal,SEN,1991,54.0,Sub-Saharan Africa 
Serbia,SRB,2023,32.8,Europe & Central Asia
Serbia,SRB,2022,32.8,Europe & Central Asia
Serbia,SRB,2021,33.1,Europe & Central Asia
Serbia,SRB,2020,35.0,Europe & Central Asia
Serbia,SRB,2019,34.5,Europe & Central Asia
Serbia,SRB,2018,35.0,Europe & Central Asia
Serbia,SRB,2017,36.1,Europe & Central Asia
Serbia,SRB,2016,38.8,Europe & Central Asia
Serbia,SRB,2015,40.5,Europe & Central Asia
Serbia,SRB,2014,40.4,Europe & Central Asia
Serbia,SRB,2013,39.4,Europe & Central Asia
Serbia,SRB,2012,39.9,Europe & Central Asia
Serbia,SRB,2010,29.0,Europe & Central Asia
Serbia,SRB,2009,28.0,Europe & Central Asia
Serbia,SRB,2008,27.6,Europe & Central Asia
Serbia,SRB,2007,28.7,Europe & Central Asia
Serbia,SRB,2006,29.7,Europe & Central Asia
Serbia,SRB,2005,36.5,Europe & Central Asia
Serbia,SRB,2004,35.5,Europe & Central Asia
Serbia,SRB,2003,32.8,Europe & Central Asia
Serbia,SRB,2002,32.7,Europe & Central Asia
Seychelles,SYC,2018,32.1,Sub-Saharan Africa 
Seychelles,SYC,2013,46.8,Sub-Saharan Africa 
Seychelles,SYC,2006,42.8,Sub-Saharan Africa 
Seychelles,SYC,1999,42.8,Sub-Saharan Africa 
Sierra Leone,SLE,2018,35.7,Sub-Saharan Africa 
Sierra Leone,SLE,2011,34.0,Sub-Saharan Africa 
Sierra Leone,SLE,2003,40.2,Sub-Saharan Africa 
Slovak Republic,SVK,2023,23.8,Europe & Central Asia
Slovak Republic,SVK,2022,24.1,Europe & Central Asia
Slovak Republic,SVK,2021,24.1,Europe & Central Asia
Slovak Republic,SVK,2020,24.2,Europe & Central Asia
Slovak Republic,SVK,2019,23.2,Europe & Central Asia
Slovak Republic,SVK,2018,25.0,Europe & Central Asia
Slovak Republic,SVK,2017,23.2,Europe & Central Asia
Slovak Republic,SVK,2016,25.2,Europe & Central Asia
Slovak Republic,SVK,2015,26.5,Europe & Central Asia
Slovak Republic,SVK,2014,26.1,Europe & Central Asia
Slovak Republic,SVK,2013,28.1,Europe & Central Asia
Slovak Republic,SVK,2012,26.1,Europe & Central Asia
Slovak Republic,SVK,2011,26.5,Europe & Central Asia
Slovak Republic,SVK,2010,27.3,Europe & Central Asia
Slovak Republic,SVK,2009,27.2,Europe & Central Asia
Slovak Republic,SVK,2008,26.0,Europe & Central Asia
Slovak Republic,SVK,2007,24.7,Europe & Central Asia
Slovak Republic,SVK,2006,25.8,Europe & Central Asia
Slovak Republic,SVK,2005,29.3,Europe & Central Asia
Slovak Republic,SVK,2004,27.1,Europe & Central Asia
Slovak Republic,SVK,1996,26.3,Europe & Central Asia
Slovak Republic,SVK,1992,20.2,Europe & Central Asia
Slovenia,SVN,2023,24.7,Europe & Central Asia
Slovenia,SVN,2022,24.3,Europe & Central Asia
Slovenia,SVN,2021,24.3,Europe & Central Asia
Slovenia,SVN,2020,24.0,Europe & Central Asia
Slovenia,SVN,2019,24.4,Europe & Central Asia
Slovenia,SVN,2018,24.6,Europe & Central Asia
Slovenia,SVN,2017,24.2,Europe & Central Asia
Slovenia,SVN,2016,24.8,Europe & Central Asia
Slovenia,SVN,2015,25.4,Europe & Central Asia
Slovenia,SVN,2014,25.7,Europe & Central Asia
Slovenia,SVN,2013,26.2,Europe & Central Asia
Slovenia,SVN,2012,25.6,Europe & Central Asia
Slovenia,SVN,2011,24.9,Europe & Central Asia
Slovenia,SVN,2010,24.9,Europe & Central Asia
Slovenia,SVN,2009,24.8,Europe & Central Asia
Slovenia,SVN,2008,23.7,Europe & Central Asia
Slovenia,SVN,2007,24.4,Europe & Central Asia
Slovenia,SVN,2006,24.4,Europe & Central Asia
Slovenia,SVN,2005,24.6,Europe & Central Asia
Slovenia,SVN,2004,24.8,Europe & Central Asia
Slovenia,SVN,2003,30.9,Europe & Central Asia
Slovenia,SVN,2002,29.1,Europe & Central Asia
Slovenia,SVN,1999,24.0,Europe & Central Asia
Slovenia,SVN,1998,28.4,Europe & Central Asia
Slovenia,SVN,1997,24.1,Europe & Central Asia
Slovenia,SVN,1993,29.1,Europe & Central Asia
Slovenia,SVN,1987,23.6,Europe & Central Asia
Solomon Islands,SLB,2012,37.1,East Asia & Pacific
Solomon Islands,SLB,2005,46.1,East Asia & Pacific
South Africa,ZAF,2022,54.1,Sub-Saharan Africa 
South Africa,ZAF,2014,59.6,Sub-Saharan Africa 
South Africa,ZAF,2010,60.9,Sub-Saharan Africa 
South Africa,ZAF,2008,62.5,Sub-Saharan Africa 
South Africa,ZAF,2005,65.0,Sub-Saharan Africa 
South Africa,ZAF,2000,57.8,Sub-Saharan Africa 
South Africa,ZAF,1993,59.3,Sub-Saharan Africa 
South Sudan,SSD,2016,44.0,Sub-Saharan Africa 
South Sudan,SSD,2009,46.3,Sub-Saharan Africa 
Spain,ESP,2023,33.4,Europe & Central Asia
Spain,ESP,2022,33.6,Europe & Central Asia
Spain,ESP,2021,33.9,Europe & Central Asia
Spain,ESP,2020,34.9,Europe & Central Asia
Spain,ESP,2019,34.3,Europe & Central Asia
Spain,ESP,2018,34.7,Europe & Central Asia
Spain,ESP,2017,34.7,Europe & Central Asia
Spain,ESP,2016,35.8,Europe & Central Asia
Spain,ESP,2015,36.2,Europe & Central Asia
Spain,ESP,2014,36.1,Europe & Central Asia
Spain,ESP,2013,36.2,Europe & Central Asia
Spain,ESP,2012,35.4,Europe & Central Asia
Spain,ESP,2011,35.7,Europe & Central Asia
Spain,ESP,2010,35.2,Europe & Central Asia
Spain,ESP,2009,34.9,Europe & Central Asia
Spain,ESP,2008,34.2,Europe & Central Asia
Spain,ESP,2007,34.1,Europe & Central Asia
Spain,ESP,2006,33.5,Europe & Central Asia
Spain,ESP,2005,32.4,Europe & Central Asia
Spain,ESP,2004,33.3,Europe & Central Asia
Spain,ESP,2003,31.8,Europe & Central Asia
Spain,ESP,2000,34.1,Europe & Central Asia
Spain,ESP,1999,33.8,Europe & Central Asia
Spain,ESP,1998,34.6,Europe & Central Asia
Spain,ESP,1997,35.3,Europe & Central Asia
Spain,ESP,1996,36.5,Europe & Central Asia
Spain,ESP,1995,35.7,Europe & Central Asia
Spain,ESP,1994,35.1,Europe & Central Asia
Spain,ESP,1993,35.7,Europe & Central Asia
Spain,ESP,1990,32.0,Europe & Central Asia
Spain,ESP,1985,34.4,Europe & Central Asia
Spain,ESP,1980,34.5,Europe & Central Asia
Sri Lanka,LKA,2019,37.7,South Asia
Sri Lanka,LKA,2016,39.3,South Asia
Sri Lanka,LKA,2012,38.7,South Asia
Sri Lanka,LKA,2009,36.1,South Asia
Sri Lanka,LKA,2006,39.7,South Asia
Sri Lanka,LKA,2002,40.2,South Asia
Sri Lanka,LKA,1995,35.4,South Asia
Sri Lanka,LKA,1990,32.4,South Asia
Sri Lanka,LKA,1985,32.5,South Asia
St. Lucia,LCA,2015,43.7,Latin America & Caribbean 
St. Lucia,LCA,1995,42.6,Latin America & Caribbean 
Sudan,SDN,2014,34.2,Sub-Saharan Africa 
Sudan,SDN,2009,35.4,Sub-Saharan Africa 
Suriname,SUR,2022,39.2,Latin America & Caribbean 
Suriname,SUR,1999,57.5,Latin America & Caribbean 
Sweden,SWE,2023,29.3,Europe & Central Asia
Sweden,SWE,2022,31.6,Europe & Central Asia
Sweden,SWE,2021,29.8,Europe & Central Asia
Sweden,SWE,2020,28.9,Europe & Central Asia
Sweden,SWE,2019,29.3,Europe & Central Asia
Sweden,SWE,2018,30.0,Europe & Central Asia
Sweden,SWE,2017,28.8,Europe & Central Asia
Sweden,SWE,2016,29.6,Europe & Central Asia
Sweden,SWE,2015,29.2,Europe & Central Asia
Sweden,SWE,2014,28.4,Europe & Central Asia
Sweden,SWE,2013,28.8,Europe & Central Asia
Sweden,SWE,2012,27.6,Europe & Central Asia
Sweden,SWE,2011,27.6,Europe & Central Asia
Sweden,SWE,2010,27.7,Europe & Central Asia
Sweden,SWE,2009,27.3,Europe & Central Asia
Sweden,SWE,2008,28.1,Europe & Central Asia
Sweden,SWE,2007,27.1,Europe & Central Asia
Sweden,SWE,2006,26.4,Europe & Central Asia
Sweden,SWE,2005,26.8,Europe & Central Asia
Sweden,SWE,2004,26.1,Europe & Central Asia
Sweden,SWE,2003,25.3,Europe & Central Asia
Sweden,SWE,2002,26.2,Europe & Central Asia
Sweden,SWE,2001,26.5,Europe & Central Asia
Sweden,SWE,2000,27.0,Europe & Central Asia
Sweden,SWE,1995,25.2,Europe & Central Asia
Sweden,SWE,1992,24.9,Europe & Central Asia
Sweden,SWE,1987,23.1,Europe & Central Asia
Sweden,SWE,1981,22.9,Europe & Central Asia
Sweden,SWE,1975,24.3,Europe & Central Asia
Switzerland,CHE,2022,33.8,Europe & Central Asia
Switzerland,CHE,2021,33.8,Europe & Central Asia
Switzerland,CHE,2020,33.7,Europe & Central Asia
Switzerland,CHE,2019,34.0,Europe & Central Asia
Switzerland,CHE,2018,33.1,Europe & Central Asia
Switzerland,CHE,2017,32.7,Europe & Central Asia
Switzerland,CHE,2016,33.0,Europe & Central Asia
Switzerland,CHE,2015,32.3,Europe & Central Asia
Switzerland,CHE,2014,32.5,Europe & Central Asia
Switzerland,CHE,2013,32.5,Europe & Central Asia
Switzerland,CHE,2012,31.6,Europe & Central Asia
Switzerland,CHE,2011,31.7,Europe & Central Asia
Switzerland,CHE,2010,32.6,Europe & Central Asia
Switzerland,CHE,2009,32.9,Europe & Central Asia
Switzerland,CHE,2008,33.8,Europe & Central Asia
Switzerland,CHE,2007,34.3,Europe & Central Asia
Switzerland,CHE,2006,33.9,Europe & Central Asia
Switzerland,CHE,2004,31.6,Europe & Central Asia
Switzerland,CHE,2002,31.7,Europe & Central Asia
Switzerland,CHE,2000,33.4,Europe & Central Asia
Switzerland,CHE,1992,33.9,Europe & Central Asia
Switzerland,CHE,1982,36.0,Europe & Central Asia
Syrian Arab Republic,SYR,2022,26.4,"Middle East, North Africa, Afghanistan & Pakistan"
Syrian Arab Republic,SYR,2009,40.4,"Middle East, North Africa, Afghanistan & Pakistan"
Syrian Arab Republic,SYR,2006,40.1,"Middle East, North Africa, Afghanistan & Pakistan"
Syrian Arab Republic,SYR,2003,37.5,"Middle East, North Africa, Afghanistan & Pakistan"
Syrian Arab Republic,SYR,1996,35.2,"Middle East, North Africa, Afghanistan & Pakistan"
Tajikistan,TJK,2024,36.1,Europe & Central Asia
Tajikistan,TJK,2023,38.0,Europe & Central Asia
Tajikistan,TJK,2022,39.5,Europe & Central Asia
Tajikistan,TJK,2021,32.4,Europe & Central Asia
Tajikistan,TJK,2015,34.0,Europe & Central Asia
Tajikistan,TJK,2009,30.8,Europe & Central Asia
Tajikistan,TJK,2007,32.2,Europe & Central Asia
Tajikistan,TJK,2004,33.6,Europe & Central Asia
Tajikistan,TJK,2003,32.7,Europe & Central Asia
Tajikistan,TJK,1999,29.5,Europe & Central Asia
Tanzania,TZA,2018,40.5,Sub-Saharan Africa 
Tanzania,TZA,2011,37.8,Sub-Saharan Africa 
Tanzania,TZA,2007,40.3,Sub-Saharan Africa 
Tanzania,TZA,2000,37.3,Sub-Saharan Africa 
Tanzania,TZA,1991,35.3,Sub-Saharan Africa 
Thailand,THA,2024,33.3,East Asia & Pacific
Thailand,THA,2023,33.5,East Asia & Pacific
Thailand,THA,2022,34.3,East Asia & Pacific
Thailand,THA,2021,34.9,East Asia & Pacific
Thailand,THA,2020,35.0,East Asia & Pacific
Thailand,THA,2019,34.9,East Asia & Pacific
Thailand,THA,2018,36.4,East Asia & Pacific
Thailand,THA,2017,36.4,East Asia & Pacific
Thailand,THA,2016,36.7,East Asia & Pacific
Thailand,THA,2015,36.0,East Asia & Pacific
Thailand,THA,2014,37.0,East Asia & Pacific
Thailand,THA,2013,37.8,East Asia & Pacific
Thailand,THA,2012,39.3,East Asia & Pacific
Thailand,THA,2011,37.5,East Asia & Pacific
Thailand,THA,2010,39.4,East Asia & Pacific
Thailand,THA,2009,39.6,East Asia & Pacific
Thailand,THA,2008,40.3,East Asia & Pacific
Thailand,THA,2007,39.8,East Asia & Pacific
Thailand,THA,2006,41.8,East Asia & Pacific
Thailand,THA,2004,42.5,East Asia & Pacific
Thailand,THA,2002,41.9,East Asia & Pacific
Thailand,THA,2000,42.8,East Asia & Pacific
Thailand,THA,1999,43.1,East Asia & Pacific
Thailand,THA,1998,41.5,East Asia & Pacific
Thailand,THA,1996,42.9,East Asia & Pacific
Thailand,THA,1994,43.5,East Asia & Pacific
Thailand,THA,1992,47.9,East Asia & Pacific
Thailand,THA,1990,45.3,East Asia & Pacific
Thailand,THA,1988,43.8,East Asia & Pacific
Thailand,THA,1981,45.2,East Asia & Pacific
Timor-Leste,TLS,2014,28.7,East Asia & Pacific
Timor-Leste,TLS,2007,27.8,East Asia & Pacific
Timor-Leste,TLS,2001,35.9,East Asia & Pacific
Togo,TGO,2021,37.9,Sub-Saharan Africa 
Togo,TGO,2018,42.5,Sub-Saharan Africa 
Togo,TGO,2015,43.0,Sub-Saharan Africa 
Togo,TGO,2011,46.0,Sub-Saharan Africa 
Togo,TGO,2006,42.2,Sub-Saharan Africa 
Tonga,TON,2021,27.1,East Asia & Pacific
Tonga,TON,2015,33.5,East Asia & Pacific
Tonga,TON,2009,37.5,East Asia & Pacific
Tonga,TON,2000,37.7,East Asia & Pacific
Trinidad and Tobago,TTO,1992,40.2,Latin America & Caribbean 
Trinidad and Tobago,TTO,1988,42.6,Latin America & Caribbean 
Tunisia,TUN,2021,33.7,"Middle East, North Africa, Afghanistan & Pakistan"
Tunisia,TUN,2015,32.8,"Middle East, North Africa, Afghanistan & Pakistan"
Tunisia,TUN,2010,38.5,"Middle East, North Africa, Afghanistan & Pakistan"
Tunisia,TUN,2005,37.7,"Middle East, North Africa, Afghanistan & Pakistan"
Tunisia,TUN,2000,40.8,"Middle East, North Africa, Afghanistan & Pakistan"
Tunisia,TUN,1995,41.7,"Middle East, North Africa, Afghanistan & Pakistan"
Tunisia,TUN,1990,40.1,"Middle East, North Africa, Afghanistan & Pakistan"
Tunisia,TUN,1985,43.4,"Middle East, North Africa, Afghanistan & Pakistan"
Turkiye,TUR,2023,43.7,Europe & Central Asia
Turkiye,TUR,2022,44.5,Europe & Central Asia
Turkiye,TUR,2021,44.4,Europe & Central Asia
Turkiye,TUR,2020,43.0,Europe & Central Asia
Turkiye,TUR,2019,43.8,Europe & Central Asia
Turkiye,TUR,2018,42.4,Europe & Central Asia
Turkiye,TUR,2017,43.5,Europe & Central Asia
Turkiye,TUR,2016,41.9,Europe & Central Asia
Turkiye,TUR,2015,42.9,Europe & Central Asia
Turkiye,TUR,2014,41.2,Europe & Central Asia
Turkiye,TUR,2013,40.2,Europe & Central Asia
Turkiye,TUR,2012,40.2,Europe & Central Asia
Turkiye,TUR,2011,40.0,Europe & Central Asia
Turkiye,TUR,2010,38.8,Europe & Central Asia
Turkiye,TUR,2009,39.0,Europe & Central Asia
Turkiye,TUR,2008,39.0,Europe & Central Asia
Turkiye,TUR,2007,38.4,Europe & Central Asia
Turkiye,TUR,2006,39.6,Europe & Central Asia
Turkiye,TUR,2005,42.6,Europe & Central Asia
Turkiye,TUR,2004,41.3,Europe & Central Asia
Turkiye,TUR,2003,42.2,Europe & Central Asia
Turkiye,TUR,2002,41.4,Europe & Central Asia
Turkiye,TUR,1994,41.3,Europe & Central Asia
Turkiye,TUR,1987,41.0,Europe & Central Asia
Turkmenistan,TKM,1998,40.8,Europe & Central Asia
Tuvalu,TUV,2010,39.1,East Asia & Pacific
Uganda,UGA,2019,42.7,Sub-Saharan Africa 
Uganda,UGA,2016,42.8,Sub-Saharan Africa 
Uganda,UGA,2012,41.0,Sub-Saharan Africa 
Uganda,UGA,2009,44.2,Sub-Saharan Africa 
Uganda,UGA,2005,42.9,Sub-Saharan Africa 
Uganda,UGA,2002,45.2,Sub-Saharan Africa 
Uganda,UGA,1999,43.0,Sub-Saharan Africa 
Uganda,UGA,1996,39.0,Sub-Saharan Africa 
Uganda,UGA,1992,41.4,Sub-Saharan Africa 
Uganda,UGA,1989,44.4,Sub-Saharan Africa 
Ukraine,UKR,2020,25.6,Europe & Central Asia
Ukraine,UKR,2019,26.6,Europe & Central Asia
Ukraine,UKR,2018,26.1,Europe & Central Asia
Ukraine,UKR,2017,26.0,Europe & Central Asia
Ukraine,UKR,2016,25.0,Europe & Central Asia
Ukraine,UKR,2015,25.5,Europe & Central Asia
Ukraine,UKR,2014,24.0,Europe & Central Asia
Ukraine,UKR,2013,24.6,Europe & Central Asia
Ukraine,UKR,2012,24.7,Europe & Central Asia
Ukraine,UKR,2011,24.6,Europe & Central Asia
Ukraine,UKR,2010,24.8,Europe & Central Asia
Ukraine,UKR,2009,25.3,Europe & Central Asia
Ukraine,UKR,2008,26.6,Europe & Central Asia
Ukraine,UKR,2007,27.0,Europe & Central Asia
Ukraine,UKR,2006,29.8,Europe & Central Asia
Ukraine,UKR,2005,29.0,Europe & Central Asia
Ukraine,UKR,2004,28.9,Europe & Central Asia
Ukraine,UKR,2003,28.7,Europe & Central Asia
Ukraine,UKR,2002,29.0,Europe & Central Asia
Ukraine,UKR,1999,28.9,Europe & Central Asia
Ukraine,UKR,1996,35.2,Europe & Central Asia
Ukraine,UKR,1995,39.2,Europe & Central Asia
Ukraine,UKR,1993,28.9,Europe & Central Asia
Ukraine,UKR,1992,29.7,Europe & Central Asia
United Arab Emirates,ARE,2018,26.4,"Middle East, North Africa, Afghanistan & Pakistan"
United Arab Emirates,ARE,2013,32.5,"Middle East, North Africa, Afghanistan & Pakistan"
United Kingdom,GBR,2021,32.4,Europe & Central Asia
United Kingdom,GBR,2020,32.7,Europe & Central Asia
United Kingdom,GBR,2019,32.8,Europe & Central Asia
United Kingdom,GBR,2018,33.7,Europe & Central Asia
United Kingdom,GBR,2017,32.6,Europe & Central Asia
United Kingdom,GBR,2016,33.1,Europe & Central Asia
United Kingdom,GBR,2015,33.3,Europe & Central Asia
United Kingdom,GBR,2014,33.1,Europe & Central Asia
United Kingdom,GBR,2013,32.7,Europe & Central Asia
United Kingdom,GBR,2012,33.1,Europe & Central Asia
United Kingdom,GBR,2011,33.2,Europe & Central Asia
United Kingdom,GBR,2010,33.7,Europe & Central Asia
United Kingdom,GBR,2009,35.1,Europe & Central Asia
United Kingdom,GBR,2008,35.4,Europe & Central Asia
United Kingdom,GBR,2007,34.4,Europe & Central Asia
United Kingdom,GBR,2006,35.9,Europe & Central Asia
United Kingdom,GBR,2005,35.5,Europe & Central Asia
United Kingdom,GBR,2004,34.8,Europe & Central Asia
United Kingdom,GBR,2003,34.9,Europe & Central Asia
United Kingdom,GBR,2002,35.1,Europe & Central Asia
United Kingdom,GBR,2001,37.1,Europe & Central Asia
United Kingdom,GBR,2000,38.9,Europe & Central Asia
United Kingdom,GBR,1999,36.8,Europe & Central Asia
United Kingdom,GBR,1998,36.6,Europe & Central Asia
United Kingdom,GBR,1997,35.7,Europe & Central Asia
United Kingdom,GBR,1996,35.3,Europe & Central Asia
United Kingdom,GBR,1995,35.5,Europe & Central Asia
United Kingdom,GBR,1994,36.0,Europe & Central Asia
United Kingdom,GBR,1993,35.1,Europe & Central Asia
United Kingdom,GBR,1992,35.0,Europe & Central Asia
United Kingdom,GBR,1991,35.0,Europe & Central Asia
United Kingdom,GBR,1990,35.7,Europe & Central Asia
United Kingdom,GBR,1989,33.4,Europe & Central Asia
United Kingdom,GBR,1988,34.3,Europe & Central Asia
United Kingdom,GBR,1987,33.9,Europe & Central Asia
United Kingdom,GBR,1986,31.9,Europe & Central Asia
United Kingdom,GBR,1985,30.4,Europe & Central Asia
United Kingdom,GBR,1984,29.2,Europe & Central Asia
United Kingdom,GBR,1983,29.8,Europe & Central Asia
United Kingdom,GBR,1982,29.9,Europe & Central Asia
United Kingdom,GBR,1981,29.7,Europe & Central Asia
United Kingdom,GBR,1980,28.5,Europe & Central Asia
United Kingdom,GBR,1979,27.4,Europe & Central Asia
United Kingdom,GBR,1978,27.2,Europe & Central Asia
United Kingdom,GBR,1977,27.1,Europe & Central Asia
United Kingdom,GBR,1976,27.6,Europe & Central Asia
United Kingdom,GBR,1975,27.9,Europe & Central Asia
United Kingdom,GBR,1974,29.0,Europe & Central Asia
United Kingdom,GBR,1973,28.8,Europe & Central Asia
United Kingdom,GBR,1972,28.8,Europe & Central Asia
United Kingdom,GBR,1971,29.3,Europe & Central Asia
United Kingdom,GBR,1970,28.0,Europe & Central Asia
United Kingdom,GBR,1969,27.9,Europe & Central Asia
United Kingdom,GBR,1968,26.8,Europe & Central Asia
United States,USA,2024,41.8,North America
United States,USA,2023,41.8,North America
United States,USA,2022,41.7,North America
United States,USA,2021,39.7,North America
United States,USA,2020,40.0,North America
United States,USA,2019,41.9,North America
United States,USA,2018,41.8,North America
United States,USA,2017,41.4,North America
United States,USA,2016,41.3,North America
United States,USA,2015,41.5,North America
United States,USA,2014,41.7,North America
United States,USA,2013,40.9,North America
United States,USA,2012,41.2,North America
United States,USA,2011,41.2,North America
United States,USA,2010,40.2,North America
United States,USA,2009,40.9,North America
United States,USA,2008,41.1,North America
United States,USA,2007,41.1,North America
United States,USA,2006,41.7,North America
United States,USA,2005,41.3,North America
United States,USA,2004,40.5,North America
United States,USA,2003,40.8,North America
United States,USA,2002,40.4,North America
United States,USA,2001,40.6,North America
United States,USA,2000,40.1,North America
United States,USA,1999,40.0,North America
United States,USA,1998,40.0,North America
United States,USA,1997,40.5,North America
United States,USA,1996,40.3,North America
United States,USA,1995,39.9,North America
United States,USA,1994,40.0,North America
United States,USA,1993,40.4,North America
United States,USA,1992,38.4,North America
United States,USA,1991,38.0,North America
United States,USA,1990,38.3,North America
United States,USA,1989,38.2,North America
United States,USA,1988,37.7,North America
United States,USA,1987,37.2,North America
United States,USA,1986,37.6,North America
United States,USA,1985,37.6,North America
United States,USA,1984,37.3,North America
United States,USA,1983,37.3,North America
United States,USA,1982,36.7,North America
United States,USA,1981,35.5,North America
United States,USA,1980,34.7,North America
United States,USA,1979,34.8,North America
United States,USA,1978,34.8,North America
United States,USA,1977,35.5,North America
United States,USA,1976,35.6,North America
United States,USA,1975,35.7,North America
United States,USA,1974,35.5,North America
United States,USA,1973,36.1,North America
United States,USA,1972,36.7,North America
United States,USA,1971,36.9,North America
United States,USA,1970,36.6,North America
United States,USA,1969,36.0,North America
United States,USA,1968,36.3,North America
United States,USA,1967,36.9,North America
United States,USA,1966,37.1,North America
United States,USA,1965,36.8,North America
United States,USA,1964,37.4,North America
United States,USA,1963,36.7,North America
Uruguay,URY,2024,40.0,Latin America & Caribbean 
Uruguay,URY,2023,40.9,Latin America & Caribbean 
Uruguay,URY,2022,40.6,Latin America & Caribbean 
Uruguay,URY,2021,40.8,Latin America & Caribbean 
Uruguay,URY,2020,40.2,Latin America & Caribbean 
Uruguay,URY,2019,39.7,Latin America & Caribbean 
Uruguay,URY,2018,39.7,Latin America & Caribbean 
Uruguay,URY,2017,39.5,Latin America & Caribbean 
Uruguay,URY,2016,39.7,Latin America & Caribbean 
Uruguay,URY,2015,40.1,Latin America & Caribbean 
Uruguay,URY,2014,40.1,Latin America & Caribbean 
Uruguay,URY,2013,40.5,Latin America & Caribbean 
Uruguay,URY,2012,39.9,Latin America & Caribbean 
Uruguay,URY,2011,42.2,Latin America & Caribbean 
Uruguay,URY,2010,44.5,Latin America & Caribbean 
Uruguay,URY,2009,45.5,Latin America & Caribbean 
Uruguay,URY,2008,45.1,Latin America & Caribbean 
Uruguay,URY,2007,46.4,Latin America & Caribbean 
Uruguay,URY,2006,45.9,Latin America & Caribbean 
Uruguay,URY,2005,44.7,Latin America & Caribbean 
Uruguay,URY,2004,45.9,Latin America & Caribbean 
Uruguay,URY,2003,45.0,Latin America & Caribbean 
Uruguay,URY,2002,45.5,Latin America & Caribbean 
Uruguay,URY,2001,45.0,Latin America & Caribbean 
Uruguay,URY,2000,43.4,Latin America & Caribbean 
Uruguay,URY,1998,42.5,Latin America & Caribbean 
Uruguay,URY,1997,41.5,Latin America & Caribbean 
Uruguay,URY,1996,40.8,Latin America & Caribbean 
Uruguay,URY,1995,40.9,Latin America & Caribbean 
Uruguay,URY,1992,41.5,Latin America & Caribbean 
Uruguay,URY,1989,42.4,Latin America & Caribbean 
Uruguay,URY,1981,43.6,Latin America & Caribbean 
Uzbekistan,UZB,2025,32.7,Europe & Central Asia
Uzbekistan,UZB,2024,34.6,Europe & Central Asia
Uzbekistan,UZB,2023,34.5,Europe & Central Asia
Uzbekistan,UZB,2022,31.2,Europe & Central Asia
Uzbekistan,UZB,2021,32.9,Europe & Central Asia
Uzbekistan,UZB,2003,35.2,Europe & Central Asia
Uzbekistan,UZB,2002,33.0,Europe & Central Asia
Uzbekistan,UZB,2000,35.9,Europe & Central Asia
Uzbekistan,UZB,1998,44.1,Europe & Central Asia
Vanuatu,VUT,2019,32.3,East Asia & Pacific
Vanuatu,VUT,2010,37.4,East Asia & Pacific
"Venezuela, RB",VEN,2006,44.7,Latin America & Caribbean 
"Venezuela, RB",VEN,2005,49.3,Latin America & Caribbean 
"Venezuela, RB",VEN,2004,47.3,Latin America & Caribbean 
"Venezuela, RB",VEN,2003,47.9,Latin America & Caribbean 
"Venezuela, RB",VEN,2002,48.9,Latin America & Caribbean 
"Venezuela, RB",VEN,2001,47.2,Latin America & Caribbean 
"Venezuela, RB",VEN,1999,47.7,Latin America & Caribbean 
"Venezuela, RB",VEN,1998,48.0,Latin America & Caribbean 
"Venezuela, RB",VEN,1995,47.2,Latin America & Caribbean 
"Venezuela, RB",VEN,1992,42.1,Latin America & Caribbean 
"Venezuela, RB",VEN,1989,43.8,Latin America & Caribbean 
"Venezuela, RB",VEN,1987,53.4,Latin America & Caribbean 
"Venezuela, RB",VEN,1981,55.6,Latin America & Caribbean 
Viet Nam,VNM,2022,36.1,East Asia & Pacific
Viet Nam,VNM,2020,36.8,East Asia & Pacific
Viet Nam,VNM,2018,35.7,East Asia & Pacific
Viet Nam,VNM,2016,35.3,East Asia & Pacific
Viet Nam,VNM,2014,34.8,East Asia & Pacific
Viet Nam,VNM,2012,35.6,East Asia & Pacific
Viet Nam,VNM,2010,39.3,East Asia & Pacific
Viet Nam,VNM,2008,35.6,East Asia & Pacific
Viet Nam,VNM,2006,35.8,East Asia & Pacific
Viet Nam,VNM,2004,36.8,East Asia & Pacific
Viet Nam,VNM,2002,37.0,East Asia & Pacific
Viet Nam,VNM,1997,35.4,East Asia & Pacific
Viet Nam,VNM,1992,35.7,East Asia & Pacific
West Bank and Gaza,PSE,2023,36.4,"Middle East, North Africa, Afghanistan & Pakistan"
West Bank and Gaza,PSE,2016,33.7,"Middle East, North Africa, Afghanistan & Pakistan"
West Bank and Gaza,PSE,2011,34.4,"Middle East, North Africa, Afghanistan & Pakistan"
West Bank and Gaza,PSE,2010,35.3,"Middle East, North Africa, Afghanistan & Pakistan"
West Bank and Gaza,PSE,2009,34.5,"Middle East, North Africa, Afghanistan & Pakistan"
West Bank and Gaza,PSE,2007,35.6,"Middle East, North Africa, Afghanistan & Pakistan"
West Bank and Gaza,PSE,2006,34.0,"Middle East, North Africa, Afghanistan & Pakistan"
West Bank and Gaza,PSE,2005,34.7,"Middle East, North Africa, Afghanistan & Pakistan"
West Bank and Gaza,PSE,2004,34.0,"Middle East, North Africa, Afghanistan & Pakistan"
"Yemen, Rep.",YEM,2014,36.7,"Middle East, North Africa, Afghanistan & Pakistan"
"Yemen, Rep.",YEM,2005,34.7,"Middle East, North Africa, Afghanistan & Pakistan"
"Yemen, Rep.",YEM,1998,35.0,"Middle East, North Africa, Afghanistan & Pakistan"
Zambia,ZMB,2022,51.5,Sub-Saharan Africa 
Zambia,ZMB,2015,55.8,Sub-Saharan Africa 
Zambia,ZMB,2010,52.0,Sub-Saharan Africa 
Zambia,ZMB,2006,54.6,Sub-Saharan Africa 
Zambia,ZMB,2004,54.3,Sub-Saharan Africa 
Zambia,ZMB,2002,42.1,Sub-Saharan Africa 
Zambia,ZMB,1998,49.1,Sub-Saharan Africa 
Zambia,ZMB,1996,48.3,Sub-Saharan Africa 
Zambia,ZMB,1993,52.6,Sub-Saharan Africa 
Zambia,ZMB,1991,59.4,Sub-Saharan Africa 
Zimbabwe,ZWE,2019,50.3,Sub-Saharan Africa 
Zimbabwe,ZWE,2017,44.3,Sub-Saharan Africa 
Zimbabwe,ZWE,2011,43.2,Sub-Saharan Africa 
