Country,Country_Code,Year,Gini,Region,GDP_per_capita,Population
Albania,ALB,1996,27.0,Europe & Central Asia,1020.97618050188,3168033.0
Albania,ALB,2002,31.7,Europe & Central Asia,1479.83884572006,3051010.0
Albania,ALB,2005,30.6,Europe & Central Asia,2741.72136549578,3011487.0
Albania,ALB,2008,30.0,Europe & Central Asia,4498.50486763601,2947314.0
Albania,ALB,2012,29.0,Europe & Central Asia,4280.93316338873,2860708.0
Albania,ALB,2014,34.6,Europe & Central Asia,4793.59751131525,2773767.0
Albania,ALB,2015,32.8,Europe & Central Asia,4199.53912925398,2731293.0
Albania,ALB,2016,33.7,Europe & Central Asia,4457.63412207495,2689469.0
Albania,ALB,2017,33.1,Europe & Central Asia,5006.36012951959,2648285.0
Albania,ALB,2018,30.1,Europe & Central Asia,5897.65452588774,2607733.0
Albania,ALB,2019,30.1,Europe & Central Asia,6069.43903131027,2567801.0
Albania,ALB,2020,29.4,Europe & Central Asia,6027.91350716348,2528480.0
Algeria,DZA,1988,37.4,"Middle East, North Africa, Afghanistan & Pakistan",2450.87242078961,24109536.0
Algeria,DZA,1995,35.3,"Middle East, North Africa, Afghanistan & Pakistan",1466.94806760415,28470191.0
Algeria,DZA,2011,27.6,"Middle East, North Africa, Afghanistan & Pakistan",5916.31364364343,36903376.0
Angola,AGO,2000,51.9,Sub-Saharan Africa ,563.733795571487,16194869.0
Angola,AGO,2008,42.7,Sub-Saharan Africa ,4578.15526451058,21578655.0
Angola,AGO,2018,51.3,Sub-Saharan Africa ,2891.83032378747,31297155.0
Argentina,ARG,1980,40.8,Latin America & Caribbean ,2747.5022751674,28011596.0
Argentina,ARG,1986,42.8,Latin America & Caribbean ,3436.07819471053,30811980.0
Argentina,ARG,1987,45.3,Latin America & Caribbean ,3477.30131979313,31291762.0
Argentina,ARG,1991,46.8,Latin America & Caribbean ,5709.24784079504,33230294.0
Argentina,ARG,1992,45.5,Latin America & Caribbean ,6789.99611136495,33693527.0
Argentina,ARG,1993,44.8,Latin America & Caribbean ,6931.85596375876,34152717.0
Argentina,ARG,1994,45.9,Latin America & Caribbean ,7437.56242327594,34613491.0
Argentina,ARG,1995,48.9,Latin America & Caribbean ,7357.6162773788,35070020.0
Argentina,ARG,1996,49.5,Latin America & Caribbean ,7663.21271287469,35513793.0
Argentina,ARG,1997,49.1,Latin America & Caribbean ,8146.78710021431,35947791.0
Argentina,ARG,1998,50.7,Latin America & Caribbean ,8218.99212764682,36372860.0
Argentina,ARG,1999,49.8,Latin America & Caribbean ,7705.54288252851,36794682.0
Argentina,ARG,2000,51.0,Latin America & Caribbean ,7637.01489203628,37213984.0
Argentina,ARG,2001,53.3,Latin America & Caribbean ,7141.47507662826,37624825.0
Argentina,ARG,2002,53.8,Latin America & Caribbean ,2569.69963519124,38029349.0
Argentina,ARG,2003,51.0,Latin America & Caribbean ,3320.47775133903,38424282.0
Argentina,ARG,2004,48.5,Latin America & Caribbean ,4242.02099089422,38815916.0
Argentina,ARG,2005,47.8,Latin America & Caribbean ,5067.65342293276,39216789.0
Argentina,ARG,2006,46.4,Latin America & Caribbean ,5869.38028970204,39622115.0
Argentina,ARG,2007,46.3,Latin America & Caribbean ,7185.25155147027,40016763.0
Argentina,ARG,2008,45.0,Latin America & Caribbean ,8944.1102657357,40424148.0
Argentina,ARG,2009,43.8,Latin America & Caribbean ,8150.23527028221,40854831.0
Argentina,ARG,2010,43.7,Latin America & Caribbean ,10260.1313108254,41288694.0
Argentina,ARG,2011,42.7,Latin America & Caribbean ,12704.2831819684,41730660.0
Argentina,ARG,2012,41.4,Latin America & Caribbean ,12949.717486654,42161721.0
Argentina,ARG,2013,41.1,Latin America & Caribbean ,12963.675773326,42582455.0
Argentina,ARG,2014,41.8,Latin America & Caribbean ,12233.1444119186,43024071.0
Argentina,ARG,2016,42.3,Latin America & Caribbean ,12699.9623137756,43900313.0
Argentina,ARG,2017,41.4,Latin America & Caribbean ,14532.5009308511,44288894.0
Argentina,ARG,2018,41.7,Latin America & Caribbean ,11752.7998922979,44654882.0
Argentina,ARG,2019,43.3,Latin America & Caribbean ,9955.97478680428,44973465.0
Argentina,ARG,2020,42.7,Latin America & Caribbean ,8535.59938004389,45191965.0
Argentina,ARG,2021,42.4,Latin America & Caribbean ,10738.0179223384,45312281.0
Argentina,ARG,2022,40.7,Latin America & Caribbean ,13962.1894087223,45407904.0
Argentina,ARG,2023,42.4,Latin America & Caribbean ,14261.8465667948,45538401.0
Argentina,ARG,2024,42.4,Latin America & Caribbean ,13969.7836603737,45696159.0
Armenia,ARM,1996,44.4,Europe & Central Asia,487.068624404558,3278735.0
Armenia,ARM,1999,36.2,Europe & Central Asia,582.669886150895,3167286.0
Armenia,ARM,2001,35.4,Europe & Central Asia,659.588988535629,3211800.0
Armenia,ARM,2002,34.8,Europe & Central Asia,742.651118319819,3199800.0
Armenia,ARM,2003,33.0,Europe & Central Asia,882.030167695474,3182500.0
Armenia,ARM,2004,37.5,Europe & Central Asia,1130.08791444158,3164900.0
Armenia,ARM,2005,36.0,Europe & Central Asia,1557.48458908655,3146400.0
Armenia,ARM,2006,29.7,Europe & Central Asia,2041.65267068997,3127100.0
Armenia,ARM,2007,31.2,Europe & Central Asia,2962.70234594569,3107400.0
Armenia,ARM,2008,29.2,Europe & Central Asia,3777.66859313767,3087100.0
Armenia,ARM,2009,28.0,Europe & Central Asia,2820.5926553347,3066000.0
Armenia,ARM,2010,30.0,Europe & Central Asia,3041.34450723339,3044800.0
Armenia,ARM,2011,29.4,Europe & Central Asia,3349.55309771906,3027900.0
Armenia,ARM,2012,29.6,Europe & Central Asia,3511.56399687426,3024100.0
Armenia,ARM,2013,30.6,Europe & Central Asia,3680.16692158886,3022000.0
Armenia,ARM,2014,31.5,Europe & Central Asia,3852.11800610384,3013800.0
Armenia,ARM,2015,32.4,Europe & Central Asia,3512.39350276709,3004600.0
Armenia,ARM,2016,32.5,Europe & Central Asia,3524.42476874707,2992300.0
Armenia,ARM,2017,33.6,Europe & Central Asia,3869.05373867752,2979400.0
Armenia,ARM,2018,34.4,Europe & Central Asia,4196.00562301769,2969000.0
Armenia,ARM,2019,30.0,Europe & Central Asia,4597.22887399548,2962500.0
Armenia,ARM,2020,25.1,Europe & Central Asia,4268.68093304583,2961500.0
Armenia,ARM,2021,27.9,Europe & Central Asia,4685.17997128509,2962300.0
Armenia,ARM,2022,27.9,Europe & Central Asia,6571.97445545099,2969200.0
Armenia,ARM,2023,27.2,Europe & Central Asia,8159.08720967996,2964300.0
Armenia,ARM,2024,27.4,Europe & Central Asia,8556.21406956719,3033500.0
Australia,AUS,1981,31.3,East Asia & Pacific,11870.8633077339,14923260.0
Australia,AUS,1985,32.5,East Asia & Pacific,11455.379711213,15788312.0
Australia,AUS,1989,33.2,East Asia & Pacific,17857.5520554588,16814416.0
Australia,AUS,1995,32.6,East Asia & Pacific,20479.1748274233,18004882.0
Australia,AUS,2001,33.5,East Asia & Pacific,19733.6510102645,19274701.0
Australia,AUS,2003,33.5,East Asia & Pacific,23757.5898471684,19720737.0
Australia,AUS,2004,33.1,East Asia & Pacific,30886.0500949401,19932722.0
Australia,AUS,2008,35.4,East Asia & Pacific,49811.2067218988,21249199.0
Australia,AUS,2010,34.7,East Asia & Pacific,52313.8939041213,22031750.0
Australia,AUS,2014,34.4,East Asia & Pacific,62817.2061751737,23475686.0
Australia,AUS,2016,33.7,East Asia & Pacific,50084.4440606385,24190907.0
Australia,AUS,2018,34.3,East Asia & Pacific,57410.1737346009,24963258.0
Australia,AUS,2020,33.8,East Asia & Pacific,51983.4523666382,25649248.0
Austria,AUT,1994,30.8,Europe & Central Asia,25546.2460525087,7936118.0
Austria,AUT,1995,29.9,Europe & Central Asia,30207.0674314652,7948278.0
Austria,AUT,1996,29.3,Europe & Central Asia,29645.9451251491,7959017.0
Austria,AUT,1997,29.1,Europe & Central Asia,26571.7523626508,7968041.0
Austria,AUT,1998,31.3,Europe & Central Asia,27212.4642905708,7976789.0
Austria,AUT,1999,29.7,Europe & Central Asia,27078.7081612201,7992324.0
Austria,AUT,2000,29.0,Europe & Central Asia,24487.2974685956,8011566.0
Austria,AUT,2003,29.5,Europe & Central Asia,32110.1159661425,8121423.0
Austria,AUT,2004,29.8,Europe & Central Asia,36614.2506533707,8171966.0
Austria,AUT,2005,28.7,Europe & Central Asia,38157.37022862,8227829.0
Austria,AUT,2006,29.6,Europe & Central Asia,40382.2078298575,8268641.0
Austria,AUT,2007,30.6,Europe & Central Asia,46622.9622913635,8295487.0
Austria,AUT,2008,30.4,Europe & Central Asia,51581.3982361071,8321496.0
Austria,AUT,2009,31.5,Europe & Central Asia,47857.4446635266,8343323.0
Austria,AUT,2010,30.3,Europe & Central Asia,46611.1393420232,8363404.0
Austria,AUT,2011,30.8,Europe & Central Asia,51116.8953522042,8391643.0
Austria,AUT,2012,30.5,Europe & Central Asia,48250.4059142637,8429991.0
Austria,AUT,2013,30.8,Europe & Central Asia,50305.3545774973,8479823.0
Austria,AUT,2014,30.5,Europe & Central Asia,51314.9722616322,8546356.0
Austria,AUT,2015,30.5,Europe & Central Asia,43915.228020857,8642699.0
Austria,AUT,2016,30.8,Europe & Central Asia,45061.4993920192,8736668.0
Austria,AUT,2017,29.7,Europe & Central Asia,47163.7425775142,8797566.0
Austria,AUT,2018,30.8,Europe & Central Asia,51194.0749841299,8840521.0
Austria,AUT,2019,30.2,Europe & Central Asia,49885.9947355204,8879920.0
Austria,AUT,2020,29.8,Europe & Central Asia,48716.4098900349,8916864.0
Austria,AUT,2021,30.7,Europe & Central Asia,53648.6437976214,8955797.0
Austria,AUT,2022,30.9,Europe & Central Asia,52336.7725223758,9041851.0
Austria,AUT,2023,31.2,Europe & Central Asia,56579.504175468,9131761.0
Azerbaijan,AZE,1995,34.6,Europe & Central Asia,314.55801908334,7684850.0
Azerbaijan,AZE,2001,36.5,Europe & Central Asia,703.670998584686,8111200.0
Azerbaijan,AZE,2002,25.3,Europe & Central Asia,763.108895463487,8171950.0
Azerbaijan,AZE,2003,26.8,Europe & Central Asia,883.692580745256,8234100.0
Azerbaijan,AZE,2004,26.6,Europe & Central Asia,1045.0136328106,8306500.0
Azerbaijan,AZE,2005,26.6,Europe & Central Asia,1578.36733030667,8391850.0
Bangladesh,BGD,1983,25.9,South Asia,184.70677287459,95335155.0
Bangladesh,BGD,1985,26.9,South Asia,222.22018039634,100253825.0
Bangladesh,BGD,1988,28.8,South Asia,247.901465967332,107216008.0
Bangladesh,BGD,1991,27.6,South Asia,272.064948495878,113787109.0
Bangladesh,BGD,1995,32.9,South Asia,309.458680823367,122600370.0
Bangladesh,BGD,2000,33.4,South Asia,396.670730249751,134544304.0
Bangladesh,BGD,2005,33.2,South Asia,480.08585075452,144715786.0
Bangladesh,BGD,2010,32.1,South Asia,757.385280361508,152201981.0
Bangladesh,BGD,2016,32.4,South Asia,1649.28380858601,160811932.0
Bangladesh,BGD,2022,30.9,South Asia,2716.48592780431,169384897.0
Barbados,BRB,2016,34.1,Latin America & Caribbean ,20311.4094163764,279598.0
Belarus,BLR,1993,21.6,Europe & Central Asia,1589.51011343649,10239050.0
Belarus,BLR,1995,28.7,Europe & Central Asia,1370.69991385664,10193831.0
Belarus,BLR,1998,32.0,Europe & Central Asia,1511.32531567314,10071963.0
Belarus,BLR,1999,31.7,Europe & Central Asia,1210.6117195862,10026738.0
Belarus,BLR,2000,31.2,Europe & Central Asia,1276.2880341,9979610.0
Belarus,BLR,2001,30.6,Europe & Central Asia,1244.37318523431,9928549.0
Belarus,BLR,2002,30.3,Europe & Central Asia,1479.38066337175,9865548.0
Belarus,BLR,2003,28.8,Europe & Central Asia,1819.52653114699,9796749.0
Belarus,BLR,2004,26.5,Europe & Central Asia,2378.33700470129,9730146.0
Belarus,BLR,2005,27.6,Europe & Central Asia,3126.07176665248,9663915.0
Belarus,BLR,2006,28.3,Europe & Central Asia,3848.22350300163,9604924.0
Belarus,BLR,2007,29.6,Europe & Central Asia,4735.48107556066,9560953.0
Belarus,BLR,2008,27.8,Europe & Central Asia,6376.17569162063,9527985.0
Belarus,BLR,2009,27.7,Europe & Central Asia,5352.48809190697,9504583.0
Belarus,BLR,2010,28.6,Europe & Central Asia,6034.67885177216,9483836.0
Belarus,BLR,2011,27.2,Europe & Central Asia,6527.6593428786,9461643.0
Belarus,BLR,2012,26.5,Europe & Central Asia,6953.21591683101,9446836.0
Belarus,BLR,2013,26.6,Europe & Central Asia,7998.0802045456,9443211.0
Belarus,BLR,2014,27.2,Europe & Central Asia,8341.31809294883,9448515.0
Belarus,BLR,2015,25.6,Europe & Central Asia,5967.05595058777,9461076.0
Belarus,BLR,2016,25.3,Europe & Central Asia,5039.77560949445,9469379.0
Belarus,BLR,2017,25.4,Europe & Central Asia,5785.54491935194,9458989.0
Belarus,BLR,2018,25.2,Europe & Central Asia,6360.037502312,9438785.0
Belarus,BLR,2019,25.3,Europe & Central Asia,6837.77339645635,9419758.0
Belarus,BLR,2020,24.4,Europe & Central Asia,6542.85579976768,9379952.0
Belgium,BEL,1985,25.2,Europe & Central Asia,8750.81851250536,9858308.0
Belgium,BEL,1988,25.7,Europe & Central Asia,16391.093827791,9901664.0
Belgium,BEL,1992,24.9,Europe & Central Asia,23372.619171015,10045158.0
Belgium,BEL,1995,28.4,Europe & Central Asia,28413.8264387368,10136811.0
Belgium,BEL,1997,26.8,Europe & Central Asia,24820.9380503896,10181245.0
Belgium,BEL,2000,33.1,Europe & Central Asia,23098.8865077401,10251250.0
Belgium,BEL,2003,28.1,Europe & Central Asia,30655.2092679024,10376133.0
Belgium,BEL,2004,30.5,Europe & Central Asia,35429.4077933344,10421137.0
Belgium,BEL,2005,29.3,Europe & Central Asia,36809.7013403619,10478617.0
Belgium,BEL,2006,28.1,Europe & Central Asia,38705.1067959147,10547958.0
Belgium,BEL,2007,29.2,Europe & Central Asia,44319.165448813,10625700.0
Belgium,BEL,2008,28.4,Europe & Central Asia,48303.397956286,10709973.0
Belgium,BEL,2009,28.6,Europe & Central Asia,44923.3400135081,10796493.0
Belgium,BEL,2010,28.4,Europe & Central Asia,44197.393671162,10895586.0
Belgium,BEL,2011,28.1,Europe & Central Asia,47760.8298776546,11038264.0
Belgium,BEL,2012,27.5,Europe & Central Asia,44874.1709182123,11106932.0
Belgium,BEL,2013,27.7,Europe & Central Asia,46964.5946777056,11159407.0
Belgium,BEL,2014,28.1,Europe & Central Asia,47995.7786961339,11209057.0
Belgium,BEL,2015,27.7,Europe & Central Asia,40893.804537772,11274196.0
Belgium,BEL,2016,27.6,Europe & Central Asia,41854.5498296444,11331422.0
Belgium,BEL,2017,27.4,Europe & Central Asia,44035.3239358548,11375158.0
Belgium,BEL,2018,27.2,Europe & Central Asia,47487.2100392561,11427054.0
Belgium,BEL,2019,27.2,Europe & Central Asia,46716.6227467964,11488980.0
Belgium,BEL,2020,26.0,Europe & Central Asia,45906.2875805246,11538604.0
Belgium,BEL,2021,26.6,Europe & Central Asia,51658.238294958,11586195.0
Belgium,BEL,2022,26.4,Europe & Central Asia,50639.0264882739,11680210.0
Belgium,BEL,2023,26.8,Europe & Central Asia,55244.68145811,11779946.0
Belize,BLZ,1993,60.2,Latin America & Caribbean ,3859.6584437307,194902.0
Belize,BLZ,1994,60.9,Latin America & Caribbean ,3876.69327011457,199097.0
Belize,BLZ,1995,57.5,Latin America & Caribbean ,4009.82752539849,204146.0
Belize,BLZ,1996,56.6,Latin America & Caribbean ,4043.26517997242,210310.0
Belize,BLZ,1997,60.4,Latin America & Caribbean ,4014.40380600241,217446.0
Belize,BLZ,1998,54.9,Latin America & Caribbean ,4125.92539958166,225173.0
Belize,BLZ,1999,53.2,Latin America & Caribbean ,4289.5277590653,233059.0
Belize,BLZ,2018,39.9,Latin America & Caribbean ,6011.99036888587,380226.0
Benin,BEN,2003,38.6,Sub-Saharan Africa ,676.002878084282,7913070.0
Benin,BEN,2011,43.4,Sub-Saharan Africa ,1059.41358852588,10093623.0
Benin,BEN,2015,47.6,Sub-Saharan Africa ,1002.41886879614,11360681.0
Benin,BEN,2018,37.9,Sub-Saharan Africa ,1151.7409703472,12383347.0
Benin,BEN,2021,34.4,Sub-Saharan Africa ,1318.65158075198,13413417.0
Bhutan,BTN,2003,40.9,South Asia,1022.38240311018,637663.0
Bhutan,BTN,2007,38.1,South Asia,1850.41570433398,678641.0
Bhutan,BTN,2012,38.8,South Asia,2751.2128864294,717279.0
Bhutan,BTN,2017,37.4,South Asia,3435.28804735662,754335.0
Bhutan,BTN,2022,28.5,South Asia,3711.32767981591,780914.0
Bolivia,BOL,1990,42.0,Latin America & Caribbean ,682.67681029538,7130142.0
Bolivia,BOL,1992,49.1,Latin America & Caribbean ,759.57113496365,7430336.0
Bolivia,BOL,1997,58.1,Latin America & Caribbean ,970.351843368594,8167900.0
Bolivia,BOL,1999,58.0,Latin America & Caribbean ,979.344494964572,8459806.0
Bolivia,BOL,2000,61.6,Latin America & Caribbean ,975.777060358751,8606326.0
Bolivia,BOL,2001,57.4,Latin America & Caribbean ,930.168227214313,8752736.0
Bolivia,BOL,2002,59.3,Latin America & Caribbean ,888.221328974352,8900355.0
Bolivia,BOL,2004,55.0,Latin America & Caribbean ,953.191893246277,9204287.0
Bolivia,BOL,2005,58.5,Latin America & Caribbean ,1020.12326200737,9360754.0
Bolivia,BOL,2006,56.7,Latin America & Caribbean ,1202.71150446327,9521689.0
Bolivia,BOL,2007,54.5,Latin America & Caribbean ,1354.54905949929,9685960.0
Bolivia,BOL,2008,50.8,Latin America & Caribbean ,1692.67248455876,9850858.0
Bolivia,BOL,2009,49.2,Latin America & Caribbean ,1731.18172112209,10016275.0
Bolivia,BOL,2011,46.1,Latin America & Caribbean ,2315.52121930607,10348929.0
Bolivia,BOL,2012,46.6,Latin America & Caribbean ,2575.59857098084,10515807.0
Bolivia,BOL,2013,47.6,Latin America & Caribbean ,2870.02377000756,10682608.0
Bolivia,BOL,2014,47.8,Latin America & Caribbean ,3041.43503162408,10848888.0
Bolivia,BOL,2015,46.7,Latin America & Caribbean ,2996.01289811344,11014705.0
Bolivia,BOL,2016,45.2,Latin America & Caribbean ,3035.87347732132,11180020.0
Bolivia,BOL,2017,44.6,Latin America & Caribbean ,4048.40119739839,11344587.0
Bolivia,BOL,2018,42.6,Latin America & Caribbean ,4206.8552936661,11508368.0
Bolivia,BOL,2019,41.6,Latin America & Caribbean ,4203.15492855788,11671386.0
Bolivia,BOL,2020,43.6,Latin America & Caribbean ,3580.96761778303,11816299.0
Bolivia,BOL,2021,40.9,Latin America & Caribbean ,4010.76053686204,11937360.0
Bolivia,BOL,2022,41.2,Latin America & Caribbean ,4219.46113742445,12077154.0
Bolivia,BOL,2023,42.1,Latin America & Caribbean ,4274.70820547613,12244159.0
Bolivia,BOL,2024,40.9,Latin America & Caribbean ,4421.16609889999,12413315.0
Bosnia and Herzegovina,BIH,2001,30.0,Europe & Central Asia,1387.89362942121,4179438.0
Bosnia and Herzegovina,BIH,2004,34.0,Europe & Central Asia,2452.6860917386,4140987.0
Bosnia and Herzegovina,BIH,2007,34.3,Europe & Central Asia,3931.48948737505,4013424.0
Bosnia and Herzegovina,BIH,2011,33.3,Europe & Central Asia,4982.69375768263,3741798.0
Bosnia and Herzegovina,BIH,2015,32.9,Europe & Central Asia,4662.25869219448,3518541.0
Bosnia and Herzegovina,BIH,2021,30.3,Europe & Central Asia,7295.34378682258,3244907.0
Botswana,BWA,1985,54.2,Sub-Saharan Africa ,993.616748339174,1121945.0
Botswana,BWA,1993,60.1,Sub-Saharan Africa ,2929.43119022452,1420115.0
Botswana,BWA,2002,61.5,Sub-Saharan Africa ,3117.25087183011,1744763.0
Botswana,BWA,2009,56.9,Sub-Saharan Africa ,5082.93388332404,1990673.0
Botswana,BWA,2015,54.9,Sub-Saharan Africa ,6141.20394726616,2203273.0
Brazil,BRA,1981,57.9,Latin America & Caribbean ,2079.70908377484,124063109.0
Brazil,BRA,1982,58.4,Latin America & Caribbean ,2137.6250359394,126923155.0
Brazil,BRA,1983,58.9,Latin America & Caribbean ,1461.25582714178,129790077.0
Brazil,BRA,1984,58.3,Latin America & Caribbean ,1419.73154606978,132658864.0
Brazil,BRA,1985,55.5,Latin America & Caribbean ,1556.1297180511,135515595.0
Brazil,BRA,1986,58.4,Latin America & Caribbean ,1854.03775211919,138336370.0
Brazil,BRA,1987,59.6,Latin America & Caribbean ,2006.00226235757,141104944.0
Brazil,BRA,1988,61.4,Latin America & Caribbean ,2140.65027561164,143826357.0
Brazil,BRA,1989,63.2,Latin America & Caribbean ,2818.99277980122,146502972.0
Brazil,BRA,1990,60.5,Latin America & Caribbean ,2581.14187449078,149143223.0
Brazil,BRA,1992,53.1,Latin America & Caribbean ,2127.31642731638,154275079.0
Brazil,BRA,1993,60.1,Latin America & Caribbean ,2348.88247685352,156794577.0
Brazil,BRA,1995,59.5,Latin America & Caribbean ,4756.74840785403,161735073.0
Brazil,BRA,1996,59.8,Latin America & Caribbean ,5179.13052002464,164202549.0
Brazil,BRA,1997,59.8,Latin America & Caribbean ,5299.39630404412,166661659.0
Brazil,BRA,1998,59.6,Latin America & Caribbean ,5105.89099544117,169159655.0
Brazil,BRA,1999,59.0,Latin America & Caribbean ,3493.57162513699,171641543.0
Brazil,BRA,2001,58.4,Latin America & Caribbean ,3176.28935747524,176301203.0
Brazil,BRA,2002,58.1,Latin America & Caribbean ,2855.94018885769,178503484.0
Brazil,BRA,2003,57.6,Latin America & Caribbean ,3090.6070097455,180622688.0
Brazil,BRA,2004,56.5,Latin America & Caribbean ,3663.823188064,182675143.0
Brazil,BRA,2005,56.3,Latin America & Caribbean ,4827.78173074714,184688101.0
Brazil,BRA,2006,55.6,Latin America & Caribbean ,5934.14470924968,186653106.0
Brazil,BRA,2007,54.9,Latin America & Caribbean ,7409.69130673473,188552320.0
Brazil,BRA,2008,54.0,Latin America & Caribbean ,8908.33176538648,190367302.0
Brazil,BRA,2009,53.7,Latin America & Caribbean ,8678.6592244676,192079951.0
Brazil,BRA,2011,52.9,Latin America & Caribbean ,13396.6243562986,195284734.0
Brazil,BRA,2012,53.4,Latin America & Caribbean ,12521.7213519966,196876111.0
Brazil,BRA,2013,52.7,Latin America & Caribbean ,12458.8912138813,198478299.0
Brazil,BRA,2014,52.1,Latin America & Caribbean ,12274.9939689363,200085127.0
Brazil,BRA,2015,51.9,Latin America & Caribbean ,8936.19661712113,201675532.0
Brazil,BRA,2016,53.4,Latin America & Caribbean ,8836.28652735657,203218114.0
Brazil,BRA,2017,53.3,Latin America & Caribbean ,10080.5092819305,204703445.0
Brazil,BRA,2018,53.9,Latin America & Caribbean ,9300.66164923219,206107261.0
Brazil,BRA,2019,53.5,Latin America & Caribbean ,9029.83326681073,207455459.0
Brazil,BRA,2020,48.8,Latin America & Caribbean ,7074.19378337644,208660842.0
Brazil,BRA,2021,52.9,Latin America & Caribbean ,7972.5366498646,209550294.0
Brazil,BRA,2022,51.9,Latin America & Caribbean ,9281.33334441234,210306415.0
Brazil,BRA,2023,51.5,Latin America & Caribbean ,10377.5892792557,211140729.0
Brazil,BRA,2024,50.3,Latin America & Caribbean ,10310.5486973693,211998573.0
Bulgaria,BGR,1989,23.4,Europe & Central Asia,2449.74147116744,8876972.0
Bulgaria,BGR,1992,30.7,Europe & Central Asia,1007.34296439412,8540164.0
Bulgaria,BGR,1994,24.3,Europe & Central Asia,1149.89347084177,8443591.0
Bulgaria,BGR,1995,32.8,Europe & Central Asia,2259.36679369328,8406067.0
Bulgaria,BGR,1997,26.4,Europe & Central Asia,1361.47904618155,8312068.0
Bulgaria,BGR,2001,32.7,Europe & Central Asia,1770.99748249575,8009142.0
Bulgaria,BGR,2003,28.9,Europe & Central Asia,2719.63335037372,7775327.0
Bulgaria,BGR,2006,35.7,Europe & Central Asia,4523.37797301782,7601022.0
Bulgaria,BGR,2007,36.1,Europe & Central Asia,5888.87094585161,7545338.0
Bulgaria,BGR,2008,33.6,Europe & Central Asia,7271.67443724077,7492561.0
Bulgaria,BGR,2009,33.8,Europe & Central Asia,6988.63048446496,7444443.0
Bulgaria,BGR,2010,35.7,Europe & Central Asia,6854.2987837778,7395599.0
Bulgaria,BGR,2011,34.3,Europe & Central Asia,7849.98219737366,7348328.0
Bulgaria,BGR,2012,36.0,Europe & Central Asia,7432.33753378983,7305888.0
Bulgaria,BGR,2013,36.6,Europe & Central Asia,7796.37945241455,7160005.0
Bulgaria,BGR,2014,37.4,Europe & Central Asia,8070.01289303544,7073572.0
Bulgaria,BGR,2015,38.6,Europe & Central Asia,7269.02586513711,6984225.0
Bulgaria,BGR,2016,40.6,Europe & Central Asia,7822.89886431732,6894139.0
Bulgaria,BGR,2017,40.4,Europe & Central Asia,8697.13373333715,6803468.0
Bulgaria,BGR,2018,41.3,Europe & Central Asia,9849.88769989118,6710798.0
Bulgaria,BGR,2019,40.3,Europe & Central Asia,10354.2500414088,6616726.0
Bulgaria,BGR,2020,40.5,Europe & Central Asia,10760.7616180234,6550696.0
Bulgaria,BGR,2021,39.0,Europe & Central Asia,12966.8085197381,6507301.0
Bulgaria,BGR,2022,38.2,Europe & Central Asia,13999.9113358453,6465097.0
Bulgaria,BGR,2023,39.5,Europe & Central Asia,15854.0192893772,6446596.0
Burkina Faso,BFA,1994,48.0,Sub-Saharan Africa ,187.21142372606,10123798.0
Burkina Faso,BFA,1998,49.9,Sub-Saharan Africa ,249.53173292493,11240664.0
Burkina Faso,BFA,2003,43.3,Sub-Saharan Africa ,362.373899996953,13082532.0
Burkina Faso,BFA,2009,39.8,Sub-Saharan Africa ,601.569520671859,15710066.0
Burkina Faso,BFA,2014,35.3,Sub-Saharan Africa ,764.861675106225,18229461.0
Burkina Faso,BFA,2018,43.0,Sub-Saharan Africa ,777.465618514048,20438288.0
Burkina Faso,BFA,2021,37.4,Sub-Saharan Africa ,895.535288442991,21995243.0
Burundi,BDI,1992,33.3,Sub-Saharan Africa ,184.868970456447,5858407.0
Burundi,BDI,1998,42.1,Sub-Saharan Africa ,144.456948255536,6187108.0
Burundi,BDI,2006,33.4,Sub-Saharan Africa ,161.892755640319,7865547.0
Burundi,BDI,2013,38.6,Sub-Saharan Africa ,234.844770150871,10439341.0
Burundi,BDI,2020,37.5,Sub-Saharan Africa ,252.702452750006,12617036.0
Cabo Verde,CPV,2001,52.5,Sub-Saharan Africa ,1223.33055331575,460293.0
Cabo Verde,CPV,2007,47.2,Sub-Saharan Africa ,3324.57675212498,496190.0
Cabo Verde,CPV,2015,42.4,Sub-Saharan Africa ,3415.06266730931,512394.0
Cameroon,CMR,1996,44.4,Sub-Saharan Africa ,826.965322327363,13414757.0
Cameroon,CMR,2001,42.1,Sub-Saharan Africa ,715.470296470585,15309490.0
Cameroon,CMR,2007,42.8,Sub-Saharan Africa ,1325.67248215933,18049896.0
Cameroon,CMR,2014,46.6,Sub-Saharan Africa ,1649.4433905949,22059893.0
Cameroon,CMR,2021,42.2,Sub-Saharan Africa ,1672.32657340872,26915758.0
Canada,CAN,1971,37.2,North America,4535.39338907773,21962032.0
Canada,CAN,1973,34.9,North America,5858.33407318788,22491777.0
Canada,CAN,1975,34.1,North America,7536.52009823861,23143275.0
Canada,CAN,1977,33.7,North America,8949.10989272982,23725843.0
Canada,CAN,1979,33.5,North America,10077.5026707269,24201544.0
Canada,CAN,1981,33.0,North America,12379.0368643833,24819915.0
Canada,CAN,1982,32.9,North America,12527.3135323802,25116942.0
Canada,CAN,1984,33.5,North America,13930.4745502555,25607053.0
Canada,CAN,1985,33.2,North America,14170.1249406067,25842116.0
Canada,CAN,1986,31.7,North America,14521.1800806,26100278.0
Canada,CAN,1987,31.7,North America,16377.6902109541,26446601.0
Canada,CAN,1988,31.2,North America,19012.5723278349,26791747.0
Canada,CAN,1989,31.0,North America,20794.682233334,27276781.0
Canada,CAN,1990,31.4,North America,21525.8611387148,27691138.0
Canada,CAN,1991,31.9,North America,21846.7930471354,28037420.0
Canada,CAN,1992,31.6,North America,20950.3305287651,28371264.0
Canada,CAN,1993,31.7,North America,20186.7988782965,28684764.0
Canada,CAN,1994,31.3,North America,19997.6237373354,29000663.0
Canada,CAN,1995,31.5,North America,20679.634792669,29302311.0
Canada,CAN,1996,32.8,North America,21296.9723536904,29610218.0
Canada,CAN,1997,33.1,North America,21901.5870048928,29905948.0
Canada,CAN,1998,33.2,North America,21024.5627149423,30155173.0
Canada,CAN,1999,33.1,North America,22315.3130930482,30401286.0
Canada,CAN,2000,33.4,North America,24271.0020563821,30685730.0
Canada,CAN,2001,33.6,North America,23822.096210932,31020855.0
Canada,CAN,2002,33.6,North America,24256.0598742201,31359199.0
Canada,CAN,2003,33.8,North America,28301.9097055898,31642461.0
Canada,CAN,2004,33.8,North America,32145.5653280273,31938807.0
Canada,CAN,2005,33.6,North America,36383.9671341396,32242732.0
Canada,CAN,2006,34.1,North America,40504.8490329826,32571193.0
Canada,CAN,2007,33.8,North America,44660.0838892281,32888886.0
Canada,CAN,2008,33.9,North America,46710.3654423328,33247298.0
Canada,CAN,2009,34.0,North America,40874.9612318547,33630069.0
Canada,CAN,2010,33.6,North America,47560.8378831258,34005902.0
Canada,CAN,2011,32.7,North America,52224.1237767406,34339221.0
Canada,CAN,2012,33.5,North America,52670.1429540952,34713395.0
Canada,CAN,2013,33.8,North America,52637.7313222622,35080992.0
Canada,CAN,2014,33.2,North America,50960.8942086685,35434066.0
Canada,CAN,2015,33.7,North America,43594.2379080706,35704498.0
Canada,CAN,2016,32.7,North America,42314.1033623905,36110803.0
Canada,CAN,2017,33.3,North America,45129.7335281051,36545075.0
Canada,CAN,2018,32.5,North America,46539.2177903178,37072620.0
Canada,CAN,2019,31.8,North America,46352.9695208927,37618495.0
Canada,CAN,2020,29.9,North America,43537.8981198851,38028638.0
Canada,CAN,2021,31.1,North America,52886.6407813788,38239864.0
Canada,CAN,2022,31.5,North America,56496.9275340663,38950132.0
Central African Republic,CAF,1992,59.7,Sub-Saharan Africa ,461.587303490896,3058831.0
Central African Republic,CAF,2008,56.2,Sub-Saharan Africa ,437.24827472489,4558984.0
Central African Republic,CAF,2021,43.0,Sub-Saharan Africa ,492.263142830507,5112100.0
Chad,TCD,2003,39.8,Sub-Saharan Africa ,289.087621122168,9487833.0
Chad,TCD,2011,43.3,Sub-Saharan Africa ,1308.1421872538,12754997.0
Chad,TCD,2018,37.5,Sub-Saharan Africa ,948.656629871231,16156531.0
Chad,TCD,2022,37.4,Sub-Saharan Africa ,966.036468278568,18455316.0
Chile,CHL,1987,56.2,Latin America & Caribbean ,1767.41389670161,12790150.0
Chile,CHL,1990,57.2,Latin America & Caribbean ,2487.76829657299,13437176.0
Chile,CHL,1992,54.8,Latin America & Caribbean ,3351.84108855522,13884577.0
Chile,CHL,1994,56.4,Latin America & Caribbean ,4012.10159912285,14316256.0
Chile,CHL,1996,54.9,Latin America & Caribbean ,5333.50438729711,14734046.0
Chile,CHL,1998,55.5,Latin America & Caribbean ,5419.82417297191,15127799.0
Chile,CHL,2000,52.8,Latin America & Caribbean ,5052.99245766325,15503635.0
Chile,CHL,2003,51.5,Latin America & Caribbean ,4773.40177520754,16024752.0
Chile,CHL,2006,47.7,Latin America & Caribbean ,9318.65655296121,16509195.0
Chile,CHL,2009,47.4,Latin America & Caribbean ,10098.8017167286,17009731.0
Chile,CHL,2011,46.9,Latin America & Caribbean ,14487.3927832032,17351816.0
Chile,CHL,2013,46.8,Latin America & Caribbean ,15683.5486369155,17687006.0
Chile,CHL,2015,45.3,Latin America & Caribbean ,13433.9202987032,18047625.0
Chile,CHL,2017,45.3,Latin America & Caribbean ,14879.9086227187,18558868.0
Chile,CHL,2020,47.0,Latin America & Caribbean ,13117.9930230086,19370624.0
Chile,CHL,2022,43.2,Latin America & Caribbean ,15399.1044717559,19553036.0
Chile,CHL,2024,43.0,Latin America & Caribbean ,16658.9652720351,19764771.0
China,CHN,1981,28.2,East Asia & Pacific,197.425510967822,993885000.0
China,CHN,1984,27.1,East Asia & Pacific,251.192686463827,1036825000.0
China,CHN,1987,29.4,East Asia & Pacific,252.256760114454,1084035000.0
China,CHN,1990,32.2,East Asia & Pacific,318.50335359039,1135185000.0
China,CHN,1993,33.9,East Asia & Pacific,378.939353053314,1178440000.0
China,CHN,1996,35.2,East Asia & Pacific,713.337387811657,1217550000.0
China,CHN,1999,38.7,East Asia & Pacific,881.146614068925,1252735000.0
China,CHN,2002,42.0,East Asia & Pacific,1163.55957673426,1280400000.0
China,CHN,2005,40.9,East Asia & Pacific,1777.64496828464,1303720000.0
China,CHN,2008,43.0,East Asia & Pacific,3523.44302065213,1324655000.0
China,CHN,2010,43.7,East Asia & Pacific,4629.24551710077,1337705000.0
China,CHN,2011,42.4,East Asia & Pacific,5703.76027973346,1345035000.0
China,CHN,2012,42.2,East Asia & Pacific,6405.0574241349,1354190000.0
China,CHN,2013,39.7,East Asia & Pacific,7147.03518622344,1363240000.0
China,CHN,2014,39.2,East Asia & Pacific,7781.06597484974,1371860000.0
China,CHN,2015,38.6,East Asia & Pacific,8175.33285077393,1379860000.0
China,CHN,2016,38.5,East Asia & Pacific,8254.86859320357,1387790000.0
China,CHN,2017,39.1,East Asia & Pacific,8979.67652709856,1396215000.0
China,CHN,2018,38.5,East Asia & Pacific,10085.6638148819,1402760000.0
China,CHN,2019,38.2,East Asia & Pacific,10342.9009524335,1407745000.0
China,CHN,2020,37.1,East Asia & Pacific,10627.4637989619,1411100000.0
China,CHN,2021,35.7,East Asia & Pacific,12887.4357242941,1412360000.0
China,CHN,2022,36.0,East Asia & Pacific,12970.6056414327,1412175000.0
Colombia,COL,1980,55.1,Latin America & Caribbean ,1279.50116658241,26104498.0
Colombia,COL,1988,53.1,Latin America & Caribbean ,1259.6174112078,31130524.0
Colombia,COL,1989,52.8,Latin America & Caribbean ,1244.3269459081,31776279.0
Colombia,COL,1991,51.3,Latin America & Caribbean ,1485.73971889208,33098372.0
Colombia,COL,1992,51.3,Latin America & Caribbean ,1730.39091795329,33760571.0
Colombia,COL,1996,56.8,Latin America & Caribbean ,2664.64056059983,36462745.0
Colombia,COL,1999,58.5,Latin America & Caribbean ,2241.22911801216,38454863.0
Colombia,COL,2000,58.4,Latin America & Caribbean ,2555.00751039968,39089934.0
Colombia,COL,2001,57.3,Latin America & Caribbean ,2472.99084035833,39709262.0
Colombia,COL,2002,56.0,Latin America & Caribbean ,2428.92969771584,40324680.0
Colombia,COL,2003,53.6,Latin America & Caribbean ,2311.94218760291,40937429.0
Colombia,COL,2004,55.0,Latin America & Caribbean ,2818.57195413044,41543171.0
Colombia,COL,2005,53.9,Latin America & Caribbean ,3456.06610874512,42128977.0
Colombia,COL,2008,55.0,Latin America & Caribbean ,5541.83629665898,43758808.0
Colombia,COL,2009,54.1,Latin America & Caribbean ,5250.97292433518,44271541.0
Colombia,COL,2010,54.4,Latin America & Caribbean ,6398.2958447102,44777319.0
Colombia,COL,2011,53.3,Latin America & Caribbean ,7400.9940695669,45259614.0
Colombia,COL,2012,53.6,Latin America & Caribbean ,8108.59838244229,45715810.0
Colombia,COL,2013,53.5,Latin America & Caribbean ,8279.10255642981,46151584.0
Colombia,COL,2014,53.6,Latin America & Caribbean ,8187.20824890084,46565429.0
Colombia,COL,2015,52.0,Latin America & Caribbean ,6248.51490534512,46969940.0
Colombia,COL,2016,51.7,Latin America & Caribbean ,5959.84250367574,47437512.0
Colombia,COL,2017,50.9,Latin America & Caribbean ,6479.53231292429,48131078.0
Colombia,COL,2018,51.6,Latin America & Caribbean ,6816.96818309544,49024465.0
Colombia,COL,2019,52.5,Latin America & Caribbean ,6472.54544924705,49907985.0
Colombia,COL,2020,54.4,Latin America & Caribbean ,5339.68711357943,50629997.0
Colombia,COL,2021,55.1,Latin America & Caribbean ,6222.62164397614,51188173.0
Colombia,COL,2022,54.8,Latin America & Caribbean ,6680.44506854481,51737944.0
Colombia,COL,2023,54.6,Latin America & Caribbean ,7012.49169137756,52321152.0
Colombia,COL,2024,54.4,Latin America & Caribbean ,7951.08624019412,52886363.0
Comoros,COM,2004,55.9,Sub-Saharan Africa ,1072.28409029621,580704.0
Comoros,COM,2014,45.3,Sub-Saharan Africa ,1615.71709756316,711503.0
Comoros,COM,2020,34.2,Sub-Saharan Africa ,1527.16991011916,802163.0
Comoros,COM,2024,30.3,Sub-Saharan Africa ,1857.87060684189,866628.0
"Congo, Dem. Rep.",COD,2004,41.6,Sub-Saharan Africa ,180.664764963633,56997741.0
"Congo, Dem. Rep.",COD,2012,42.1,Sub-Saharan Africa ,409.931424783784,73254618.0
"Congo, Dem. Rep.",COD,2020,44.7,Sub-Saharan Africa ,486.425572682256,95989998.0
"Congo, Rep.",COG,2005,47.3,Sub-Saharan Africa ,1799.05158366154,3696393.0
"Congo, Rep.",COG,2011,48.9,Sub-Saharan Africa ,3396.16505817952,4609724.0
Costa Rica,CRI,1981,47.5,Latin America & Caribbean ,1068.04672232202,2456637.0
Costa Rica,CRI,1986,34.4,Latin America & Caribbean ,1568.5640969552,2817216.0
Costa Rica,CRI,1989,45.5,Latin America & Caribbean ,1725.13936155907,3043827.0
Costa Rica,CRI,1990,45.2,Latin America & Caribbean ,1829.6687089559,3121706.0
Costa Rica,CRI,1991,46.6,Latin America & Caribbean ,2253.3819611182,3202176.0
Costa Rica,CRI,1992,45.6,Latin America & Caribbean ,2612.38762395528,3284258.0
Costa Rica,CRI,1993,45.9,Latin America & Caribbean ,2840.38709085425,3367434.0
Costa Rica,CRI,1994,46.7,Latin America & Caribbean ,3039.56331706225,3451122.0
Costa Rica,CRI,1995,45.7,Latin America & Caribbean ,3275.25258510331,3535176.0
Costa Rica,CRI,1996,46.5,Latin America & Caribbean ,3226.96401664833,3619013.0
Costa Rica,CRI,1997,45.6,Latin America & Caribbean ,3407.77611260904,3701711.0
Costa Rica,CRI,1998,45.6,Latin America & Caribbean ,3617.45758013205,3782838.0
Costa Rica,CRI,1999,47.6,Latin America & Caribbean ,3690.9615476017,3862101.0
Costa Rica,CRI,2000,47.4,Latin America & Caribbean ,3812.75386183689,3937739.0
Costa Rica,CRI,2001,51.5,Latin America & Caribbean ,3985.12987980056,4008947.0
Costa Rica,CRI,2002,51.8,Latin America & Caribbean ,4067.71854177094,4075705.0
Costa Rica,CRI,2003,49.3,Latin America & Caribbean ,4173.14853766977,4138784.0
Costa Rica,CRI,2004,48.4,Latin America & Caribbean ,4431.01172024063,4200078.0
Costa Rica,CRI,2005,47.5,Latin America & Caribbean ,4703.00720463794,4261240.0
Costa Rica,CRI,2006,49.3,Latin America & Caribbean ,5256.59641275583,4321340.0
Costa Rica,CRI,2007,49.3,Latin America & Caribbean ,6137.71199435022,4380248.0
Costa Rica,CRI,2008,48.6,Latin America & Caribbean ,6937.24261660254,4440056.0
Costa Rica,CRI,2009,50.6,Latin America & Caribbean ,6832.69828187486,4499791.0
Costa Rica,CRI,2010,48.0,Latin America & Caribbean ,8265.78820580299,4555962.0
Costa Rica,CRI,2011,48.8,Latin America & Caribbean ,9276.39109377477,4609833.0
Costa Rica,CRI,2012,48.4,Latin America & Caribbean ,10126.9991155066,4663934.0
Costa Rica,CRI,2013,49.2,Latin America & Caribbean ,10803.2401795009,4716147.0
Costa Rica,CRI,2014,48.6,Latin America & Caribbean ,10911.4978703456,4767119.0
Costa Rica,CRI,2015,48.4,Latin America & Caribbean ,11714.7106121672,4818038.0
Costa Rica,CRI,2016,48.7,Latin America & Caribbean ,12091.0301560892,4866998.0
Costa Rica,CRI,2017,48.3,Latin America & Caribbean ,12317.0902779911,4913177.0
Costa Rica,CRI,2018,48.0,Latin America & Caribbean ,12620.0207321581,4957818.0
Costa Rica,CRI,2019,48.2,Latin America & Caribbean ,12951.8588421841,4999553.0
Costa Rica,CRI,2020,49.2,Latin America & Caribbean ,12475.6852076814,5034320.0
Costa Rica,CRI,2021,48.7,Latin America & Caribbean ,12962.2716075659,5059988.0
Costa Rica,CRI,2022,47.2,Latin America & Caribbean ,13971.7649991294,5081765.0
Costa Rica,CRI,2023,46.7,Latin America & Caribbean ,17140.771430122,5105525.0
Costa Rica,CRI,2024,45.8,Latin America & Caribbean ,18853.2828705886,5129910.0
Costa Rica,CRI,2025,45.5,Latin America & Caribbean ,19970.0989059622,5152950.0
Cote d'Ivoire,CIV,1985,45.5,Sub-Saharan Africa ,694.951691466923,10040483.0
Cote d'Ivoire,CIV,1986,38.0,Sub-Saharan Africa ,877.154956751363,10440917.0
Cote d'Ivoire,CIV,1987,40.5,Sub-Saharan Africa ,929.611362954514,10851475.0
Cote d'Ivoire,CIV,1988,36.9,Sub-Saharan Africa ,909.534182158689,11275189.0
Cote d'Ivoire,CIV,1992,39.4,Sub-Saharan Africa ,844.902223806738,13200310.0
Cote d'Ivoire,CIV,1995,40.6,Sub-Saharan Africa ,740.4730999133,14855565.0
Cote d'Ivoire,CIV,1998,39.0,Sub-Saharan Africa ,1177.37133815342,16663948.0
Cote d'Ivoire,CIV,2002,41.3,Sub-Saharan Africa ,967.815864415991,18654771.0
Cote d'Ivoire,CIV,2008,43.2,Sub-Saharan Africa ,1583.97066701372,21514439.0
Cote d'Ivoire,CIV,2015,41.5,Sub-Saharan Africa ,1814.71855088017,25246342.0
Cote d'Ivoire,CIV,2018,37.2,Sub-Saharan Africa ,2130.86619381144,27464173.0
Cote d'Ivoire,CIV,2021,35.3,Sub-Saharan Africa ,2455.98127641148,29639736.0
Croatia,HRV,1998,28.7,Europe & Central Asia,5712.49829262763,4532135.0
Croatia,HRV,1999,27.6,Europe & Central Asia,5269.01488637462,4512597.0
Croatia,HRV,2000,31.3,Europe & Central Asia,4953.57515008131,4468302.0
Croatia,HRV,2001,31.1,Europe & Central Asia,5364.88188501029,4299642.0
Croatia,HRV,2004,29.7,Europe & Central Asia,9718.92771524605,4304600.0
Croatia,HRV,2008,33.7,Europe & Central Asia,15888.1184388903,4309705.0
Croatia,HRV,2009,32.6,Europe & Central Asia,14474.52513863,4305181.0
Croatia,HRV,2010,32.4,Europe & Central Asia,13729.7472872883,4295427.0
Croatia,HRV,2011,32.3,Europe & Central Asia,14691.591757962,4280622.0
Croatia,HRV,2012,32.5,Europe & Central Asia,13507.6349882758,4260368.0
Croatia,HRV,2013,32.0,Europe & Central Asia,14135.0903485872,4233922.0
Croatia,HRV,2014,32.1,Europe & Central Asia,14186.7712230471,4201598.0
Croatia,HRV,2015,31.1,Europe & Central Asia,12283.8750299177,4151725.0
Croatia,HRV,2016,30.9,Europe & Central Asia,12820.1872746645,4106867.0
Croatia,HRV,2017,30.4,Europe & Central Asia,13901.6498657787,4041407.0
Croatia,HRV,2018,29.7,Europe & Central Asia,15460.4560798984,3988775.0
Croatia,HRV,2019,28.9,Europe & Central Asia,15563.7354996625,3949390.0
Croatia,HRV,2020,29.5,Europe & Central Asia,14807.5559227544,3914206.0
Croatia,HRV,2021,28.9,Europe & Central Asia,17788.7601163765,3878981.0
Croatia,HRV,2022,30.0,Europe & Central Asia,18465.531473659,3855641.0
Croatia,HRV,2023,30.1,Europe & Central Asia,22183.4982258492,3859686.0
Cyprus,CYP,2004,30.1,Europe & Central Asia,23792.619140625,1017875.0
Cyprus,CYP,2005,30.3,Europe & Central Asia,24959.26171875,1036151.0
Cyprus,CYP,2006,31.1,Europe & Central Asia,26729.28125,1054418.0
Cyprus,CYP,2007,31.1,Europe & Central Asia,31244.87890625,1072714.0
Cyprus,CYP,2008,31.7,Europe & Central Asia,35541.88671875,1091026.0
Cyprus,CYP,2009,32.1,Europe & Central Asia,32236.462890625,1109371.0
Cyprus,CYP,2010,31.5,Europe & Central Asia,31105.02734375,1127816.0
Cyprus,CYP,2011,32.6,Europe & Central Asia,32485.8046875,1146493.0
Cyprus,CYP,2012,34.3,Europe & Central Asia,28991.9296875,1165397.0
Cyprus,CYP,2013,37.0,Europe & Central Asia,27764.7265625,1183895.0
Cyprus,CYP,2014,35.6,Europe & Central Asia,26993.095703125,1201801.0
Cyprus,CYP,2015,34.0,Europe & Central Asia,23088.4296875,1219502.0
Cyprus,CYP,2016,32.9,Europe & Central Asia,24280.044921875,1237112.0
Cyprus,CYP,2017,31.4,Europe & Central Asia,26247.46484375,1254275.0
Cyprus,CYP,2018,32.7,Europe & Central Asia,29120.38671875,1270737.0
Cyprus,CYP,2019,31.2,Europe & Central Asia,29227.16796875,1286671.0
Cyprus,CYP,2020,31.7,Europe & Central Asia,28130.330078125,1302247.0
Cyprus,CYP,2021,31.3,Europe & Central Asia,32937.8359375,1317309.0
Cyprus,CYP,2022,31.5,Europe & Central Asia,33231.05078125,1331370.0
Cyprus,CYP,2023,31.8,Europe & Central Asia,36623.70703125,1344976.0
Czechia,CZE,1992,20.7,Europe & Central Asia,3396.70972430469,10319123.0
Czechia,CZE,1993,26.6,Europe & Central Asia,3984.1463439879,10329855.0
Czechia,CZE,1996,25.8,Europe & Central Asia,6573.19643136362,10315241.0
Czechia,CZE,2002,26.6,Europe & Central Asia,8101.26018588111,10196916.0
Czechia,CZE,2004,27.5,Europe & Central Asia,11782.5546676117,10197101.0
Czechia,CZE,2005,26.9,Europe & Central Asia,13442.4916284309,10211216.0
Czechia,CZE,2006,26.7,Europe & Central Asia,15259.0788162004,10238905.0
Czechia,CZE,2007,26.0,Europe & Central Asia,18452.6532812196,10298828.0
Czechia,CZE,2008,26.3,Europe & Central Asia,22774.7045076205,10384603.0
Czechia,CZE,2009,26.2,Europe & Central Asia,19817.4215836554,10443936.0
Czechia,CZE,2010,26.6,Europe & Central Asia,20160.4355077059,10474410.0
Czechia,CZE,2011,26.4,Europe & Central Asia,22049.1080788682,10496088.0
Czechia,CZE,2012,26.1,Europe & Central Asia,20014.0354015165,10510785.0
Czechia,CZE,2013,26.5,Europe & Central Asia,20260.4954999375,10514272.0
Czechia,CZE,2014,25.9,Europe & Central Asia,20038.4163180257,10525347.0
Czechia,CZE,2015,25.9,Europe & Central Asia,17931.5987670768,10546059.0
Czechia,CZE,2016,25.4,Europe & Central Asia,18753.9686718096,10566332.0
Czechia,CZE,2017,24.9,Europe & Central Asia,20913.197632212,10594438.0
Czechia,CZE,2018,25.0,Europe & Central Asia,23705.9329811299,10629928.0
Czechia,CZE,2019,25.3,Europe & Central Asia,24062.7190013343,10671870.0
Czechia,CZE,2020,26.2,Europe & Central Asia,23472.8915454417,10697858.0
Czechia,CZE,2021,26.2,Europe & Central Asia,27696.4619527544,10505772.0
Czechia,CZE,2022,25.9,Europe & Central Asia,28282.2236715857,10672118.0
Czechia,CZE,2023,25.7,Europe & Central Asia,31761.5944102491,10864042.0
Denmark,DNK,1987,26.2,Europe & Central Asia,21295.6768566078,5127024.0
Denmark,DNK,1992,24.7,Europe & Central Asia,29579.4913648682,5171370.0
Denmark,DNK,1995,23.0,Europe & Central Asia,35321.0980773087,5233373.0
Denmark,DNK,2000,23.8,Europe & Central Asia,30722.0251837567,5339616.0
Denmark,DNK,2003,25.6,Europe & Central Asia,40519.0974905924,5390574.0
Denmark,DNK,2004,24.9,Europe & Central Asia,46625.050098011,5404523.0
Denmark,DNK,2005,25.2,Europe & Central Asia,48925.8076698784,5419432.0
Denmark,DNK,2006,25.9,Europe & Central Asia,52119.1787984282,5437272.0
Denmark,DNK,2007,26.2,Europe & Central Asia,58631.6566433635,5461438.0
Denmark,DNK,2008,25.2,Europe & Central Asia,64616.6657583663,5493621.0
Denmark,DNK,2009,26.7,Europe & Central Asia,58412.7472358513,5523095.0
Denmark,DNK,2010,27.2,Europe & Central Asia,58104.5445594981,5547683.0
Denmark,DNK,2011,27.3,Europe & Central Asia,61809.737898222,5570572.0
Denmark,DNK,2012,27.8,Europe & Central Asia,58443.7747103968,5591572.0
Denmark,DNK,2013,28.5,Europe & Central Asia,61377.5940590412,5614932.0
Denmark,DNK,2014,28.4,Europe & Central Asia,62520.4509747011,5643475.0
Denmark,DNK,2015,28.2,Europe & Central Asia,53094.0133607574,5683483.0
Denmark,DNK,2016,28.2,Europe & Central Asia,54500.9260410217,5728010.0
Denmark,DNK,2017,28.7,Europe & Central Asia,57521.5514992225,5764980.0
Denmark,DNK,2018,28.2,Europe & Central Asia,61324.7665045565,5793636.0
Denmark,DNK,2019,27.7,Europe & Central Asia,59404.2663247723,5814422.0
Denmark,DNK,2020,27.5,Europe & Central Asia,60985.4885601514,5831404.0
Denmark,DNK,2021,28.3,Europe & Central Asia,69340.7334922138,5856733.0
Denmark,DNK,2022,29.3,Europe & Central Asia,67781.0940939514,5903037.0
Denmark,DNK,2023,29.9,Europe & Central Asia,68043.5466971243,5946952.0
Djibouti,DJI,2002,40.0,"Middle East, North Africa, Afghanistan & Pakistan",743.013270420348,795574.0
Djibouti,DJI,2012,45.1,"Middle East, North Africa, Afghanistan & Pakistan",1400.19357858954,966747.0
Djibouti,DJI,2013,44.1,"Middle East, North Africa, Afghanistan & Pakistan",2075.94498424748,984824.0
Djibouti,DJI,2017,41.6,"Middle East, North Africa, Afghanistan & Pakistan",2618.95521147369,1054841.0
Dominican Republic,DOM,1986,47.8,Latin America & Caribbean ,931.659530115685,6571208.0
Dominican Republic,DOM,1989,50.4,Latin America & Caribbean ,954.914504449885,7002295.0
Dominican Republic,DOM,1992,51.1,Latin America & Caribbean ,1558.29782071075,7447474.0
Dominican Republic,DOM,1996,47.4,Latin America & Caribbean ,2270.86558687203,8032894.0
Dominican Republic,DOM,1997,48.9,Latin America & Caribbean ,2448.89393535363,8174078.0
Dominican Republic,DOM,2000,51.5,Latin America & Caribbean ,2831.45883638033,8584190.0
Dominican Republic,DOM,2001,50.0,Latin America & Caribbean ,2935.89367312668,8720283.0
Dominican Republic,DOM,2002,49.7,Latin America & Caribbean ,3065.60329524196,8852235.0
Dominican Republic,DOM,2003,52.1,Latin America & Caribbean ,2383.26171780393,8980620.0
Dominican Republic,DOM,2004,52.1,Latin America & Caribbean ,2451.69161616569,9104892.0
Dominican Republic,DOM,2005,50.0,Latin America & Caribbean ,3878.31206735244,9225034.0
Dominican Republic,DOM,2006,52.0,Latin America & Caribbean ,4055.14270347371,9341183.0
Dominican Republic,DOM,2007,48.9,Latin America & Caribbean ,4649.64558875814,9455658.0
Dominican Republic,DOM,2008,48.1,Latin America & Caribbean ,5023.58513403515,9573130.0
Dominican Republic,DOM,2009,48.9,Latin America & Caribbean ,4973.95186999952,9695265.0
Dominican Republic,DOM,2010,47.3,Latin America & Caribbean ,5478.62470398954,9820175.0
Dominican Republic,DOM,2011,47.7,Latin America & Caribbean ,5826.51014109195,9945621.0
Dominican Republic,DOM,2012,46.1,Latin America & Caribbean ,6013.81965002603,10070411.0
Dominican Republic,DOM,2013,47.7,Latin America & Caribbean ,6136.59429329301,10193833.0
Dominican Republic,DOM,2014,44.3,Latin America & Caribbean ,6496.45166971142,10315528.0
Dominican Republic,DOM,2015,45.2,Latin America & Caribbean ,6800.95309395474,10434829.0
Dominican Republic,DOM,2016,45.7,Latin America & Caribbean ,7160.44200982307,10551430.0
Dominican Republic,DOM,2017,42.2,Latin America & Caribbean ,7412.71571571512,10666843.0
Dominican Republic,DOM,2018,43.7,Latin America & Caribbean ,7882.98221584944,10782053.0
Dominican Republic,DOM,2019,41.9,Latin America & Caribbean ,8183.01623600375,10894043.0
Dominican Republic,DOM,2020,39.6,Latin America & Caribbean ,7135.22273255899,11008300.0
Dominican Republic,DOM,2021,38.5,Latin America & Caribbean ,8527.0754858205,11123476.0
Dominican Republic,DOM,2022,37.0,Latin America & Caribbean ,10104.2464008585,11230734.0
Dominican Republic,DOM,2023,38.4,Latin America & Caribbean ,10630.431743829,11331265.0
Dominican Republic,DOM,2024,39.0,Latin America & Caribbean ,10875.6618443092,11427557.0
Ecuador,ECU,1987,50.5,Latin America & Caribbean ,1426.01629151663,9779290.0
Ecuador,ECU,1994,53.3,Latin America & Caribbean ,1996.85894789444,11372197.0
Ecuador,ECU,1995,50.8,Latin America & Caribbean ,2108.00698245316,11590514.0
Ecuador,ECU,1998,49.6,Latin America & Caribbean ,2284.01572847769,12251184.0
Ecuador,ECU,1999,58.6,Latin America & Caribbean ,1575.30234730971,12470795.0
Ecuador,ECU,2000,56.3,Latin America & Caribbean ,1382.23421759909,12689206.0
Ecuador,ECU,2003,53.5,Latin America & Caribbean ,2315.62215223014,13372306.0
Ecuador,ECU,2004,53.9,Latin America & Caribbean ,2586.20914663347,13608701.0
Ecuador,ECU,2005,53.1,Latin America & Caribbean ,2909.02606014388,13846163.0
Ecuador,ECU,2006,52.3,Latin America & Caribbean ,3243.67010359339,14086131.0
Ecuador,ECU,2007,53.4,Latin America & Caribbean ,3478.92488770671,14328773.0
Ecuador,ECU,2008,49.8,Latin America & Caribbean ,4194.75750661981,14575202.0
Ecuador,ECU,2009,48.5,Latin America & Caribbean ,4053.36331139298,14825954.0
Ecuador,ECU,2010,48.8,Latin America & Caribbean ,4520.30959039763,15076695.0
Ecuador,ECU,2011,45.9,Latin America & Caribbean ,5153.6916424375,15326227.0
Ecuador,ECU,2012,46.1,Latin America & Caribbean ,5634.08393191094,15572194.0
Ecuador,ECU,2013,46.9,Latin America & Caribbean ,6109.29031510341,15807128.0
Ecuador,ECU,2014,45.0,Latin America & Caribbean ,6405.79979300441,16035124.0
Ecuador,ECU,2015,46.0,Latin America & Caribbean ,5976.1596805651,16266225.0
Ecuador,ECU,2016,45.0,Latin America & Caribbean ,5917.63771271481,16505139.0
Ecuador,ECU,2017,44.7,Latin America & Caribbean ,6233.32244797718,16759519.0
Ecuador,ECU,2018,45.4,Latin America & Caribbean ,6303.91886658338,17049547.0
Ecuador,ECU,2019,45.7,Latin America & Caribbean ,6205.05765246766,17340021.0
Ecuador,ECU,2020,47.3,Latin America & Caribbean ,5463.64515348598,17546065.0
Ecuador,ECU,2021,45.8,Latin America & Caribbean ,6061.32350181711,17682454.0
Ecuador,ECU,2022,45.5,Latin America & Caribbean ,6515.58528418336,17823897.0
Ecuador,ECU,2023,44.6,Latin America & Caribbean ,6718.1447938811,17980083.0
Ecuador,ECU,2024,45.2,Latin America & Caribbean ,6826.5294137822,18135478.0
Ecuador,ECU,2025,45.9,Latin America & Caribbean ,7125.27618527738,18289896.0
"Egypt, Arab Rep.",EGY,1990,32.0,"Middle East, North Africa, Afghanistan & Pakistan",735.982935028025,58396618.0
"Egypt, Arab Rep.",EGY,1995,30.1,"Middle East, North Africa, Afghanistan & Pakistan",916.326617700876,65652622.0
"Egypt, Arab Rep.",EGY,1999,30.8,"Middle East, North Africa, Afghanistan & Pakistan",1268.30949160496,71520954.0
"Egypt, Arab Rep.",EGY,2004,31.8,"Middle East, North Africa, Afghanistan & Pakistan",991.255689145253,79477443.0
"Egypt, Arab Rep.",EGY,2008,31.1,"Middle East, North Africa, Afghanistan & Pakistan",1896.21594269779,85864789.0
"Egypt, Arab Rep.",EGY,2010,30.2,"Middle East, North Africa, Afghanistan & Pakistan",2455.08194645282,89196072.0
"Egypt, Arab Rep.",EGY,2012,28.3,"Middle East, North Africa, Afghanistan & Pakistan",2996.0677072015,93161001.0
"Egypt, Arab Rep.",EGY,2015,31.8,"Middle East, North Africa, Afghanistan & Pakistan",3306.98159414141,99597342.0
"Egypt, Arab Rep.",EGY,2017,31.5,"Middle East, North Africa, Afghanistan & Pakistan",2395.10333299491,103696057.0
"Egypt, Arab Rep.",EGY,2019,31.9,"Middle East, North Africa, Afghanistan & Pakistan",2962.98892023003,107553158.0
"Egypt, Arab Rep.",EGY,2021,28.5,"Middle East, North Africa, Afghanistan & Pakistan",3827.35415374308,110957008.0
El Salvador,SLV,1989,48.7,Latin America & Caribbean ,825.105232536306,5298979.0
El Salvador,SLV,1991,53.8,Latin America & Caribbean ,955.826897421092,5495077.0
El Salvador,SLV,1995,49.8,Latin America & Caribbean ,1548.3763038362,5762131.0
El Salvador,SLV,1996,51.0,Latin America & Caribbean ,1651.31016800895,5805286.0
El Salvador,SLV,1998,54.4,Latin America & Caribbean ,1859.73085887742,5880781.0
El Salvador,SLV,1999,52.1,Latin America & Caribbean ,1908.0804545224,5913900.0
El Salvador,SLV,2000,51.5,Latin America & Caribbean ,1982.87093542615,5943366.0
El Salvador,SLV,2001,51.3,Latin America & Caribbean ,2058.04459070452,5968060.0
El Salvador,SLV,2002,51.9,Latin America & Caribbean ,2115.41187355626,5986631.0
El Salvador,SLV,2003,50.4,Latin America & Caribbean ,2207.83089518069,5998599.0
El Salvador,SLV,2004,47.8,Latin America & Caribbean ,2285.68907438892,6004671.0
El Salvador,SLV,2005,48.5,Latin America & Caribbean ,2447.39140845394,6005578.0
El Salvador,SLV,2006,45.7,Latin America & Caribbean ,2665.61807194853,6002319.0
El Salvador,SLV,2007,45.2,Latin America & Caribbean ,2830.65693770733,6009824.0
El Salvador,SLV,2008,46.9,Latin America & Caribbean ,2983.24829577976,6029297.0
El Salvador,SLV,2009,45.8,Latin America & Caribbean ,2910.18651752011,6048279.0
El Salvador,SLV,2010,43.5,Latin America & Caribbean ,3040.07300952878,6068249.0
El Salvador,SLV,2011,42.3,Latin America & Caribbean ,3330.60049486653,6090127.0
El Salvador,SLV,2012,41.8,Latin America & Caribbean ,3497.91256915509,6113975.0
El Salvador,SLV,2013,43.4,Latin America & Caribbean ,3582.26694005169,6138839.0
El Salvador,SLV,2014,41.6,Latin America & Caribbean ,3666.01248913873,6162955.0
El Salvador,SLV,2015,40.6,Latin America & Caribbean ,3790.34089108162,6183676.0
El Salvador,SLV,2016,40.0,Latin America & Caribbean ,3901.34014965811,6200800.0
El Salvador,SLV,2017,38.0,Latin America & Caribbean ,4020.12671373919,6213533.0
El Salvador,SLV,2018,38.6,Latin America & Caribbean ,4183.54620971358,6219807.0
El Salvador,SLV,2019,38.8,Latin America & Caribbean ,4320.11671534627,6222318.0
El Salvador,SLV,2021,39.0,Latin America & Caribbean ,4642.60743101342,6255782.0
El Salvador,SLV,2022,38.8,Latin America & Caribbean ,5074.60050994225,6280319.0
El Salvador,SLV,2023,39.8,Latin America & Caribbean ,5319.7195268688,6309624.0
Equatorial Guinea,GNQ,2022,38.5,Sub-Saharan Africa ,7589.29964909381,1803545.0
Estonia,EST,1993,39.4,Europe & Central Asia,2685.90889287357,1494128.0
Estonia,EST,1995,30.1,Europe & Central Asia,3134.38975345407,1436634.0
Estonia,EST,1998,37.6,Europe & Central Asia,4093.39247738765,1386156.0
Estonia,EST,2000,35.8,Europe & Central Asia,4070.60902410208,1396985.0
Estonia,EST,2001,36.0,Europe & Central Asia,4502.66614992392,1388115.0
Estonia,EST,2002,35.8,Europe & Central Asia,5343.18310760735,1379350.0
Estonia,EST,2003,37.2,Europe & Central Asia,7205.40703313243,1370720.0
Estonia,EST,2004,33.6,Europe & Central Asia,8916.0728274602,1362550.0
Estonia,EST,2005,33.4,Europe & Central Asia,10414.6381183565,1354775.0
Estonia,EST,2006,33.7,Europe & Central Asia,12641.4800976473,1346810.0
Estonia,EST,2007,31.2,Europe & Central Asia,16745.4308011148,1340680.0
Estonia,EST,2008,31.9,Europe & Central Asia,18205.9064113446,1337090.0
Estonia,EST,2009,31.4,Europe & Central Asia,14712.4494217916,1334515.0
Estonia,EST,2010,32.0,Europe & Central Asia,14663.7041018705,1331475.0
Estonia,EST,2011,32.5,Europe & Central Asia,17555.5455239426,1327439.0
Estonia,EST,2012,32.9,Europe & Central Asia,17568.2137969714,1322696.0
Estonia,EST,2013,35.1,Europe & Central Asia,19310.3874900757,1317997.0
Estonia,EST,2014,34.6,Europe & Central Asia,20581.7898991695,1314545.0
Estonia,EST,2015,32.7,Europe & Central Asia,17722.1557669523,1315407.0
Estonia,EST,2016,31.2,Europe & Central Asia,18666.3736521706,1315790.0
Estonia,EST,2017,30.4,Europe & Central Asia,20851.5223496861,1317384.0
Estonia,EST,2018,30.3,Europe & Central Asia,23618.1361254581,1321977.0
Estonia,EST,2019,30.8,Europe & Central Asia,24021.2501413306,1326898.0
Estonia,EST,2020,30.7,Europe & Central Asia,23933.9939421065,1329522.0
Estonia,EST,2021,31.8,Europe & Central Asia,27951.1659277744,1330932.0
Estonia,EST,2022,32.3,Europe & Central Asia,28340.3826549406,1348840.0
Estonia,EST,2023,30.7,Europe & Central Asia,30264.0064885057,1370286.0
Eswatini,SWZ,1994,58.7,Sub-Saharan Africa ,1461.36400128736,971212.0
Eswatini,SWZ,2000,53.1,Sub-Saharan Africa ,1629.67038842815,1041414.0
Eswatini,SWZ,2009,51.4,Sub-Saharan Africa ,3189.79679956637,1105153.0
Eswatini,SWZ,2016,54.6,Sub-Saharan Africa ,3238.17611961364,1149507.0
Ethiopia,ETH,1995,44.6,Sub-Saharan Africa ,136.523619088963,57537335.0
Ethiopia,ETH,1999,30.0,Sub-Saharan Africa ,120.734631499865,65374561.0
Ethiopia,ETH,2004,29.8,Sub-Saharan Africa ,133.169812538096,76077206.0
Ethiopia,ETH,2010,33.2,Sub-Saharan Africa ,330.619412798644,90538514.0
Ethiopia,ETH,2015,35.0,Sub-Saharan Africa ,597.912113218663,103867135.0
Ethiopia,ETH,2021,31.1,Sub-Saharan Africa ,893.009835441784,122138588.0
Fiji,FJI,2002,38.1,East Asia & Pacific,2136.56794118683,858049.0
Fiji,FJI,2008,40.4,East Asia & Pacific,3899.92231512129,903399.0
Fiji,FJI,2013,36.7,East Asia & Pacific,4572.44377544245,916352.0
Fiji,FJI,2019,30.7,East Asia & Pacific,5842.07344577597,914899.0
Finland,FIN,1987,22.2,Europe & Central Asia,18565.0264426011,4932123.0
Finland,FIN,1991,22.9,Europe & Central Asia,25488.8450525604,5013740.0
Finland,FIN,1995,23.5,Europe & Central Asia,26246.2743214462,5107790.0
Finland,FIN,2000,27.2,Europe & Central Asia,24335.9225082659,5176209.0
Finland,FIN,2003,27.7,Europe & Central Asia,32920.0857192568,5213014.0
Finland,FIN,2004,27.9,Europe & Central Asia,37768.1334202029,5228172.0
Finland,FIN,2005,27.6,Europe & Central Asia,39049.8703780223,5246096.0
Finland,FIN,2006,28.0,Europe & Central Asia,41214.0187765069,5266268.0
Finland,FIN,2007,28.3,Europe & Central Asia,48473.0240091455,5288720.0
Finland,FIN,2008,27.8,Europe & Central Asia,53769.4726240385,5313399.0
Finland,FIN,2009,27.5,Europe & Central Asia,47478.3495310999,5338871.0
Finland,FIN,2010,27.7,Europe & Central Asia,46506.2919016566,5363352.0
Finland,FIN,2011,27.6,Europe & Central Asia,51060.3242589767,5388272.0
Finland,FIN,2012,27.1,Europe & Central Asia,47551.6740841369,5413971.0
Finland,FIN,2013,27.2,Europe & Central Asia,49691.0145200739,5438972.0
Finland,FIN,2014,26.8,Europe & Central Asia,50073.7760815871,5461512.0
Finland,FIN,2015,27.1,Europe & Central Asia,42560.3456767103,5479531.0
Finland,FIN,2016,27.1,Europe & Central Asia,43451.2562442158,5495303.0
Finland,FIN,2017,27.4,Europe & Central Asia,46085.0174739036,5508214.0
Finland,FIN,2018,27.3,Europe & Central Asia,49654.2497035329,5515525.0
Finland,FIN,2019,27.7,Europe & Central Asia,48358.1807773701,5521606.0
Finland,FIN,2020,27.1,Europe & Central Asia,48828.6846862799,5529543.0
Finland,FIN,2021,27.7,Europe & Central Asia,53099.1351400148,5541017.0
Finland,FIN,2022,27.9,Europe & Central Asia,50440.560224974,5556106.0
Finland,FIN,2023,27.4,Europe & Central Asia,52864.6931581216,5583911.0
France,FRA,1970,37.1,Europe & Central Asia,2832.54913756906,52007169.0
France,FRA,1975,35.9,Europe & Central Asia,6616.76722499173,54002853.0
France,FRA,1979,34.0,Europe & Central Asia,11062.5731730373,54979851.0
France,FRA,1984,33.4,Europe & Central Asia,9311.89426452129,56383085.0
France,FRA,1990,32.1,Europe & Central Asia,21586.4674617483,58261012.0
France,FRA,1996,32.0,Europe & Central Asia,26757.6351494145,59754504.0
France,FRA,1997,31.9,Europe & Central Asia,24169.4008102822,59968066.0
France,FRA,1998,31.7,Europe & Central Asia,24869.4030795939,60190684.0
France,FRA,1999,32.5,Europe & Central Asia,24576.3152254528,60501986.0
France,FRA,2000,32.6,Europe & Central Asia,22340.5939516217,60918661.0
France,FRA,2001,32.5,Europe & Central Asia,22331.7948343036,61364377.0
France,FRA,2002,31.8,Europe & Central Asia,24144.5727019529,61812142.0
France,FRA,2003,31.4,Europe & Central Asia,29479.5222101175,62249855.0
France,FRA,2004,30.6,Europe & Central Asia,33644.9282220364,62707588.0
France,FRA,2005,29.8,Europe & Central Asia,34696.3718316971,63180854.0
France,FRA,2006,29.7,Europe & Central Asia,36431.5658906555,63622342.0
France,FRA,2007,32.4,Europe & Central Asia,41486.1907828787,64016890.0
France,FRA,2008,33.0,Europe & Central Asia,45464.8181385158,64375116.0
France,FRA,2009,32.7,Europe & Central Asia,41728.0884164132,64706436.0
France,FRA,2010,33.7,Europe & Central Asia,40694.8211697025,65026211.0
France,FRA,2011,33.3,Europe & Central Asia,43929.7840873812,65340830.0
France,FRA,2012,33.1,Europe & Central Asia,40863.5814412333,65657659.0
France,FRA,2013,32.5,Europe & Central Asia,42669.1795111893,65997932.0
France,FRA,2014,32.3,Europe & Central Asia,43148.0459288416,66312067.0
France,FRA,2015,32.7,Europe & Central Asia,36702.4323733379,66548272.0
France,FRA,2016,31.9,Europe & Central Asia,37024.2157133669,66724104.0
France,FRA,2017,31.6,Europe & Central Asia,38687.1626407164,66918020.0
France,FRA,2018,32.4,Europe & Central Asia,41418.1766484844,67158348.0
France,FRA,2019,31.2,Europe & Central Asia,40408.2848574751,67382061.0
France,FRA,2020,30.7,Europe & Central Asia,39169.8606000707,67601110.0
France,FRA,2021,31.5,Europe & Central Asia,43725.0999521245,67842811.0
France,FRA,2022,31.2,Europe & Central Asia,40988.6396406579,68184457.0
France,FRA,2023,31.8,Europe & Central Asia,44700.1384177544,68372286.0
Gabon,GAB,2005,42.2,Sub-Saharan Africa ,6547.87613955186,1463495.0
Gabon,GAB,2017,38.0,Sub-Saharan Africa ,6921.73373135624,2156900.0
"Gambia, The",GMB,1998,48.3,Sub-Saharan Africa ,610.234711461724,1376987.0
"Gambia, The",GMB,2003,47.3,Sub-Saharan Africa ,308.719123437587,1577611.0
"Gambia, The",GMB,2010,43.6,Sub-Saharan Africa ,801.033372714536,1926630.0
"Gambia, The",GMB,2015,35.9,Sub-Saharan Africa ,619.536364296461,2224529.0
"Gambia, The",GMB,2020,38.8,Sub-Saharan Africa ,720.335143352133,2515733.0
Georgia,GEO,1996,37.1,Europe & Central Asia,689.034634153312,4491699.0
Georgia,GEO,1997,40.7,Europe & Central Asia,807.032285752352,4349913.0
Georgia,GEO,1998,41.2,Europe & Central Asia,851.515542450841,4243607.0
Georgia,GEO,1999,40.1,Europe & Central Asia,673.537782887275,4157192.0
Georgia,GEO,2000,40.5,Europe & Central Asia,749.908534993961,4077131.0
Georgia,GEO,2001,39.6,Europe & Central Asia,801.98383707929,4014373.0
Georgia,GEO,2002,37.2,Europe & Central Asia,853.526171868939,3978515.0
Georgia,GEO,2003,36.6,Europe & Central Asia,1010.03151630868,3951736.0
Georgia,GEO,2004,36.2,Europe & Central Asia,1305.04748557208,3927340.0
Georgia,GEO,2005,37.4,Europe & Central Asia,1642.78359414797,3902469.0
Georgia,GEO,2006,36.9,Europe & Central Asia,1996.02013272284,3880347.0
Georgia,GEO,2007,38.1,Europe & Central Asia,2635.36650276116,3860158.0
Georgia,GEO,2008,38.5,Europe & Central Asia,3324.7537205015,3848449.0
Georgia,GEO,2009,38.2,Europe & Central Asia,2822.68939668797,3814419.0
Georgia,GEO,2010,39.5,Europe & Central Asia,3281.72930937343,3786695.0
Georgia,GEO,2011,39.6,Europe & Central Asia,4119.66818307193,3756441.0
Georgia,GEO,2012,39.0,Europe & Central Asia,4530.69533409431,3728874.0
Georgia,GEO,2013,38.6,Europe & Central Asia,4712.00229382665,3717668.0
Georgia,GEO,2014,37.6,Europe & Central Asia,4830.33486170249,3719414.0
Georgia,GEO,2015,36.5,Europe & Central Asia,4086.6223465965,3725276.0
Georgia,GEO,2016,36.6,Europe & Central Asia,4143.40125686315,3727505.0
Georgia,GEO,2017,37.9,Europe & Central Asia,4418.75206546679,3728004.0
Georgia,GEO,2018,36.4,Europe & Central Asia,4804.0546040444,3726549.0
Georgia,GEO,2019,35.9,Europe & Central Asia,4741.2832715876,3720161.0
Georgia,GEO,2020,34.5,Europe & Central Asia,4300.85701291207,3722716.0
Georgia,GEO,2021,34.2,Europe & Central Asia,5083.60695484577,3708610.0
Georgia,GEO,2022,33.5,Europe & Central Asia,6729.84659930283,3712502.0
Georgia,GEO,2023,34.8,Europe & Central Asia,8283.66960652261,3715483.0
Georgia,GEO,2024,33.9,Europe & Central Asia,8967.67525638987,3812518.0
Germany,DEU,1991,29.3,Europe & Central Asia,23443.3350818536,80013896.0
Germany,DEU,1992,29.0,Europe & Central Asia,26559.8543879632,80624598.0
Germany,DEU,1993,28.4,Europe & Central Asia,25616.6508772405,81156363.0
Germany,DEU,1994,29.1,Europe & Central Asia,27201.9593555204,81438348.0
Germany,DEU,1995,28.7,Europe & Central Asia,31747.2449398447,81678051.0
Germany,DEU,1996,28.3,Europe & Central Asia,30599.7891048363,81914831.0
Germany,DEU,1997,28.2,Europe & Central Asia,27046.9565464237,82034771.0
Germany,DEU,1998,28.1,Europe & Central Asia,27395.9440608051,82047195.0
Germany,DEU,1999,29.0,Europe & Central Asia,26965.4922773722,82100243.0
Germany,DEU,2000,28.7,Europe & Central Asia,23925.8559901991,82211508.0
Germany,DEU,2001,29.9,Europe & Central Asia,23878.3641471651,82349925.0
Germany,DEU,2002,29.9,Europe & Central Asia,25486.5942008748,82488495.0
Germany,DEU,2003,29.9,Europe & Central Asia,30711.1022511331,82534176.0
Germany,DEU,2004,30.1,Europe & Central Asia,34566.7359143735,82516260.0
Germany,DEU,2005,31.6,Europe & Central Asia,35084.4363546269,82469422.0
Germany,DEU,2006,31.0,Europe & Central Asia,36980.3349948954,82376451.0
Germany,DEU,2007,31.2,Europe & Central Asia,42350.9217211489,82266372.0
Germany,DEU,2008,30.6,Europe & Central Asia,46379.1647953479,82110097.0
Germany,DEU,2009,30.4,Europe & Central Asia,42471.8868625226,81902307.0
Germany,DEU,2010,30.2,Europe & Central Asia,42396.9665976293,81776930.0
Germany,DEU,2011,30.4,Europe & Central Asia,47630.9761883572,80274983.0
Germany,DEU,2012,30.9,Europe & Central Asia,44718.0159214069,80425823.0
Germany,DEU,2013,31.4,Europe & Central Asia,47206.8353514242,80645605.0
Germany,DEU,2014,30.8,Europe & Central Asia,48959.5991203133,80982500.0
Germany,DEU,2015,31.4,Europe & Central Asia,41929.7549110722,81686611.0
Germany,DEU,2016,31.3,Europe & Central Asia,42948.9381932694,82348669.0
Germany,DEU,2017,31.3,Europe & Central Asia,45553.9341495339,82657002.0
Germany,DEU,2018,31.9,Europe & Central Asia,48916.1686612154,82905782.0
Germany,DEU,2019,32.2,Europe & Central Asia,47656.199739747,83092962.0
Germany,DEU,2020,32.5,Europe & Central Asia,47394.8734504469,83160871.0
Germany,DEU,2021,33.6,Europe & Central Asia,52349.2459994422,83196078.0
Germany,DEU,2022,33.7,Europe & Central Asia,50506.5179638543,83177813.0
Ghana,GHA,1987,35.3,Sub-Saharan Africa ,355.153724919203,14289108.0
Ghana,GHA,1988,36.0,Sub-Saharan Africa ,355.121844932881,14636568.0
Ghana,GHA,1991,38.4,Sub-Saharan Africa ,418.254121349986,15787496.0
Ghana,GHA,1998,40.1,Sub-Saharan Africa ,400.366799508524,18688036.0
Ghana,GHA,2005,42.8,Sub-Saharan Africa ,478.611909191028,22449438.0
Ghana,GHA,2012,42.4,Sub-Saharan Africa ,1543.77524235764,26734268.0
Ghana,GHA,2016,43.5,Sub-Saharan Africa ,1912.47991339951,29356742.0
Greece,GRC,1995,36.5,Europe & Central Asia,12779.081491606,10562153.0
Greece,GRC,2000,34.4,Europe & Central Asia,11638.2010697215,10805808.0
Greece,GRC,2002,35.5,Europe & Central Asia,13782.195640943,10902022.0
Greece,GRC,2003,32.8,Europe & Central Asia,18020.612039764,10928070.0
Greece,GRC,2004,33.6,Europe & Central Asia,21449.2552764245,10955141.0
Greece,GRC,2005,34.6,Europe & Central Asia,22054.1315756886,10987314.0
Greece,GRC,2006,35.1,Europe & Central Asia,24416.0232970275,11020362.0
Greece,GRC,2007,34.0,Europe & Central Asia,28440.7625328955,11048473.0
Greece,GRC,2008,33.6,Europe & Central Asia,31695.8331092209,11077841.0
Greece,GRC,2009,33.6,Europe & Central Asia,29425.4573200263,11107017.0
Greece,GRC,2010,34.1,Europe & Central Asia,26653.0488008626,11121341.0
Greece,GRC,2011,34.8,Europe & Central Asia,25504.7866510124,11104899.0
Greece,GRC,2012,36.3,Europe & Central Asia,21624.346052551,11045011.0
Greece,GRC,2013,36.1,Europe & Central Asia,21573.3449762805,10965211.0
Greece,GRC,2014,35.8,Europe & Central Asia,21474.7257123892,10892413.0
Greece,GRC,2015,36.0,Europe & Central Asia,17980.7298238137,10820883.0
Greece,GRC,2016,35.0,Europe & Central Asia,17919.2426377048,10775971.0
Greece,GRC,2017,34.4,Europe & Central Asia,18631.9930129293,10754679.0
Greece,GRC,2018,32.9,Europe & Central Asia,19873.4015238771,10732882.0
Greece,GRC,2019,33.1,Europe & Central Asia,19335.3602002969,10721582.0
Greece,GRC,2020,33.6,Europe & Central Asia,17886.733165236,10698599.0
Greece,GRC,2021,32.9,Europe & Central Asia,20652.89659591,10570130.0
Greece,GRC,2022,33.4,Europe & Central Asia,20884.6773436263,10437805.0
Greece,GRC,2023,33.4,Europe & Central Asia,23343.7103964562,10407351.0
Grenada,GRD,2018,43.8,Latin America & Caribbean ,10083.021279225,115691.0
Guatemala,GTM,1986,54.1,Latin America & Caribbean ,896.063263473632,8070818.0
Guatemala,GTM,1989,58.8,Latin America & Caribbean ,958.427471156263,8775546.0
Guatemala,GTM,1998,49.4,Latin America & Caribbean ,1741.20114182856,11139145.0
Guatemala,GTM,2000,54.2,Latin America & Caribbean ,1648.96578971559,11697592.0
Guatemala,GTM,2006,54.5,Latin America & Caribbean ,2225.1234753878,13367459.0
Guatemala,GTM,2014,48.3,Latin America & Caribbean ,3689.14510410202,15681725.0
Guatemala,GTM,2023,45.2,Latin America & Caribbean ,5754.42833909847,18124838.0
Guinea,GIN,1991,45.6,Sub-Saharan Africa ,656.42373119518,6697166.0
Guinea,GIN,1994,46.1,Sub-Saharan Africa ,671.576385058752,7345107.0
Guinea,GIN,2002,43.0,Sub-Saharan Africa ,495.916073559269,8674066.0
Guinea,GIN,2007,39.4,Sub-Saharan Africa ,650.148575304743,9662281.0
Guinea,GIN,2012,33.7,Sub-Saharan Africa ,699.353377212197,10921581.0
Guinea,GIN,2018,29.6,Sub-Saharan Africa ,933.273615633705,12704774.0
Guinea-Bissau,GNB,1991,55.8,Sub-Saharan Africa ,672.07387884966,994639.0
Guinea-Bissau,GNB,1993,43.6,Sub-Saharan Africa ,581.612681813953,1058745.0
Guinea-Bissau,GNB,2002,35.6,Sub-Saharan Africa ,362.034574570354,1289307.0
Guinea-Bissau,GNB,2010,50.6,Sub-Saharan Africa ,600.194298540768,1566347.0
Guinea-Bissau,GNB,2018,34.8,Sub-Saharan Africa ,808.531613218504,1922168.0
Guinea-Bissau,GNB,2021,33.4,Sub-Saharan Africa ,926.54619187706,2058841.0
Guyana,GUY,1992,39.5,Latin America & Caribbean ,498.156636569954,749911.0
Guyana,GUY,1998,45.1,Latin America & Caribbean ,939.685488169724,763586.0
Haiti,HTI,2001,59.0,Latin America & Caribbean ,748.821159844528,8455918.0
Haiti,HTI,2012,41.1,Latin America & Caribbean ,1361.39396587374,10069771.0
Honduras,HND,1989,55.4,Latin America & Caribbean ,903.767650161806,4841838.0
Honduras,HND,1990,55.9,Latin America & Caribbean ,749.818113552631,4980488.0
Honduras,HND,1991,51.8,Latin America & Caribbean ,722.000657931123,5123792.0
Honduras,HND,1992,51.8,Latin America & Caribbean ,782.111518709432,5271431.0
Honduras,HND,1993,53.4,Latin America & Caribbean ,772.74224772986,5423249.0
Honduras,HND,1994,55.0,Latin America & Caribbean ,735.886147157389,5579242.0
Honduras,HND,1995,55.5,Latin America & Caribbean ,814.049075569071,5739637.0
Honduras,HND,1996,55.7,Latin America & Caribbean ,812.817047602244,5903954.0
Honduras,HND,1997,52.7,Latin America & Caribbean ,917.272651200904,6071454.0
Honduras,HND,1998,57.3,Latin America & Caribbean ,988.655986927253,6234431.0
Honduras,HND,1999,55.2,Latin America & Caribbean ,999.004383328908,6400463.0
Honduras,HND,2001,55.4,Latin America & Caribbean ,1132.1648753329,6757993.0
Honduras,HND,2002,55.7,Latin America & Caribbean ,1132.49965345317,6938859.0
Honduras,HND,2003,58.1,Latin America & Caribbean ,1156.08162681357,7119213.0
Honduras,HND,2004,58.1,Latin America & Caribbean ,1215.13995412761,7298994.0
Honduras,HND,2005,59.5,Latin America & Caribbean ,1304.70039153826,7478355.0
Honduras,HND,2006,57.5,Latin America & Caribbean ,1425.84780051892,7656832.0
Honduras,HND,2007,55.8,Latin America & Caribbean ,1577.73789197407,7834798.0
Honduras,HND,2008,55.5,Latin America & Caribbean ,1732.49062702803,8012587.0
Honduras,HND,2009,51.3,Latin America & Caribbean ,1781.15703614674,8189899.0
Honduras,HND,2010,53.1,Latin America & Caribbean ,1893.32722662035,8365878.0
Honduras,HND,2011,52.6,Latin America & Caribbean ,2073.66121088074,8540583.0
Honduras,HND,2012,53.4,Latin America & Caribbean ,2126.03474686503,8715076.0
Honduras,HND,2013,50.0,Latin America & Caribbean ,2081.12843527945,8889278.0
Honduras,HND,2014,49.9,Latin America & Caribbean ,2179.88171977271,9063122.0
Honduras,HND,2015,49.2,Latin America & Caribbean ,2271.20265980349,9237305.0
Honduras,HND,2016,49.8,Latin America & Caribbean ,2307.34468351082,9412380.0
Honduras,HND,2017,49.4,Latin America & Caribbean ,2413.0076562942,9588137.0
Honduras,HND,2018,48.9,Latin America & Caribbean ,2464.64241531918,9765210.0
Honduras,HND,2019,48.2,Latin America & Caribbean ,2502.32744328073,9943633.0
Honduras,HND,2023,46.8,Latin America & Caribbean ,3227.45762509776,10644851.0
Honduras,HND,2024,45.7,Latin America & Caribbean ,3415.96027916712,10825703.0
Hungary,HUN,1987,20.9,Europe & Central Asia,2565.9739107384,10612741.0
Hungary,HUN,1989,25.0,Europe & Central Asia,2902.43508126549,10481719.0
Hungary,HUN,1991,29.6,Europe & Central Asia,3361.22268037924,10373400.0
Hungary,HUN,1993,27.9,Europe & Central Asia,3886.66608419616,10357523.0
Hungary,HUN,1994,33.3,Europe & Central Asia,4187.0311799663,10343355.0
Hungary,HUN,1998,26.4,Europe & Central Asia,4751.7732430202,10266570.0
Hungary,HUN,1999,30.2,Europe & Central Asia,4801.95949584162,10237530.0
Hungary,HUN,2000,27.2,Europe & Central Asia,4629.91760812548,10210971.0
Hungary,HUN,2001,26.9,Europe & Central Asia,5280.94887987063,10187576.0
Hungary,HUN,2002,26.8,Europe & Central Asia,6658.04494326809,10158608.0
Hungary,HUN,2003,30.9,Europe & Central Asia,8410.09248198479,10129552.0
Hungary,HUN,2004,29.9,Europe & Central Asia,10291.2694721409,10107146.0
Hungary,HUN,2005,34.7,Europe & Central Asia,11212.2046968994,10087065.0
Hungary,HUN,2006,28.3,Europe & Central Asia,11478.4891640501,10071370.0
Hungary,HUN,2007,27.9,Europe & Central Asia,13934.605460375,10055780.0
Hungary,HUN,2008,27.5,Europe & Central Asia,15762.6322515113,10038188.0
Hungary,HUN,2009,27.0,Europe & Central Asia,13051.1831777184,10022650.0
Hungary,HUN,2010,29.4,Europe & Central Asia,13189.8433874768,10000023.0
Hungary,HUN,2011,29.2,Europe & Central Asia,14211.460557822,9971727.0
Hungary,HUN,2012,30.8,Europe & Central Asia,12950.1594488143,9920362.0
Hungary,HUN,2013,31.5,Europe & Central Asia,13739.4620151401,9872734.0
Hungary,HUN,2014,30.9,Europe & Central Asia,14352.501883174,9833038.0
Hungary,HUN,2015,30.4,Europe & Central Asia,12782.9412577973,9797755.0
Hungary,HUN,2016,30.3,Europe & Central Asia,13215.8605277789,9759755.0
Hungary,HUN,2017,30.6,Europe & Central Asia,14736.1668157258,9726756.0
Iceland,ISL,2003,26.8,Europe & Central Asia,39944.2104095591,289521.0
Iceland,ISL,2004,28.0,Europe & Central Asia,47809.6073050042,292074.0
Iceland,ISL,2005,29.0,Europe & Central Asia,57783.7745608117,296734.0
Iceland,ISL,2006,30.2,Europe & Central Asia,58172.1426656622,303782.0
Iceland,ISL,2007,29.5,Europe & Central Asia,70483.0117228535,311566.0
Iceland,ISL,2008,31.8,Europe & Central Asia,57489.3399795216,317414.0
Iceland,ISL,2009,28.7,Europe & Central Asia,41483.7843682814,318499.0
Iceland,ISL,2010,26.2,Europe & Central Asia,43776.4677400475,318041.0
Iceland,ISL,2011,26.8,Europe & Central Asia,48254.953927254,319014.0
Iceland,ISL,2012,26.8,Europe & Central Asia,46594.9869146614,320716.0
Iceland,ISL,2013,25.4,Europe & Central Asia,50173.3360061057,323764.0
Iceland,ISL,2014,27.8,Europe & Central Asia,55140.364935793,327386.0
Iceland,ISL,2015,26.8,Europe & Central Asia,53505.6964079339,330815.0
Iceland,ISL,2016,27.2,Europe & Central Asia,62854.0906407932,335439.0
Iceland,ISL,2017,26.1,Europe & Central Asia,72976.3729990975,343400.0
Iceland,ISL,2018,26.6,Europe & Central Asia,75633.8651351915,352721.0
Iceland,ISL,2019,26.8,Europe & Central Asia,69296.3144361601,360563.0
India,IND,1977,29.7,South Asia,189.585568552477,640801103.0
India,IND,1983,27.2,South Asia,295.999773299382,737372681.0
India,IND,1987,27.5,South Asia,344.941028293075,808931270.0
India,IND,1993,26.1,South Asia,302.884806246174,922118387.0
India,IND,2004,27.7,South Asia,624.258826510066,1135991513.0
India,IND,2009,27.8,South Asia,1094.94974598436,1225524753.0
India,IND,2011,28.8,South Asia,1445.46127486037,1261224954.0
India,IND,2022,25.5,South Asia,2279.98145719369,1425423212.0
Indonesia,IDN,1984,32.3,East Asia & Pacific,519.774063103241,163251124.0
Indonesia,IDN,1987,30.4,East Asia & Pacific,437.60655039936,173511154.0
Indonesia,IDN,1990,31.1,East Asia & Pacific,578.420121135382,183501098.0
Indonesia,IDN,1993,31.8,East Asia & Pacific,817.395116417856,193305168.0
Indonesia,IDN,1996,34.2,East Asia & Pacific,1118.92133024129,203204348.0
Indonesia,IDN,1998,30.9,East Asia & Pacific,454.877800792123,209826788.0
Indonesia,IDN,1999,30.8,East Asia & Pacific,657.268934667018,213004668.0
Indonesia,IDN,2000,30.3,East Asia & Pacific,763.711124950924,216077790.0
Indonesia,IDN,2001,31.2,East Asia & Pacific,732.307093405708,219097902.0
Indonesia,IDN,2002,30.2,East Asia & Pacific,881.002913569131,222088495.0
Indonesia,IDN,2003,29.3,East Asia & Pacific,1043.2105838671,225048008.0
Indonesia,IDN,2004,30.4,East Asia & Pacific,1126.84004447173,227926649.0
Indonesia,IDN,2005,29.9,East Asia & Pacific,1238.21447629488,230871650.0
Indonesia,IDN,2006,31.5,East Asia & Pacific,1558.31562847163,233951652.0
Indonesia,IDN,2007,33.2,East Asia & Pacific,1823.21976255073,237062337.0
Indonesia,IDN,2008,32.6,East Asia & Pacific,2124.55483920618,240157903.0
Indonesia,IDN,2009,33.4,East Asia & Pacific,2218.48541852977,243220028.0
Indonesia,IDN,2010,34.6,East Asia & Pacific,3065.68348377765,246305322.0
Indonesia,IDN,2011,37.9,East Asia & Pacific,3579.46442466152,249470032.0
Indonesia,IDN,2012,37.1,East Asia & Pacific,3632.27254030331,252698525.0
Indonesia,IDN,2013,38.9,East Asia & Pacific,3566.60284506078,255852467.0
Indonesia,IDN,2014,38.8,East Asia & Pacific,3441.06808464008,258877399.0
Indonesia,IDN,2015,38.2,East Asia & Pacific,3288.22269725538,261799249.0
Indonesia,IDN,2016,36.9,East Asia & Pacific,3521.46943457574,264627418.0
Indonesia,IDN,2017,36.4,East Asia & Pacific,3798.88326174526,267346658.0
Indonesia,IDN,2018,36.3,East Asia & Pacific,3860.95353090726,269951846.0
Indonesia,IDN,2019,35.4,East Asia & Pacific,4106.94856160358,272489381.0
Indonesia,IDN,2020,35.3,East Asia & Pacific,3853.70288774146,274814866.0
Indonesia,IDN,2021,35.5,East Asia & Pacific,4287.17313995098,276758053.0
Indonesia,IDN,2022,35.5,East Asia & Pacific,4730.83484836107,278830529.0
Indonesia,IDN,2023,36.1,East Asia & Pacific,4876.2992959843,281190067.0
Indonesia,IDN,2024,34.9,East Asia & Pacific,4925.43644992666,283487931.0
Indonesia,IDN,2025,34.4,East Asia & Pacific,5059.62596411213,285721236.0
"Iran, Islamic Rep.",IRN,1986,47.4,"Middle East, North Africa, Afghanistan & Pakistan",4064.34667297515,51446045.0
"Iran, Islamic Rep.",IRN,1990,43.6,"Middle East, North Africa, Afghanistan & Pakistan",2137.94222739877,58380092.0
"Iran, Islamic Rep.",IRN,1994,43.0,"Middle East, North Africa, Afghanistan & Pakistan",1167.76272513795,61520598.0
"Iran, Islamic Rep.",IRN,1998,44.1,"Middle East, North Africa, Afghanistan & Pakistan",1709.19334096046,64519859.0
"Iran, Islamic Rep.",IRN,2005,43.6,"Middle East, North Africa, Afghanistan & Pakistan",3132.0508192007,71828455.0
"Iran, Islamic Rep.",IRN,2006,44.8,"Middle East, North Africa, Afghanistan & Pakistan",3618.91601364428,73392747.0
"Iran, Islamic Rep.",IRN,2009,42.1,"Middle East, North Africa, Afghanistan & Pakistan",5415.52280553446,76457825.0
"Iran, Islamic Rep.",IRN,2011,34.7,"Middle East, North Africa, Afghanistan & Pakistan",8025.68743364356,78383598.0
"Iran, Islamic Rep.",IRN,2012,34.4,"Middle East, North Africa, Afghanistan & Pakistan",8114.08099831877,79370580.0
"Iran, Islamic Rep.",IRN,2013,34.0,"Middle East, North Africa, Afghanistan & Pakistan",6222.74194840326,80414686.0
"Iran, Islamic Rep.",IRN,2014,34.8,"Middle East, North Africa, Afghanistan & Pakistan",5672.06372896319,81502045.0
"Iran, Islamic Rep.",IRN,2015,35.3,"Middle East, North Africa, Afghanistan & Pakistan",4952.73355532178,82619362.0
"Iran, Islamic Rep.",IRN,2016,35.9,"Middle East, North Africa, Afghanistan & Pakistan",5710.59947089104,83812228.0
"Iran, Islamic Rep.",IRN,2017,36.7,"Middle East, North Africa, Afghanistan & Pakistan",6000.93346404409,85026754.0
"Iran, Islamic Rep.",IRN,2018,37.4,"Middle East, North Africa, Afghanistan & Pakistan",4783.01067340237,86117998.0
"Iran, Islamic Rep.",IRN,2019,36.5,"Middle East, North Africa, Afghanistan & Pakistan",3997.4935449585,87051648.0
"Iran, Islamic Rep.",IRN,2020,35.8,"Middle East, North Africa, Afghanistan & Pakistan",3202.50003502169,87723443.0
"Iran, Islamic Rep.",IRN,2021,35.5,"Middle East, North Africa, Afghanistan & Pakistan",4605.14881318992,88455488.0
"Iran, Islamic Rep.",IRN,2022,34.8,"Middle East, North Africa, Afghanistan & Pakistan",4721.20437099984,89524246.0
"Iran, Islamic Rep.",IRN,2023,35.9,"Middle East, North Africa, Afghanistan & Pakistan",5049.29931642754,90608707.0
Iraq,IRQ,2006,28.6,"Middle East, North Africa, Afghanistan & Pakistan",2276.55435744086,28616515.0
Iraq,IRQ,2012,29.5,"Middle East, North Africa, Afghanistan & Pakistan",6477.59618450955,33654842.0
Iraq,IRQ,2023,29.8,"Middle East, North Africa, Afghanistan & Pakistan",5965.31835077761,45074049.0
Ireland,IRL,1987,35.5,Europe & Central Asia,9581.91308572415,3540057.0
Ireland,IRL,1994,36.9,Europe & Central Asia,15902.9296755168,3590386.0
Ireland,IRL,1995,37.0,Europe & Central Asia,19158.4564773907,3608841.0
Ireland,IRL,1996,35.6,Europe & Central Asia,20835.8977130847,3637510.0
Ireland,IRL,2000,33.0,Europe & Central Asia,26334.5672050501,3805174.0
Ireland,IRL,2002,32.3,Europe & Central Asia,32705.4345565698,3931947.0
Ireland,IRL,2003,32.9,Europe & Central Asia,41203.5295847568,3996521.0
Ireland,IRL,2004,33.6,Europe & Central Asia,47754.2023194244,4070262.0
Ireland,IRL,2005,33.8,Europe & Central Asia,50933.0216095589,4159914.0
Ireland,IRL,2006,32.7,Europe & Central Asia,54329.1618599624,4273591.0
Ireland,IRL,2007,31.9,Europe & Central Asia,61396.417461176,4398942.0
Ireland,IRL,2008,30.9,Europe & Central Asia,61353.1065629523,4489544.0
Ireland,IRL,2009,32.7,Europe & Central Asia,52133.0906162544,4535375.0
Ireland,IRL,2010,32.3,Europe & Central Asia,48623.9666422487,4560155.0
Ireland,IRL,2011,32.9,Europe & Central Asia,52613.8540355689,4580084.0
Ireland,IRL,2012,33.2,Europe & Central Asia,49335.8408099555,4599533.0
Ireland,IRL,2013,33.5,Europe & Central Asia,52537.6108648692,4623816.0
Ireland,IRL,2014,31.9,Europe & Central Asia,57214.5379785709,4657740.0
Ireland,IRL,2015,31.8,Europe & Central Asia,64250.1385181257,4701957.0
Ireland,IRL,2016,32.8,Europe & Central Asia,64129.5571542383,4762722.0
Ireland,IRL,2017,31.4,Europe & Central Asia,72161.4047531385,4827445.0
Ireland,IRL,2018,30.6,Europe & Central Asia,80804.1123164826,4898022.0
Ireland,IRL,2019,30.3,Europe & Central Asia,81827.6688873996,4976456.0
Ireland,IRL,2020,29.2,Europe & Central Asia,86514.0706108754,5039747.0
Ireland,IRL,2021,29.4,Europe & Central Asia,103783.446284479,5110585.0
Ireland,IRL,2022,29.9,Europe & Central Asia,105190.685952731,5212836.0
Ireland,IRL,2023,29.0,Europe & Central Asia,106818.917130804,5311538.0
Israel,ISR,1979,36.3,"Middle East, North Africa, Afghanistan & Pakistan",5968.24843914695,3786000.0
Israel,ISR,1986,36.5,"Middle East, North Africa, Afghanistan & Pakistan",8330.3190555308,4299000.0
Israel,ISR,1992,35.5,"Middle East, North Africa, Afghanistan & Pakistan",15500.4201495689,5123000.0
Israel,ISR,1997,38.1,"Middle East, North Africa, Afghanistan & Pakistan",20457.3857209047,5836000.0
Israel,ISR,2001,38.9,"Middle East, North Africa, Afghanistan & Pakistan",20948.7745727671,6439000.0
Israel,ISR,2002,39.6,"Middle East, North Africa, Afghanistan & Pakistan",19058.7462869465,6570000.0
Israel,ISR,2003,40.7,"Middle East, North Africa, Afghanistan & Pakistan",19624.0321412582,6689700.0
Israel,ISR,2004,41.5,"Middle East, North Africa, Afghanistan & Pakistan",20550.0694706176,6809000.0
Israel,ISR,2005,42.3,"Middle East, North Africa, Afghanistan & Pakistan",21261.7474251846,6930100.0
Israel,ISR,2006,41.6,"Middle East, North Africa, Afghanistan & Pakistan",22499.7541717986,7053700.0
Israel,ISR,2007,41.1,"Middle East, North Africa, Afghanistan & Pakistan",25688.901610248,7180100.0
Israel,ISR,2008,41.6,"Middle East, North Africa, Afghanistan & Pakistan",30231.0191013609,7308800.0
Israel,ISR,2009,42.6,"Middle East, North Africa, Afghanistan & Pakistan",28469.6817348489,7485600.0
Israel,ISR,2010,42.6,"Middle East, North Africa, Afghanistan & Pakistan",31398.9266927022,7623600.0
Israel,ISR,2011,41.5,"Middle East, North Africa, Afghanistan & Pakistan",34476.7252065949,7765800.0
Israel,ISR,2012,41.3,"Middle East, North Africa, Afghanistan & Pakistan",33268.7066672115,7910500.0
Israel,ISR,2013,39.9,"Middle East, North Africa, Afghanistan & Pakistan",36980.622214228,8059500.0
Israel,ISR,2014,39.8,"Middle East, North Africa, Afghanistan & Pakistan",38265.3651949373,8215700.0
Israel,ISR,2015,39.7,"Middle East, North Africa, Afghanistan & Pakistan",36138.13561386,8380100.0
Israel,ISR,2016,39.0,"Middle East, North Africa, Afghanistan & Pakistan",37571.2561196275,8546000.0
Israel,ISR,2017,38.2,"Middle East, North Africa, Afghanistan & Pakistan",41013.2575323519,8713300.0
Israel,ISR,2018,38.6,"Middle East, North Africa, Afghanistan & Pakistan",42269.3770257585,8882800.0
Israel,ISR,2019,38.3,"Middle East, North Africa, Afghanistan & Pakistan",44091.8678022544,9054000.0
Israel,ISR,2020,37.8,"Middle East, North Africa, Afghanistan & Pakistan",44590.8237253282,9215100.0
Israel,ISR,2021,37.9,"Middle East, North Africa, Afghanistan & Pakistan",52258.4693499398,9371400.0
Israel,ISR,2022,38.3,"Middle East, North Africa, Afghanistan & Pakistan",54947.2091250715,9557500.0
Italy,ITA,1977,34.0,Europe & Central Asia,4614.21004931651,55955411.0
Italy,ITA,1978,33.3,Europe & Central Asia,5623.42917622719,56155143.0
Italy,ITA,1979,33.3,Europe & Central Asia,7006.39699054556,56317749.0
Italy,ITA,1980,32.9,Europe & Central Asia,8476.41045000836,56433883.0
Italy,ITA,1981,31.6,Europe & Central Asia,7640.40241250516,56501675.0
Italy,ITA,1982,29.2,Europe & Central Asia,7573.93967597775,56543548.0
Italy,ITA,1983,29.8,Europe & Central Asia,7850.62789042275,56564074.0
Italy,ITA,1984,31.3,Europe & Central Asia,7757.55374836822,56576718.0
Italy,ITA,1986,31.2,Europe & Central Asia,11341.0939892903,56596155.0
Italy,ITA,1987,34.2,Europe & Central Asia,14267.5368168757,56601931.0
Italy,ITA,1989,32.1,Europe & Central Asia,16424.4301587005,56671781.0
Italy,ITA,1991,31.1,Europe & Central Asia,22007.1350964074,56758521.0
Italy,ITA,1993,35.1,Europe & Central Asia,18781.9529427137,56831821.0
Italy,ITA,1995,35.2,Europe & Central Asia,20712.1798690324,56844303.0
Italy,ITA,1998,36.7,Europe & Central Asia,22365.1837644545,56906744.0
Italy,ITA,2000,35.2,Europe & Central Asia,20190.0035636084,56942108.0
Italy,ITA,2002,34.7,Europe & Central Asia,22451.3964379368,57089824.0
Italy,ITA,2003,34.9,Europe & Central Asia,27577.5700319855,57399184.0
Italy,ITA,2004,34.3,Europe & Central Asia,31348.1901841445,57828179.0
Italy,ITA,2005,33.8,Europe & Central Asia,32062.723833669,58166682.0
Italy,ITA,2006,33.7,Europe & Central Asia,33537.1286994269,58399861.0
Italy,ITA,2007,32.9,Europe & Central Asia,37826.1754554823,58756247.0
Italy,ITA,2008,33.8,Europe & Central Asia,40828.5795580937,59211181.0
Italy,ITA,2009,33.8,Europe & Central Asia,37099.6133958219,59555454.0
Italy,ITA,2010,34.7,Europe & Central Asia,35856.8625485539,59819407.0
Italy,ITA,2011,35.1,Europe & Central Asia,38432.3742820019,60026841.0
Italy,ITA,2012,35.2,Europe & Central Asia,34854.3949441965,60191247.0
Italy,ITA,2013,34.9,Europe & Central Asia,35701.6746002376,60311613.0
Italy,ITA,2014,34.7,Europe & Central Asia,36028.3494022349,60320707.0
Italy,ITA,2015,35.4,Europe & Central Asia,30639.8829751432,60229605.0
Italy,ITA,2016,35.2,Europe & Central Asia,31391.5692898108,60115223.0
Italy,ITA,2017,35.9,Europe & Central Asia,32844.115660604,60002252.0
Italy,ITA,2018,35.2,Europe & Central Asia,35062.3364176949,59877221.0
Italy,ITA,2019,34.6,Europe & Central Asia,33812.788724868,59729081.0
Italy,ITA,2020,35.2,Europe & Central Asia,32091.4866621366,59438851.0
Italy,ITA,2021,34.8,Europe & Central Asia,36852.5425414951,59133173.0
Italy,ITA,2022,33.7,Europe & Central Asia,35653.9042103495,59013667.0
Italy,ITA,2023,34.3,Europe & Central Asia,39279.699782164,58984216.0
Jamaica,JAM,1988,43.2,Latin America & Caribbean ,1632.01481656159,2345777.0
Jamaica,JAM,1990,41.1,Latin America & Caribbean ,1929.59891905857,2379877.0
Jamaica,JAM,1993,35.7,Latin America & Caribbean ,2220.51518327186,2449916.0
Jamaica,JAM,1996,40.4,Latin America & Caribbean ,2928.89692611996,2524463.0
Jamaica,JAM,1999,44.1,Latin America & Caribbean ,3431.56813468335,2589795.0
Jamaica,JAM,2002,48.3,Latin America & Caribbean ,3680.64551727724,2640572.0
Jamaica,JAM,2004,45.5,Latin America & Caribbean ,3807.56293124552,2672225.0
Jamaica,JAM,2018,35.3,Latin America & Caribbean ,5976.90362644337,2820097.0
Jamaica,JAM,2021,39.9,Latin America & Caribbean ,5625.67806271236,2837682.0
Japan,JPN,2008,34.6,East Asia & Pacific,40294.2081309702,128063000.0
Japan,JPN,2009,33.0,East Asia & Pacific,41678.1783063195,128047000.0
Japan,JPN,2010,31.5,East Asia & Pacific,45378.1378109399,128070000.0
Japan,JPN,2011,33.0,East Asia & Pacific,49122.077634247,127833000.0
Japan,JPN,2012,32.5,East Asia & Pacific,49626.6830327571,127629000.0
Japan,JPN,2013,31.5,East Asia & Pacific,41369.1948479498,127445000.0
Japan,JPN,2014,31.3,East Asia & Pacific,39172.8471161948,127276000.0
Japan,JPN,2015,30.7,East Asia & Pacific,35664.6446110613,127141000.0
Japan,JPN,2016,31.8,East Asia & Pacific,40214.9688631562,127076000.0
Japan,JPN,2017,31.8,East Asia & Pacific,39679.8635262948,126972000.0
Japan,JPN,2018,32.9,East Asia & Pacific,40645.478086519,126811000.0
Japan,JPN,2019,33.0,East Asia & Pacific,41424.8655601543,126633000.0
Japan,JPN,2020,32.3,East Asia & Pacific,41098.9739004553,126261000.0
Jordan,JOR,1986,36.1,"Middle East, North Africa, Afghanistan & Pakistan",2200.10278230881,2909887.0
Jordan,JOR,1992,43.1,"Middle East, North Africa, Afghanistan & Pakistan",1286.6347360596,4127693.0
Jordan,JOR,1997,36.4,"Middle East, North Africa, Afghanistan & Pakistan",1435.87593846863,5046285.0
Jordan,JOR,2002,37.0,"Middle East, North Africa, Afghanistan & Pakistan",1706.26744384401,5616066.0
Jordan,JOR,2006,33.9,"Middle East, North Africa, Afghanistan & Pakistan",2342.63459574933,6427371.0
Jordan,JOR,2008,32.6,"Middle East, North Africa, Afghanistan & Pakistan",3669.83012701745,6989866.0
Jordan,JOR,2010,33.7,"Middle East, North Africa, Afghanistan & Pakistan",4139.04283161368,7297043.0
Kazakhstan,KAZ,1993,32.7,Europe & Central Asia,1355.13493859139,17274487.0
Kazakhstan,KAZ,1996,35.4,Europe & Central Asia,1281.39152895397,16416027.0
Kazakhstan,KAZ,2001,36.0,Europe & Central Asia,1422.27331810957,15575550.0
Kazakhstan,KAZ,2002,34.8,Europe & Central Asia,1573.55219932325,15656677.0
Kazakhstan,KAZ,2003,33.7,Europe & Central Asia,1958.02050246511,15747380.0
Kazakhstan,KAZ,2004,31.8,Europe & Central Asia,2722.47407755402,15850159.0
Kazakhstan,KAZ,2005,39.8,Europe & Central Asia,3577.35804001782,15968117.0
Kazakhstan,KAZ,2006,30.2,Europe & Central Asia,5030.13494711519,16103716.0
Kazakhstan,KAZ,2007,30.1,Europe & Central Asia,6449.43931096532,16257214.0
Kazakhstan,KAZ,2008,28.5,Europe & Central Asia,8123.54705891736,16426525.0
Kazakhstan,KAZ,2009,28.2,Europe & Central Asia,6938.01175663001,16619846.0
Kazakhstan,KAZ,2010,28.0,Europe & Central Asia,8793.07589980782,16836810.0
Kazakhstan,KAZ,2011,28.0,Europe & Central Asia,11287.1464926039,17066002.0
Kazakhstan,KAZ,2012,28.2,Europe & Central Asia,12018.7966527993,17306106.0
Kazakhstan,KAZ,2013,27.1,Europe & Central Asia,13478.459627612,17556502.0
Kazakhstan,KAZ,2014,27.0,Europe & Central Asia,12427.7094576939,17816285.0
Kazakhstan,KAZ,2015,26.8,Europe & Central Asia,10196.1226255982,18084169.0
Kazakhstan,KAZ,2016,27.2,Europe & Central Asia,7475.56688689424,18363600.0
Kazakhstan,KAZ,2017,27.5,Europe & Central Asia,8943.08416791984,18651931.0
Kazakhstan,KAZ,2018,27.8,Europe & Central Asia,9472.48527327758,18932727.0
Kazakhstan,KAZ,2019,28.0,Europe & Central Asia,9457.12614657136,19209555.0
Kazakhstan,KAZ,2020,28.7,Europe & Central Asia,8781.50797787648,19482117.0
Kazakhstan,KAZ,2021,29.2,Europe & Central Asia,9983.60103576902,19743603.0
Kenya,KEN,1992,56.9,Sub-Saharan Africa ,336.68139978696,24382460.0
Kenya,KEN,1994,43.1,Sub-Saharan Africa ,276.447871981244,25857130.0
Kenya,KEN,1997,45.0,Sub-Saharan Africa ,466.723814611399,28101768.0
Kenya,KEN,2005,46.4,Sub-Saharan Africa ,523.456312433863,35796484.0
Kenya,KEN,2015,40.8,Sub-Saharan Africa ,1489.11959777284,47088526.0
Kenya,KEN,2020,36.2,Sub-Saharan Africa ,1927.66459027849,52217334.0
Kenya,KEN,2021,38.7,Sub-Saharan Africa ,2061.35622089594,53219166.0
Kenya,KEN,2022,38.5,Sub-Saharan Africa ,2109.56288513137,54252461.0
Kiribati,KIR,2006,37.0,East Asia & Pacific,1123.19258990684,100017.0
Kiribati,KIR,2019,27.8,East Asia & Pacific,1750.24040333237,123921.0
Kiribati,KIR,2023,24.7,East Asia & Pacific,2200.68918614289,132530.0
"Korea, Rep.",KOR,2006,31.7,East Asia & Pacific,22609.7059431449,48438292.0
"Korea, Rep.",KOR,2008,32.3,East Asia & Pacific,22252.3125108061,49054708.0
"Korea, Rep.",KOR,2010,32.0,East Asia & Pacific,24071.2620526362,49554112.0
"Korea, Rep.",KOR,2012,31.6,East Asia & Pacific,26600.5477433903,50199853.0
"Korea, Rep.",KOR,2014,31.2,East Asia & Pacific,30667.0912467447,50746659.0
"Korea, Rep.",KOR,2016,35.2,East Asia & Pacific,30832.0628072516,51217803.0
"Korea, Rep.",KOR,2017,34.9,East Asia & Pacific,33296.9845439195,51361911.0
"Korea, Rep.",KOR,2018,33.7,East Asia & Pacific,35363.9508228687,51585058.0
"Korea, Rep.",KOR,2019,33.2,East Asia & Pacific,33826.9443301597,51764822.0
"Korea, Rep.",KOR,2020,32.7,East Asia & Pacific,33645.7719545073,51836239.0
"Korea, Rep.",KOR,2021,32.9,East Asia & Pacific,37518.4635305697,51769539.0
Kosovo,XKX,2009,31.8,Europe & Central Asia,2805.94692985371,1794681.0
Kosovo,XKX,2010,33.3,Europe & Central Asia,2987.54523493128,1788743.0
Kosovo,XKX,2011,27.8,Europe & Central Asia,3538.94809762524,1791949.0
Kosovo,XKX,2012,29.0,Europe & Central Asia,3410.65497983011,1807126.0
Kosovo,XKX,2013,26.3,Europe & Central Asia,3704.55812411167,1818119.0
Kosovo,XKX,2014,27.3,Europe & Central Asia,3902.49322261901,1812788.0
Kosovo,XKX,2015,26.5,Europe & Central Asia,3520.62685324451,1788274.0
Kosovo,XKX,2016,26.7,Europe & Central Asia,3759.44777525332,1777568.0
Kosovo,XKX,2017,44.2,Europe & Central Asia,4009.32022064732,1791019.0
Kosovo,XKX,2018,44.6,Europe & Central Asia,4384.18796440547,1797086.0
Kosovo,XKX,2019,40.2,Europe & Central Asia,4415.6992744623,1788891.0
Kosovo,XKX,2020,57.4,Europe & Central Asia,4320.58382547288,1790151.0
Kosovo,XKX,2021,49.4,Europe & Central Asia,5269.69946181439,1786079.0
Kosovo,XKX,2022,38.3,Europe & Central Asia,5298.1473871027,1768096.0
Kyrgyz Republic,KGZ,1998,46.3,Europe & Central Asia,345.137046084246,4769015.0
Kyrgyz Republic,KGZ,2000,31.0,Europe & Central Asia,279.621738464365,4898362.0
Kyrgyz Republic,KGZ,2001,30.2,Europe & Central Asia,308.41129550148,4945073.0
Kyrgyz Republic,KGZ,2002,30.3,Europe & Central Asia,321.726775366804,4990704.0
Kyrgyz Republic,KGZ,2003,28.7,Europe & Central Asia,380.505828812441,5043308.0
Kyrgyz Republic,KGZ,2004,34.8,Europe & Central Asia,433.233873286,5104713.0
Kyrgyz Republic,KGZ,2005,32.6,Europe & Central Asia,476.548193640077,5162640.0
Kyrgyz Republic,KGZ,2006,37.4,Europe & Central Asia,543.113512472219,5218373.0
Kyrgyz Republic,KGZ,2007,33.9,Europe & Central Asia,721.771577544361,5268385.0
Kyrgyz Republic,KGZ,2008,31.5,Europe & Central Asia,966.388569370494,5318729.0
Kyrgyz Republic,KGZ,2009,29.9,Europe & Central Asia,870.198894546917,5389643.0
Kyrgyz Republic,KGZ,2010,30.1,Europe & Central Asia,876.954476440354,5467059.0
Kyrgyz Republic,KGZ,2011,27.8,Europe & Central Asia,1117.40174350185,5546587.0
Kyrgyz Republic,KGZ,2012,27.4,Europe & Central Asia,1168.62244675446,5652076.0
Kyrgyz Republic,KGZ,2013,28.8,Europe & Central Asia,1269.66303464348,5777150.0
Kyrgyz Republic,KGZ,2014,26.8,Europe & Central Asia,1264.52668823891,5905848.0
Kyrgyz Republic,KGZ,2015,29.0,Europe & Central Asia,1105.65193844261,6040036.0
Kyrgyz Republic,KGZ,2016,26.8,Europe & Central Asia,1103.27489428412,6175338.0
Kyrgyz Republic,KGZ,2017,27.3,Europe & Central Asia,1221.39046807082,6306696.0
Kyrgyz Republic,KGZ,2018,27.7,Europe & Central Asia,1283.5203037417,6444079.0
Kyrgyz Republic,KGZ,2019,29.7,Europe & Central Asia,1421.99927504102,6590211.0
Kyrgyz Republic,KGZ,2020,29.0,Europe & Central Asia,1229.51766602907,6726596.0
Kyrgyz Republic,KGZ,2021,28.8,Europe & Central Asia,1349.99730650542,6851224.0
Kyrgyz Republic,KGZ,2022,26.4,Europe & Central Asia,1739.72018344174,6975220.0
Kyrgyz Republic,KGZ,2023,27.2,Europe & Central Asia,2138.22210211478,7099750.0
Kyrgyz Republic,KGZ,2024,27.5,Europe & Central Asia,2514.81066933171,7221868.0
Lao PDR,LAO,1992,34.3,East Asia & Pacific,247.345286150532,4559646.0
Lao PDR,LAO,1997,34.9,East Asia & Pacific,339.09319241187,5152011.0
Lao PDR,LAO,2002,32.6,East Asia & Pacific,313.350817148131,5610889.0
Lao PDR,LAO,2007,35.4,East Asia & Pacific,697.323013673925,6056236.0
Lao PDR,LAO,2012,36.0,East Asia & Pacific,1563.5650771337,6518978.0
Lao PDR,LAO,2018,38.8,East Asia & Pacific,2545.1075420815,7128045.0
Lao PDR,LAO,2024,34.7,East Asia & Pacific,2123.97909415109,7769819.0
Latvia,LVA,1995,31.0,Europe & Central Asia,2256.77360387054,2485056.0
Latvia,LVA,1996,31.6,Europe & Central Asia,2360.1714816213,2457222.0
Latvia,LVA,1997,34.4,Europe & Central Asia,2609.89308697195,2432851.0
Latvia,LVA,1998,33.3,Europe & Central Asia,2893.79998716563,2410019.0
Latvia,LVA,2002,35.1,Europe & Central Asia,4003.60935783538,2310173.0
Latvia,LVA,2003,36.5,Europe & Central Asia,4914.57992829302,2287955.0
Latvia,LVA,2004,36.4,Europe & Central Asia,6109.73265186817,2263122.0
Latvia,LVA,2005,39.0,Europe & Central Asia,7283.78738127622,2238799.0
Latvia,LVA,2006,35.6,Europe & Central Asia,9211.7374468148,2218357.0
Latvia,LVA,2007,37.5,Europe & Central Asia,13370.9789452508,2200325.0
Latvia,LVA,2008,37.2,Europe & Central Asia,15677.6080864506,2177322.0
Latvia,LVA,2009,35.9,Europe & Central Asia,11996.0322729773,2141669.0
Latvia,LVA,2010,35.0,Europe & Central Asia,11188.4191700977,2097555.0
Latvia,LVA,2011,35.8,Europe & Central Asia,12902.574053337,2059709.0
Latvia,LVA,2012,35.2,Europe & Central Asia,13329.3499931271,2034319.0
Latvia,LVA,2013,35.5,Europe & Central Asia,14484.4715282132,2012647.0
Latvia,LVA,2014,35.1,Europe & Central Asia,15185.814581236,1993782.0
Latvia,LVA,2015,34.2,Europe & Central Asia,13321.9753140616,1977527.0
Latvia,LVA,2016,34.3,Europe & Central Asia,13838.5266823272,1959537.0
Latvia,LVA,2017,35.6,Europe & Central Asia,15132.4958333982,1942248.0
Latvia,LVA,2018,35.1,Europe & Central Asia,17252.1710428626,1927174.0
Latvia,LVA,2019,34.5,Europe & Central Asia,17294.9751600969,1913822.0
Latvia,LVA,2020,35.7,Europe & Central Asia,17564.2321549354,1900449.0
Latvia,LVA,2021,34.3,Europe & Central Asia,20261.8887788916,1884490.0
Latvia,LVA,2022,33.7,Europe & Central Asia,20221.103686109,1879383.0
Latvia,LVA,2023,34.0,Europe & Central Asia,22710.2637544197,1883710.0
Lebanon,LBN,2011,31.8,"Middle East, North Africa, Afghanistan & Pakistan",7834.96257108993,5096020.0
Lebanon,LBN,2022,35.5,"Middle East, North Africa, Afghanistan & Pakistan",3654.35845534878,5744489.0
Lesotho,LSO,1986,56.0,Sub-Saharan Africa ,191.375758184053,1666138.0
Lesotho,LSO,1994,63.0,Sub-Saharan Africa ,455.593586203956,1927707.0
Lesotho,LSO,2002,51.2,Sub-Saharan Africa ,388.92334985135,1994679.0
Lesotho,LSO,2017,44.9,Sub-Saharan Africa ,1069.36673247542,2157110.0
Liberia,LBR,2007,36.4,Sub-Saharan Africa ,374.211308104278,3669050.0
Liberia,LBR,2014,33.2,Sub-Saharan Africa ,706.714490064507,4564293.0
Liberia,LBR,2016,35.3,Sub-Saharan Africa ,714.613063145659,4755608.0
Lithuania,LTU,1996,32.3,Europe & Central Asia,2340.67545970008,3601613.0
Lithuania,LTU,1998,32.1,Europe & Central Asia,3180.64498555255,3549331.0
Lithuania,LTU,1999,32.0,Europe & Central Asia,3127.51176667183,3524238.0
Lithuania,LTU,2000,31.7,Europe & Central Asia,3300.63634928559,3499536.0
Lithuania,LTU,2001,32.0,Europe & Central Asia,3532.52787363242,3470818.0
Lithuania,LTU,2002,31.9,Europe & Central Asia,4148.13091485015,3443067.0
Lithuania,LTU,2003,35.5,Europe & Central Asia,5507.47434187652,3415213.0
Lithuania,LTU,2004,37.0,Europe & Central Asia,6734.57487061946,3377075.0
Lithuania,LTU,2005,35.3,Europe & Central Asia,7857.03148786492,3322528.0
Lithuania,LTU,2006,34.4,Europe & Central Asia,9210.10118229413,3269909.0
Lithuania,LTU,2007,34.8,Europe & Central Asia,12295.1212779366,3231294.0
Lithuania,LTU,2008,35.7,Europe & Central Asia,14955.5345462921,3198231.0
Lithuania,LTU,2009,37.2,Europe & Central Asia,11854.3711053096,3162916.0
Lithuania,LTU,2010,33.6,Europe & Central Asia,11829.122609457,3097282.0
Lithuania,LTU,2011,32.5,Europe & Central Asia,14261.8433787325,3028115.0
Lithuania,LTU,2012,35.1,Europe & Central Asia,14288.1853493139,2989139.0
Lithuania,LTU,2013,35.3,Europe & Central Asia,15636.5252586048,2961250.0
Lithuania,LTU,2014,37.7,Europe & Central Asia,16446.1647181663,2937253.0
Lithuania,LTU,2015,37.4,Europe & Central Asia,14269.8039878287,2911109.0
Lithuania,LTU,2016,38.4,Europe & Central Asia,14934.2702840428,2877325.0
Lithuania,LTU,2017,37.3,Europe & Central Asia,16800.1510246099,2842639.0
Lithuania,LTU,2018,35.7,Europe & Central Asia,19247.2315367967,2819200.0
Lithuania,LTU,2019,35.3,Europe & Central Asia,19608.7943945553,2811089.0
Lithuania,LTU,2020,36.0,Europe & Central Asia,20428.6478157394,2810369.0
Lithuania,LTU,2021,36.7,Europe & Central Asia,23882.8668916753,2808380.0
Lithuania,LTU,2022,36.6,Europe & Central Asia,24946.5724005188,2831639.0
Lithuania,LTU,2023,36.0,Europe & Central Asia,27983.3658256887,2871585.0
Luxembourg,LUX,1985,26.3,Europe & Central Asia,12481.9658448559,366706.0
Luxembourg,LUX,1986,28.1,Europe & Central Asia,18149.8692500239,368355.0
Luxembourg,LUX,1987,29.5,Europe & Central Asia,22443.4314633012,370750.0
Luxembourg,LUX,1988,28.8,Europe & Central Asia,25219.3542781732,373450.0
Luxembourg,LUX,1989,30.8,Europe & Central Asia,26618.0695774968,377100.0
Luxembourg,LUX,1990,27.7,Europe & Central Asia,33465.478207919,381850.0
Luxembourg,LUX,1991,27.2,Europe & Central Asia,35747.3377992066,387000.0
Luxembourg,LUX,1992,27.3,Europe & Central Asia,39570.8615665986,392175.0
Luxembourg,LUX,1993,27.0,Europe & Central Asia,40066.7242518773,397475.0
Luxembourg,LUX,1994,28.2,Europe & Central Asia,43933.235442736,402925.0
Luxembourg,LUX,1995,28.3,Europe & Central Asia,51032.349635318,408625.0
Luxembourg,LUX,1996,29.1,Europe & Central Asia,50444.3591236175,414225.0
Luxembourg,LUX,1997,29.6,Europe & Central Asia,46641.6408754876,419450.0
Luxembourg,LUX,1998,30.6,Europe & Central Asia,47445.3863148198,424700.0
Luxembourg,LUX,1999,30.1,Europe & Central Asia,50872.4492684624,430475.0
Luxembourg,LUX,2000,30.1,Europe & Central Asia,48659.6390968187,436300.0
Luxembourg,LUX,2001,30.9,Europe & Central Asia,48440.1805564662,441525.0
Luxembourg,LUX,2002,31.1,Europe & Central Asia,53005.731801629,446175.0
Luxembourg,LUX,2003,30.2,Europe & Central Asia,65689.3214536911,451630.0
Luxembourg,LUX,2004,30.2,Europe & Central Asia,76544.9170868473,458095.0
Luxembourg,LUX,2005,30.8,Europe & Central Asia,80988.2044869403,465158.0
Luxembourg,LUX,2006,30.9,Europe & Central Asia,90788.8164271049,472637.0
Luxembourg,LUX,2007,31.1,Europe & Central Asia,107475.320297978,479993.0
Luxembourg,LUX,2008,32.6,Europe & Central Asia,120422.137934157,488650.0
Luxembourg,LUX,2009,31.2,Europe & Central Asia,109419.746953106,497783.0
Luxembourg,LUX,2010,30.5,Europe & Central Asia,110885.991378721,506953.0
Luxembourg,LUX,2011,32.1,Europe & Central Asia,119025.057203467,518347.0
Luxembourg,LUX,2012,34.3,Europe & Central Asia,112584.676270958,530946.0
Luxembourg,LUX,2013,32.0,Europe & Central Asia,120000.140729859,543360.0
Luxembourg,LUX,2014,31.2,Europe & Central Asia,123678.706919314,556319.0
Luxembourg,LUX,2015,32.9,Europe & Central Asia,105462.012584423,569604.0
Luxembourg,LUX,2016,31.7,Europe & Central Asia,106899.293549552,582014.0
Luxembourg,LUX,2017,34.5,Europe & Central Asia,110193.213797228,596336.0
Luxembourg,LUX,2018,35.4,Europe & Central Asia,116926.759593905,607950.0
Luxembourg,LUX,2019,34.2,Europe & Central Asia,112696.649059674,620001.0
Luxembourg,LUX,2020,33.4,Europe & Central Asia,116860.02817236,630419.0
Luxembourg,LUX,2021,32.7,Europe & Central Asia,134965.815442152,640064.0
Luxembourg,LUX,2022,34.1,Europe & Central Asia,123719.658915996,653103.0
Luxembourg,LUX,2023,33.6,Europe & Central Asia,133230.619178899,666430.0
Madagascar,MDG,1980,46.8,Sub-Saharan Africa ,577.592700958515,9006032.0
Madagascar,MDG,1993,45.2,Sub-Saharan Africa ,307.887603096441,13197345.0
Madagascar,MDG,1997,39.4,Sub-Saharan Africa ,284.371843967244,14990814.0
Madagascar,MDG,1999,38.6,Sub-Saharan Africa ,267.360530991414,16000506.0
Madagascar,MDG,2001,47.4,Sub-Saharan Africa ,319.283278235657,17032939.0
Madagascar,MDG,2005,39.9,Sub-Saharan Africa ,305.812074924388,19159707.0
Madagascar,MDG,2010,42.4,Sub-Saharan Africa ,450.009391645726,22183340.0
Madagascar,MDG,2012,42.6,Sub-Saharan Africa ,493.511162904211,23462438.0
Madagascar,MDG,2021,36.8,Sub-Saharan Africa ,483.469463351195,29691083.0
Malawi,MWI,1997,65.8,Sub-Saharan Africa ,366.954461274104,10562035.0
Malawi,MWI,2004,39.9,Sub-Saharan Africa ,404.674248445428,12500737.0
Malawi,MWI,2010,45.5,Sub-Saharan Africa ,683.124694716799,14826463.0
Malawi,MWI,2016,44.7,Sub-Saharan Africa ,450.506105510719,17557739.0
Malawi,MWI,2019,38.5,Sub-Saharan Africa ,580.889139762475,19025752.0
Malaysia,MYS,1984,48.5,East Asia & Pacific,2299.80870816235,14759009.0
Malaysia,MYS,1987,47.0,East Asia & Pacific,1977.1290866202,16276737.0
Malaysia,MYS,1989,46.2,East Asia & Pacific,2243.60219599914,17314997.0
Malaysia,MYS,1992,47.7,East Asia & Pacific,3141.43321987651,18834572.0
Malaysia,MYS,1995,48.5,East Asia & Pacific,4363.14458333034,20330599.0
Malaysia,MYS,1997,49.1,East Asia & Pacific,4678.56390058182,21375218.0
Malaysia,MYS,2003,46.4,East Asia & Pacific,4465.32194567208,24679602.0
Malaysia,MYS,2006,44.8,East Asia & Pacific,6158.40785533236,26417909.0
Malaysia,MYS,2008,45.5,East Asia & Pacific,8371.82156086005,27570059.0
Malaysia,MYS,2011,43.6,East Asia & Pacific,10217.1068585031,29162039.0
Malaysia,MYS,2013,41.3,East Asia & Pacific,10713.6407638899,30174265.0
Malaysia,MYS,2015,41.1,East Asia & Pacific,9648.6797937523,31232798.0
Malaysia,MYS,2018,41.2,East Asia & Pacific,10901.8019954421,32910967.0
Malaysia,MYS,2021,40.7,East Asia & Pacific,10903.1037480772,34282399.0
Maldives,MDV,2002,41.3,South Asia,3076.07007160101,291616.0
Maldives,MDV,2009,38.4,South Asia,6734.03165601895,348275.0
Maldives,MDV,2016,31.3,South Asia,9947.80744731739,443308.0
Maldives,MDV,2019,29.3,South Asia,11740.2724029785,487731.0
Mali,MLI,1994,50.1,Sub-Saharan Africa ,266.455340175594,9967031.0
Mali,MLI,2001,39.9,Sub-Saharan Africa ,346.224554248587,11912158.0
Mali,MLI,2006,38.9,Sub-Saharan Africa ,586.985415512593,13990139.0
Mali,MLI,2009,33.0,Sub-Saharan Africa ,787.48256428259,15435539.0
Mali,MLI,2018,36.0,Sub-Saharan Africa ,996.379292136901,20442030.0
Mali,MLI,2021,35.7,Sub-Saharan Africa ,1027.27345365357,22388630.0
Malta,MLT,2006,28.0,"Middle East, North Africa, Afghanistan & Pakistan",16653.6038312389,405308.0
Malta,MLT,2007,29.2,"Middle East, North Africa, Afghanistan & Pakistan",19444.1743635565,406724.0
Malta,MLT,2008,29.0,"Middle East, North Africa, Afghanistan & Pakistan",22405.6426266551,409379.0
Malta,MLT,2009,30.2,"Middle East, North Africa, Afghanistan & Pakistan",21261.5428699817,412477.0
Malta,MLT,2010,29.0,"Middle East, North Africa, Afghanistan & Pakistan",21946.6073066905,414508.0
Malta,MLT,2011,29.1,"Middle East, North Africa, Afghanistan & Pakistan",23516.972445816,416268.0
Malta,MLT,2012,29.4,"Middle East, North Africa, Afghanistan & Pakistan",22878.3095862582,420028.0
Malta,MLT,2013,28.8,"Middle East, North Africa, Afghanistan & Pakistan",25415.5525389054,424810.0
Malta,MLT,2014,29.0,"Middle East, North Africa, Afghanistan & Pakistan",27424.5693619702,433481.0
Malta,MLT,2015,29.4,"Middle East, North Africa, Afghanistan & Pakistan",25529.6693210673,444220.0
Malta,MLT,2016,29.1,"Middle East, North Africa, Afghanistan & Pakistan",26459.0644285369,454505.0
Malta,MLT,2017,29.2,"Middle East, North Africa, Afghanistan & Pakistan",30317.2611769875,467106.0
Malta,MLT,2018,28.7,"Middle East, North Africa, Afghanistan & Pakistan",33382.280781103,483903.0
Malta,MLT,2019,31.0,"Middle East, North Africa, Afghanistan & Pakistan",32421.9087471186,503912.0
Malta,MLT,2020,31.4,"Middle East, North Africa, Afghanistan & Pakistan",31823.422001724,515490.0
Malta,MLT,2021,31.6,"Middle East, North Africa, Afghanistan & Pakistan",38078.0064279067,518150.0
Malta,MLT,2022,34.6,"Middle East, North Africa, Afghanistan & Pakistan",35658.8318250199,531113.0
Malta,MLT,2023,31.8,"Middle East, North Africa, Afghanistan & Pakistan",40932.5238774461,552747.0
Marshall Islands,MHL,2019,35.5,East Asia & Pacific,5292.33985502306,44007.0
Mauritania,MRT,1987,43.9,Sub-Saharan Africa ,745.787178962507,1803014.0
Mauritania,MRT,1993,49.5,Sub-Saharan Africa ,849.620301696661,2174328.0
Mauritania,MRT,1995,37.7,Sub-Saharan Africa ,904.719170071042,2312017.0
Mauritania,MRT,2000,39.0,Sub-Saharan Africa ,680.911061879778,2613441.0
Mauritania,MRT,2004,40.2,Sub-Saharan Africa ,823.554457141893,2868664.0
Mauritania,MRT,2008,35.7,Sub-Saharan Africa ,1635.5630623124,3183269.0
Mauritania,MRT,2014,32.6,Sub-Saharan Africa ,1718.97089374709,3848514.0
Mauritania,MRT,2019,32.0,Sub-Saharan Africa ,1767.072710621,4467708.0
Mauritius,MUS,2006,35.7,Sub-Saharan Africa ,5784.22491883026,1233996.0
Mauritius,MUS,2012,38.5,Sub-Saharan Africa ,9421.52514098225,1255882.0
Mauritius,MUS,2017,36.8,Sub-Saharan Africa ,10986.7034093005,1264887.0
Mexico,MEX,1984,48.5,Latin America & Caribbean ,2506.30742754755,73506846.0
Mexico,MEX,1989,50.1,Latin America & Caribbean ,2725.05572275442,81247182.0
Mexico,MEX,1992,52.3,Latin America & Caribbean ,4220.56643677057,86044809.0
Mexico,MEX,1994,53.4,Latin America & Caribbean ,6202.36588372862,89259205.0
Mexico,MEX,1996,52.0,Latin America & Caribbean ,4674.36792733681,92452702.0
Mexico,MEX,1998,53.3,Latin America & Caribbean ,5832.69342004468,95575245.0
Mexico,MEX,2000,53.4,Latin America & Caribbean ,7524.0271380091,98625552.0
Mexico,MEX,2002,50.6,Latin America & Caribbean ,7983.03398381759,101548624.0
Mexico,MEX,2004,50.3,Latin America & Caribbean ,7849.66759649565,104394131.0
Mexico,MEX,2005,50.9,Latin America & Caribbean ,8671.75891798441,105811504.0
Mexico,MEX,2006,49.7,Latin America & Caribbean ,9512.63575346699,107253666.0
Mexico,MEX,2008,50.8,Latin America & Caribbean ,10523.7685427665,110374288.0
Mexico,MEX,2010,47.7,Latin America & Caribbean ,9728.80078307432,113623895.0
Mexico,MEX,2012,49.6,Latin America & Caribbean ,10744.1335236186,116818208.0
Mexico,MEX,2014,48.9,Latin America & Caribbean ,11391.3773503964,119784261.0
Mexico,MEX,2016,46.9,Latin America & Caribbean ,9097.92397674769,122251351.0
Mexico,MEX,2018,46.0,Latin America & Caribbean ,10084.7937570364,124573711.0
Mexico,MEX,2020,44.6,Latin America & Caribbean ,8841.27074929751,126799054.0
Mexico,MEX,2022,43.5,Latin America & Caribbean ,11405.7940469896,128613117.0
Mexico,MEX,2024,42.6,Latin America & Caribbean ,13988.0423745241,130861007.0
"Micronesia, Fed. Sts.",FSM,2005,42.4,East Asia & Pacific,2216.9963738197,111412.0
"Micronesia, Fed. Sts.",FSM,2013,40.1,East Asia & Pacific,2904.1536796737,108121.0
Moldova,MDA,1997,36.9,Europe & Central Asia,657.29213459795,2936413.0
Moldova,MDA,1998,39.5,Europe & Central Asia,578.734627562193,2935227.0
Moldova,MDA,1999,42.6,Europe & Central Asia,399.499818596336,2930622.0
Moldova,MDA,2000,36.4,Europe & Central Asia,440.538683980372,2924668.0
Moldova,MDA,2001,38.0,Europe & Central Asia,507.404076252819,2918135.0
Moldova,MDA,2002,35.8,Europe & Central Asia,570.799866188293,2911385.0
Moldova,MDA,2003,34.9,Europe & Central Asia,682.319095965299,2903198.0
Moldova,MDA,2004,35.0,Europe & Central Asia,897.178494749468,2896023.0
Moldova,MDA,2005,36.3,Europe & Central Asia,1034.39197746993,2888985.0
Moldova,MDA,2006,35.4,Europe & Central Asia,1183.02481442894,2880967.0
Moldova,MDA,2007,34.4,Europe & Central Asia,1531.21618590748,2874299.0
Moldova,MDA,2008,34.7,Europe & Central Asia,2110.55305353857,2868833.0
Moldova,MDA,2009,32.9,Europe & Central Asia,1898.43975710988,2865213.0
Moldova,MDA,2010,32.1,Europe & Central Asia,2436.79935102421,2862354.0
Moldova,MDA,2011,30.6,Europe & Central Asia,2941.36224066021,2860699.0
Moldova,MDA,2012,29.2,Europe & Central Asia,3044.8084324815,2860324.0
Moldova,MDA,2013,28.5,Europe & Central Asia,3321.04397795719,2859558.0
Moldova,MDA,2014,26.8,Europe & Central Asia,3289.95758568777,2857815.0
Moldova,MDA,2015,27.0,Europe & Central Asia,2749.55137054338,2835978.0
Moldova,MDA,2016,26.3,Europe & Central Asia,2847.08794770479,2803186.0
Moldova,MDA,2017,25.9,Europe & Central Asia,3453.26727720294,2755189.0
Moldova,MDA,2018,25.7,Europe & Central Asia,4156.44981956646,2707203.0
Moldova,MDA,2019,26.0,Europe & Central Asia,4405.33418162155,2664224.0
Moldova,MDA,2020,25.0,Europe & Central Asia,4375.7788930524,2635130.0
Moldova,MDA,2021,25.7,Europe & Central Asia,5274.60582195352,2595809.0
Moldova,MDA,2022,25.9,Europe & Central Asia,5744.29618434435,2528654.0
Moldova,MDA,2023,26.8,Europe & Central Asia,6799.58594644576,2457783.0
Mongolia,MNG,1995,33.2,East Asia & Pacific,652.67456284915,2224945.0
Mongolia,MNG,1998,30.3,East Asia & Pacific,483.878066074871,2323809.0
Mongolia,MNG,2002,32.9,East Asia & Pacific,570.249213248399,2449027.0
Mongolia,MNG,2007,35.8,East Asia & Pacific,1627.68787743359,2601850.0
Mongolia,MNG,2010,33.1,East Asia & Pacific,2625.21881402433,2738622.0
Mongolia,MNG,2011,33.9,East Asia & Pacific,3736.04201455077,2786317.0
Mongolia,MNG,2012,33.8,East Asia & Pacific,4328.89001905655,2839705.0
Mongolia,MNG,2014,32.0,East Asia & Pacific,4126.23975800524,2963113.0
Mongolia,MNG,2016,32.3,East Asia & Pacific,3619.90026383792,3088856.0
Mongolia,MNG,2018,32.7,East Asia & Pacific,4107.64288528468,3208189.0
Mongolia,MNG,2022,31.4,East Asia & Pacific,4993.51487463495,3433748.0
Montenegro,MNE,2005,30.2,Europe & Central Asia,3675.98851272723,614261.0
Montenegro,MNE,2006,30.0,Europe & Central Asia,4422.55172559508,615025.0
Montenegro,MNE,2007,31.4,Europe & Central Asia,5979.43813180981,615875.0
Montenegro,MNE,2008,30.5,Europe & Central Asia,7390.01481290503,616969.0
Montenegro,MNE,2009,31.0,Europe & Central Asia,6726.67589734408,618294.0
Montenegro,MNE,2010,28.9,Europe & Central Asia,6678.63939560908,619428.0
Montenegro,MNE,2011,30.8,Europe & Central Asia,7265.51771176628,620345.0
Montenegro,MNE,2012,41.2,Europe & Central Asia,6552.47970337373,621418.0
Montenegro,MNE,2013,39.0,Europe & Central Asia,7102.7776714702,622587.0
Montenegro,MNE,2014,38.8,Europe & Central Asia,7342.17147363741,623744.0
Montenegro,MNE,2015,39.0,Europe & Central Asia,6421.00005731419,624651.0
Montenegro,MNE,2016,38.5,Europe & Central Asia,6968.01202883651,625353.0
Montenegro,MNE,2017,36.9,Europe & Central Asia,7674.2856571219,625982.0
Montenegro,MNE,2018,36.8,Europe & Central Asia,8673.59469069858,626438.0
Montenegro,MNE,2019,35.7,Europe & Central Asia,8749.25629734676,626753.0
Montenegro,MNE,2020,35.4,Europe & Central Asia,7555.48699036321,626590.0
Montenegro,MNE,2021,34.3,Europe & Central Asia,9315.86435643142,625053.0
Morocco,MAR,1984,36.5,"Middle East, North Africa, Afghanistan & Pakistan",681.909729003906,21593778.0
Morocco,MAR,1990,39.2,"Middle East, North Africa, Afghanistan & Pakistan",1229.07104492188,24375551.0
Morocco,MAR,1998,39.4,"Middle East, North Africa, Afghanistan & Pakistan",1668.49755859375,27621648.0
Morocco,MAR,2000,40.6,"Middle East, North Africa, Afghanistan & Pakistan",1499.107421875,28423435.0
Morocco,MAR,2006,40.7,"Middle East, North Africa, Afghanistan & Pakistan",2438.12646484375,30771178.0
Morocco,MAR,2013,39.5,"Middle East, North Africa, Afghanistan & Pakistan",3379.7431640625,33787571.0
Mozambique,MOZ,1996,53.3,Sub-Saharan Africa ,244.362651012498,16492480.0
Mozambique,MOZ,2002,46.9,Sub-Saharan Africa ,313.886661721198,18958338.0
Mozambique,MOZ,2008,45.5,Sub-Saharan Africa ,592.159111184122,21819036.0
Mozambique,MOZ,2014,54.0,Sub-Saharan Africa ,697.142680444123,25788475.0
Mozambique,MOZ,2019,50.7,Sub-Saharan Africa ,519.09255091362,29884380.0
Mozambique,MOZ,2022,49.6,Sub-Saharan Africa ,578.273222184503,32656246.0
Myanmar,MMR,2015,38.1,East Asia & Pacific,1166.73305546337,51089056.0
Myanmar,MMR,2017,30.7,East Asia & Pacific,1272.82241830603,51894938.0
Namibia,NAM,1993,71.1,Sub-Saharan Africa ,2154.96473655435,1508697.0
Namibia,NAM,2003,63.3,Sub-Saharan Africa ,2569.24739317883,1917464.0
Namibia,NAM,2009,61.0,Sub-Saharan Africa ,4302.91374148376,2077394.0
Namibia,NAM,2015,59.1,Sub-Saharan Africa ,4774.10650865775,2374300.0
Naoero,NRU,2012,32.4,East Asia & Pacific,9842.77032731856,10267.0
Nepal,NPL,1984,30.1,South Asia,151.078187115939,17085242.0
Nepal,NPL,1995,35.2,South Asia,197.843001330326,22245439.0
Nepal,NPL,2003,43.8,South Asia,246.429706587633,25688758.0
Nepal,NPL,2010,32.8,South Asia,585.278491984574,27341952.0
Nepal,NPL,2022,30.0,South Asia,1385.91066002922,29715436.0
Netherlands,NLD,1983,28.4,Europe & Central Asia,10696.0774958682,14367070.0
Netherlands,NLD,1987,26.8,Europe & Central Asia,16734.1514052316,14665037.0
Netherlands,NLD,1990,31.1,Europe & Central Asia,21322.1944802703,14951510.0
Netherlands,NLD,1993,30.4,Europe & Central Asia,23156.4404444568,15290368.0
Netherlands,NLD,1999,28.1,Europe & Central Asia,28318.7466538357,15812088.0
Netherlands,NLD,2004,29.8,Europe & Central Asia,40611.3414353091,16281779.0
Netherlands,NLD,2005,29.0,Europe & Central Asia,42165.396168388,16319868.0
Netherlands,NLD,2006,30.0,Europe & Central Asia,45123.5432406426,16346101.0
Netherlands,NLD,2007,29.6,Europe & Central Asia,52100.7996285947,16381696.0
Netherlands,NLD,2008,29.3,Europe & Central Asia,58246.7026905874,16445593.0
Netherlands,NLD,2009,27.9,Europe & Central Asia,53172.0261581418,16530388.0
Netherlands,NLD,2010,27.8,Europe & Central Asia,51305.7338533973,16615394.0
Netherlands,NLD,2011,27.8,Europe & Central Asia,54701.7728030611,16693074.0
Netherlands,NLD,2012,27.6,Europe & Central Asia,50473.9442002689,16754962.0
Netherlands,NLD,2013,28.1,Europe & Central Asia,52602.2860520766,16804432.0
Netherlands,NLD,2014,28.6,Europe & Central Asia,53457.2234864322,16865008.0
Netherlands,NLD,2015,28.2,Europe & Central Asia,45793.8135434697,16939923.0
Netherlands,NLD,2016,28.2,Europe & Central Asia,46808.5291492503,17030314.0
Netherlands,NLD,2017,28.5,Europe & Central Asia,49513.6817346384,17131296.0
Netherlands,NLD,2018,28.1,Europe & Central Asia,53955.0770024266,17231624.0
Netherlands,NLD,2019,29.2,Europe & Central Asia,53554.9007491475,17344874.0
Netherlands,NLD,2020,26.0,Europe & Central Asia,53467.9277413737,17441500.0
Netherlands,NLD,2021,25.7,Europe & Central Asia,60141.9880911492,17533044.0
Nicaragua,NIC,1993,57.1,Latin America & Caribbean ,394.378074021071,4453732.0
Nicaragua,NIC,1998,54.4,Latin America & Caribbean ,949.155373494771,4883655.0
Nicaragua,NIC,2001,52.9,Latin America & Caribbean ,1051.874235891,5087825.0
Nicaragua,NIC,2005,48.8,Latin America & Caribbean ,1183.30214010175,5342105.0
Nicaragua,NIC,2009,43.9,Latin America & Caribbean ,1467.08288052845,5656601.0
Nicaragua,NIC,2014,46.2,Latin America & Caribbean ,1958.37047579547,6066492.0
Niger,NER,1992,36.0,Sub-Saharan Africa ,384.029657304316,8817633.0
Niger,NER,1994,41.5,Sub-Saharan Africa ,206.214617135856,9398258.0
Niger,NER,2005,44.4,Sub-Saharan Africa ,318.643121918273,13756192.0
Niger,NER,2007,37.3,Sub-Saharan Africa ,387.168065883301,14803610.0
Niger,NER,2011,31.5,Sub-Saharan Africa ,510.75956176268,17176283.0
Niger,NER,2014,34.3,Sub-Saharan Africa ,565.30989731175,19215909.0
Niger,NER,2018,37.3,Sub-Saharan Africa ,576.927536415462,22188069.0
Niger,NER,2021,32.9,Sub-Saharan Africa ,609.585703670137,24502140.0
Nigeria,NGA,1985,38.7,Sub-Saharan Africa ,868.640540548893,84897973.0
Nigeria,NGA,1992,44.9,Sub-Saharan Africa ,508.515905682785,102372770.0
Nigeria,NGA,1996,51.9,Sub-Saharan Africa ,1632.72469370276,113754779.0
Nigeria,NGA,2003,40.1,Sub-Saharan Africa ,763.388745367223,137202644.0
Nigeria,NGA,2010,35.7,Sub-Saharan Africa ,2202.25672957344,166642886.0
Nigeria,NGA,2012,35.5,Sub-Saharan Africa ,2633.19734671361,176200625.0
Nigeria,NGA,2015,35.9,Sub-Saharan Africa ,2585.73360671797,190671878.0
Nigeria,NGA,2018,35.1,Sub-Saharan Africa ,2057.87944554011,204938755.0
Nigeria,NGA,2022,33.9,Sub-Saharan Africa ,2899.16047469267,223150896.0
North Macedonia,MKD,1998,28.1,Europe & Central Asia,1875.81662735988,2007523.0
North Macedonia,MKD,2000,34.3,Europe & Central Asia,1861.89899780644,2026350.0
North Macedonia,MKD,2002,38.5,Europe & Central Asia,1989.13537265159,2020157.0
North Macedonia,MKD,2003,38.7,Europe & Central Asia,2445.36286400013,2022725.0
North Macedonia,MKD,2004,38.4,Europe & Central Asia,2818.5814561242,2016186.0
North Macedonia,MKD,2005,39.3,Europe & Central Asia,3120.98401394233,2005330.0
North Macedonia,MKD,2006,42.6,Europe & Central Asia,3440.4411057968,1994287.0
North Macedonia,MKD,2008,46.1,Europe & Central Asia,5026.4202989873,1971493.0
North Macedonia,MKD,2009,42.8,Europe & Central Asia,4799.78722768888,1958782.0
North Macedonia,MKD,2010,40.1,Europe & Central Asia,4833.36586759968,1946298.0
North Macedonia,MKD,2011,39.4,Europe & Central Asia,5416.86672931659,1937398.0
North Macedonia,MKD,2012,38.1,Europe & Central Asia,5049.8265386157,1929821.0
North Macedonia,MKD,2013,36.2,Europe & Central Asia,5626.26115664893,1922716.0
North Macedonia,MKD,2014,35.2,Europe & Central Asia,5925.38592218015,1917557.0
North Macedonia,MKD,2015,35.6,Europe & Central Asia,5262.68671928674,1912430.0
North Macedonia,MKD,2016,34.5,Europe & Central Asia,5598.48622617967,1906313.0
North Macedonia,MKD,2017,34.2,Europe & Central Asia,5955.2973863451,1898657.0
North Macedonia,MKD,2018,33.0,Europe & Central Asia,6713.98925398989,1889051.0
North Macedonia,MKD,2019,33.5,Europe & Central Asia,6718.85826635458,1876262.0
Norway,NOR,1979,26.9,Europe & Central Asia,12998.2915999562,4072517.0
Norway,NOR,1986,24.6,Europe & Central Asia,18822.0644903098,4167354.0
Norway,NOR,1991,25.2,Europe & Central Asia,28427.2524217324,4261732.0
Norway,NOR,1995,26.0,Europe & Central Asia,34658.6948344762,4359184.0
Norway,NOR,2000,27.4,Europe & Central Asia,37991.8907576589,4490967.0
Norway,NOR,2003,27.6,Europe & Central Asia,50208.0960234078,4564855.0
Norway,NOR,2004,31.6,Europe & Central Asia,57854.5698169407,4591910.0
Norway,NOR,2005,30.6,Europe & Central Asia,67358.3615969796,4623291.0
Norway,NOR,2006,26.4,Europe & Central Asia,75047.741700385,4660677.0
Norway,NOR,2007,27.1,Europe & Central Asia,86600.2387607877,4709153.0
Norway,NOR,2008,27.0,Europe & Central Asia,99001.5300678626,4768212.0
Norway,NOR,2009,26.2,Europe & Central Asia,81939.726548458,4828726.0
Norway,NOR,2010,25.7,Europe & Central Asia,90020.342257973,4889252.0
Norway,NOR,2011,25.3,Europe & Central Asia,103545.218988177,4953088.0
Norway,NOR,2012,25.7,Europe & Central Asia,104627.93694681,5018573.0
Norway,NOR,2013,26.4,Europe & Central Asia,106333.138368566,5079623.0
Norway,NOR,2014,26.8,Europe & Central Asia,100410.020200979,5137232.0
Norway,NOR,2015,27.5,Europe & Central Asia,77220.9524311414,5188607.0
Norway,NOR,2016,28.5,Europe & Central Asia,73222.4006864905,5234519.0
Norway,NOR,2017,27.0,Europe & Central Asia,78771.2151264554,5276968.0
Norway,NOR,2018,27.6,Europe & Central Asia,85579.0776455494,5311916.0
Norway,NOR,2019,27.7,Europe & Central Asia,79329.3075190012,5347896.0
Norway,NOR,2020,28.4,Europe & Central Asia,71057.5879471399,5379475.0
Norway,NOR,2021,29.1,Europe & Central Asia,96442.5552173002,5408320.0
Norway,NOR,2022,26.9,Europe & Central Asia,113122.130765691,5457127.0
Norway,NOR,2023,26.5,Europe & Central Asia,90984.4087141111,5519601.0
Pakistan,PAK,1987,33.3,"Middle East, North Africa, Afghanistan & Pakistan",317.23867416111,105130717.0
Pakistan,PAK,1990,33.2,"Middle East, North Africa, Afghanistan & Pakistan",344.45547384189,116155576.0
Pakistan,PAK,1996,28.7,"Middle East, North Africa, Afghanistan & Pakistan",456.996961832943,138557092.0
Pakistan,PAK,1998,33.1,"Middle East, North Africa, Afghanistan & Pakistan",424.453697798497,146522356.0
Pakistan,PAK,2001,28.7,"Middle East, North Africa, Afghanistan & Pakistan",609.939506905073,159270907.0
Pakistan,PAK,2004,30.9,"Middle East, North Africa, Afghanistan & Pakistan",771.902247348954,171286000.0
Pakistan,PAK,2005,31.3,"Middle East, North Africa, Afghanistan & Pakistan",827.619861189926,175453212.0
Pakistan,PAK,2007,29.7,"Middle East, North Africa, Afghanistan & Pakistan",998.090114197524,184493231.0
Pakistan,PAK,2010,28.8,"Middle East, North Africa, Afghanistan & Pakistan",987.304571124485,199239047.0
Pakistan,PAK,2011,29.7,"Middle East, North Africa, Afghanistan & Pakistan",1131.73513834324,203746065.0
Pakistan,PAK,2013,29.5,"Middle East, North Africa, Afghanistan & Pakistan",1225.4340119198,211073978.0
Pakistan,PAK,2015,31.3,"Middle East, North Africa, Afghanistan & Pakistan",1380.47020838317,217290883.0
Pakistan,PAK,2018,29.6,"Middle East, North Africa, Afghanistan & Pakistan",1569.33814626355,226928892.0
Pakistan,PAK,2024,33.5,"Middle East, North Africa, Afghanistan & Pakistan",1479.47755241191,251269164.0
Panama,PAN,1979,48.7,Latin America & Caribbean ,1937.98107506361,1911552.0
Panama,PAN,1989,58.5,Latin America & Caribbean ,2462.11022455924,2403820.0
Panama,PAN,1991,58.0,Latin America & Caribbean ,2820.54547665418,2508265.0
Panama,PAN,1995,57.6,Latin America & Caribbean ,3513.89737854631,2724557.0
Panama,PAN,1997,58.1,Latin America & Caribbean ,3545.97670881078,2836695.0
Panama,PAN,1998,57.3,Latin America & Caribbean ,3807.83869182014,2893914.0
Panama,PAN,1999,56.3,Latin America & Caribbean ,3950.34145012809,2951822.0
Panama,PAN,2000,56.6,Latin America & Caribbean ,3975.09308659503,3010369.0
Panama,PAN,2001,56.7,Latin America & Caribbean ,3991.7767076924,3069537.0
Panama,PAN,2002,56.1,Latin America & Caribbean ,4090.58617397129,3129344.0
Panama,PAN,2003,55.6,Latin America & Caribbean ,4264.66428846636,3189807.0
Panama,PAN,2004,54.8,Latin America & Caribbean ,4644.56582353041,3251155.0
Panama,PAN,2005,53.8,Latin America & Caribbean ,5017.7410922824,3313026.0
Panama,PAN,2006,54.6,Latin America & Caribbean ,5528.76705469354,3375024.0
Panama,PAN,2007,52.7,Latin America & Caribbean ,6317.81730274124,3437490.0
Panama,PAN,2008,52.7,Latin America & Caribbean ,7347.59050324397,3500648.0
Panama,PAN,2009,51.8,Latin America & Caribbean ,7796.92617035048,3564381.0
Panama,PAN,2010,51.6,Latin America & Caribbean ,8331.46421351868,3628535.0
Panama,PAN,2011,51.3,Latin America & Caribbean ,9662.29592216607,3693505.0
Panama,PAN,2012,51.7,Latin America & Caribbean ,11064.8063606203,3759256.0
Panama,PAN,2013,51.5,Latin America & Caribbean ,12273.3225037637,3825329.0
Panama,PAN,2014,50.5,Latin America & Caribbean ,13213.1989637473,3892101.0
Panama,PAN,2015,50.8,Latin America & Caribbean ,14082.6548502728,3960035.0
Panama,PAN,2016,50.4,Latin America & Caribbean ,14832.3611608191,4029086.0
Panama,PAN,2017,49.9,Latin America & Caribbean ,15694.6297454295,4098707.0
Panama,PAN,2018,49.2,Latin America & Caribbean ,16151.3273478476,4167860.0
Panama,PAN,2019,49.8,Latin America & Caribbean ,16477.9066285687,4234700.0
Panama,PAN,2021,50.9,Latin America & Caribbean ,15509.8069109784,4345405.0
Panama,PAN,2023,48.9,Latin America & Caribbean ,18797.1933894611,4458759.0
Panama,PAN,2024,49.7,Latin America & Caribbean ,19161.218843129,4515577.0
Papua New Guinea,PNG,1996,45.8,East Asia & Pacific,1071.04185150251,4813361.0
Papua New Guinea,PNG,2009,41.9,East Asia & Pacific,1568.83193368607,7406438.0
Paraguay,PRY,1990,40.8,Latin America & Caribbean ,1440.15829610029,4035747.0
Paraguay,PRY,1995,58.1,Latin America & Caribbean ,1978.71514099575,4579806.0
Paraguay,PRY,1997,54.9,Latin America & Caribbean ,2078.50841313824,4794412.0
Paraguay,PRY,1999,54.6,Latin America & Caribbean ,1766.30657288259,5003135.0
Paraguay,PRY,2001,54.6,Latin America & Caribbean ,1637.68615122932,5187689.0
Paraguay,PRY,2002,57.3,Latin America & Caribbean ,1367.76506935997,5261328.0
Paraguay,PRY,2003,54.9,Latin America & Caribbean ,1443.99885236205,5326436.0
Paraguay,PRY,2004,52.3,Latin America & Caribbean ,1786.21533938543,5388175.0
Paraguay,PRY,2005,51.4,Latin America & Caribbean ,1970.87169852378,5448097.0
Paraguay,PRY,2006,53.0,Latin America & Caribbean ,2439.43124694576,5505148.0
Paraguay,PRY,2007,53.0,Latin America & Caribbean ,3211.93621659546,5559386.0
Paraguay,PRY,2008,50.7,Latin America & Caribbean ,4384.9546943793,5613574.0
Paraguay,PRY,2009,49.1,Latin America & Caribbean ,3941.84815479271,5671236.0
Paraguay,PRY,2010,51.0,Latin America & Caribbean ,4750.96273669322,5737971.0
Paraguay,PRY,2011,52.3,Latin America & Caribbean ,5805.40154543044,5814626.0
Paraguay,PRY,2012,47.6,Latin America & Caribbean ,5642.1699167298,5897008.0
Paraguay,PRY,2013,47.9,Latin America & Caribbean ,6435.68342733182,5982445.0
Paraguay,PRY,2014,50.7,Latin America & Caribbean ,6652.25478942291,6069811.0
Paraguay,PRY,2015,47.6,Latin America & Caribbean ,5879.33792308671,6159103.0
Paraguay,PRY,2016,47.9,Latin America & Caribbean ,5775.1596339946,6249126.0
Paraguay,PRY,2017,48.5,Latin America & Caribbean ,6152.26711537703,6338660.0
Paraguay,PRY,2018,46.0,Latin America & Caribbean ,6258.44991640954,6427382.0
Paraguay,PRY,2019,45.7,Latin America & Caribbean ,5821.18199548637,6515058.0
Paraguay,PRY,2020,43.5,Latin America & Caribbean ,5365.47220721191,6603739.0
Paraguay,PRY,2021,42.9,Latin America & Caribbean ,5974.9057185863,6684182.0
Paraguay,PRY,2022,44.6,Latin America & Caribbean ,6189.10205375331,6760464.0
Paraguay,PRY,2023,44.2,Latin America & Caribbean ,6303.26495017292,6844146.0
Paraguay,PRY,2024,44.2,Latin America & Caribbean ,6456.60723068562,6929153.0
Peru,PER,1985,45.6,Latin America & Caribbean ,767.43588754407,19648204.0
Peru,PER,1994,44.0,Latin America & Caribbean ,1879.36657757919,23881493.0
Peru,PER,1997,53.3,Latin America & Caribbean ,2300.67200774461,25274147.0
Peru,PER,1998,55.1,Latin America & Caribbean ,2156.39377651613,25738095.0
Peru,PER,1999,54.8,Latin America & Caribbean ,1916.53397367908,26186504.0
Peru,PER,2000,49.1,Latin America & Caribbean ,1945.41338451698,26598331.0
Peru,PER,2001,51.3,Latin America & Caribbean ,1929.57273038846,26964601.0
Peru,PER,2002,53.6,Latin America & Caribbean ,2007.37019626753,27288217.0
Peru,PER,2003,53.1,Latin America & Caribbean ,2129.44114197634,27580490.0
Peru,PER,2004,49.9,Latin America & Caribbean ,2397.25147277714,27852190.0
Peru,PER,2005,50.4,Latin America & Caribbean ,2706.66947297608,28101180.0
Peru,PER,2006,50.3,Latin America & Caribbean ,3129.55996496982,28324491.0
Peru,PER,2007,50.0,Latin America & Caribbean ,3581.0893081917,28530699.0
Peru,PER,2008,47.5,Latin America & Caribbean ,4197.58444634142,28719041.0
Peru,PER,2009,47.0,Latin America & Caribbean ,4181.18755462253,28896811.0
Peru,PER,2010,45.5,Latin America & Caribbean ,5072.11494019615,29086019.0
Peru,PER,2011,44.7,Latin America & Caribbean ,5861.35793645245,29304086.0
Peru,PER,2012,44.4,Latin America & Caribbean ,6519.37852981527,29550366.0
Peru,PER,2013,43.9,Latin America & Caribbean ,6746.80025696601,29817919.0
Peru,PER,2014,43.1,Latin America & Caribbean ,6667.13410360861,30115826.0
Peru,PER,2015,43.4,Latin America & Caribbean ,6231.71150338894,30457600.0
Peru,PER,2016,43.6,Latin America & Caribbean ,6217.03599995447,30866494.0
Peru,PER,2017,43.3,Latin America & Caribbean ,6736.16693725487,31324637.0
Peru,PER,2018,42.4,Latin America & Caribbean ,6978.49121548627,31897584.0
Peru,PER,2019,41.5,Latin America & Caribbean ,7037.00803692604,32449303.0
Peru,PER,2020,43.7,Latin America & Caribbean ,6133.32552410183,32838579.0
Peru,PER,2021,40.1,Latin America & Caribbean ,6828.53422535638,33155882.0
Peru,PER,2022,40.3,Latin America & Caribbean ,7353.74598721667,33475438.0
Peru,PER,2023,40.7,Latin America & Caribbean ,7919.04634828547,33845617.0
Peru,PER,2024,40.1,Latin America & Caribbean ,8526.29665719783,34217848.0
Philippines,PHL,1985,41.0,East Asia & Pacific,633.211065310196,55213006.0
Philippines,PHL,1988,40.7,East Asia & Pacific,722.343718454247,59739052.0
Philippines,PHL,1991,43.8,East Asia & Pacific,804.323330530547,64382249.0
Philippines,PHL,1994,42.9,East Asia & Pacific,1059.9838951587,69019291.0
Philippines,PHL,1997,46.0,East Asia & Pacific,1273.27604875636,73908810.0
Philippines,PHL,2000,47.7,East Asia & Pacific,1050.79273107952,79625397.0
Philippines,PHL,2003,46.6,East Asia & Pacific,1027.2301192843,84731835.0
Philippines,PHL,2006,47.2,East Asia & Pacific,1426.14649179546,89508986.0
Philippines,PHL,2009,46.3,East Asia & Pacific,1864.45043406471,94384250.0
Philippines,PHL,2012,46.5,East Asia & Pacific,2614.61644401308,100175512.0
Philippines,PHL,2015,44.6,East Asia & Pacific,2909.85818010301,105312992.0
Philippines,PHL,2018,42.3,East Asia & Pacific,3168.51036609727,109465287.0
Philippines,PHL,2021,40.7,East Asia & Pacific,3484.38593882819,113100950.0
Philippines,PHL,2023,39.3,East Asia & Pacific,3804.08274131718,114891199.0
Poland,POL,1992,29.3,Europe & Central Asia,2459.02068468253,38363667.0
Poland,POL,1993,26.7,Europe & Central Asia,2497.13055936127,38461408.0
Poland,POL,1995,34.6,Europe & Central Asia,3700.95956775144,38594998.0
Poland,POL,1996,32.6,Europe & Central Asia,4163.51195431959,38624370.0
Poland,POL,1998,32.3,Europe & Central Asia,4533.5356551781,38663481.0
Poland,POL,1999,32.3,Europe & Central Asia,4415.50067547826,38660271.0
Poland,POL,2000,33.0,Europe & Central Asia,4520.64100449111,38258629.0
Poland,POL,2001,32.8,Europe & Central Asia,5015.23790036613,38248076.0
Poland,POL,2002,34.1,Europe & Central Asia,5223.45178967082,38230364.0
Poland,POL,2003,34.9,Europe & Central Asia,5720.81366178104,38204570.0
Poland,POL,2004,38.0,Europe & Central Asia,6711.72715262967,38182222.0
Poland,POL,2005,35.8,Europe & Central Asia,8043.92332253757,38165445.0
Poland,POL,2006,34.7,Europe & Central Asia,9068.85528307627,38141267.0
Poland,POL,2007,34.0,Europe & Central Asia,11272.5293683383,38120560.0
Poland,POL,2008,33.5,Europe & Central Asia,14048.5604672654,38125759.0
Poland,POL,2009,33.4,Europe & Central Asia,11556.3026866026,38151603.0
Poland,POL,2010,33.2,Europe & Central Asia,12567.7317676382,38042794.0
Poland,POL,2011,33.2,Europe & Central Asia,13867.6669408192,38063255.0
Poland,POL,2012,33.0,Europe & Central Asia,13087.420943321,38063164.0
Poland,POL,2013,33.1,Europe & Central Asia,13621.9023794031,38040196.0
Poland,POL,2014,32.8,Europe & Central Asia,14262.2841914116,38011735.0
Poland,POL,2015,31.8,Europe & Central Asia,12637.5220324406,37986412.0
Poland,POL,2016,31.2,Europe & Central Asia,12464.0121044827,37970087.0
Poland,POL,2017,29.7,Europe & Central Asia,13913.3415190124,37974826.0
Poland,POL,2018,30.2,Europe & Central Asia,15658.210586693,37974750.0
Poland,POL,2019,28.8,Europe & Central Asia,15874.5220531254,37965475.0
Poland,POL,2020,28.5,Europe & Central Asia,16150.9304813473,37515748.0
Poland,POL,2021,28.5,Europe & Central Asia,18635.5104895754,36981559.0
Poland,POL,2022,28.9,Europe & Central Asia,18891.2121169279,36821749.0
Poland,POL,2023,28.5,Europe & Central Asia,22145.2660647429,36687353.0
Portugal,PRT,2003,38.8,Europe & Central Asia,15797.7821340276,10458821.0
Portugal,PRT,2004,38.9,Europe & Central Asia,18064.1580932987,10483861.0
Portugal,PRT,2005,38.5,Europe & Central Asia,18780.12751241,10503330.0
Portugal,PRT,2006,38.1,Europe & Central Asia,19839.4540499032,10522288.0
Portugal,PRT,2007,36.8,Europe & Central Asia,22811.0564844365,10542964.0
Portugal,PRT,2008,36.6,Europe & Central Asia,24949.0413566739,10558177.0
Portugal,PRT,2009,34.9,Europe & Central Asia,23151.2154130712,10568247.0
Portugal,PRT,2010,35.8,Europe & Central Asia,22551.935098809,10573100.0
Portugal,PRT,2011,36.3,Europe & Central Asia,23246.5425416481,10557560.0
Portugal,PRT,2012,36.0,Europe & Central Asia,20593.4274224109,10514844.0
Portugal,PRT,2013,36.2,Europe & Central Asia,21676.4859642714,10457295.0
Portugal,PRT,2014,35.6,Europe & Central Asia,22120.6850127107,10401062.0
Portugal,PRT,2015,35.5,Europe & Central Asia,19215.7813014347,10358076.0
Portugal,PRT,2016,35.2,Europe & Central Asia,19980.2808866516,10325452.0
Portugal,PRT,2017,33.8,Europe & Central Asia,21442.3842768879,10300300.0
Portugal,PRT,2018,33.5,Europe & Central Asia,23541.1401075289,10283822.0
Portugal,PRT,2019,32.8,Europe & Central Asia,23343.3628970034,10286263.0
Portugal,PRT,2020,34.7,Europe & Central Asia,22299.4044062173,10297081.0
Portugal,PRT,2021,34.6,Europe & Central Asia,24711.4510062111,10361831.0
Portugal,PRT,2022,36.3,Europe & Central Asia,24620.5197587181,10434332.0
Portugal,PRT,2023,33.9,Europe & Central Asia,27634.6183139773,10578174.0
Qatar,QAT,2017,35.1,"Middle East, North Africa, Afghanistan & Pakistan",63279.8556949332,2545820.0
Romania,ROU,1989,23.3,Europe & Central Asia,1789.64455528113,23161458.0
Romania,ROU,1992,25.5,Europe & Central Asia,1102.10378473246,22794284.0
Romania,ROU,1994,28.2,Europe & Central Asia,1323.03237766927,22730211.0
Romania,ROU,1995,31.2,Europe & Central Asia,1650.04922365201,22684270.0
Romania,ROU,1997,30.5,Europe & Central Asia,1577.33656023974,22553978.0
Romania,ROU,1998,31.1,Europe & Central Asia,1852.5549693339,22507344.0
Romania,ROU,1999,29.4,Europe & Central Asia,1599.90622808339,22472040.0
Romania,ROU,2000,29.3,Europe & Central Asia,1659.92904910528,22442971.0
Romania,ROU,2001,29.4,Europe & Central Asia,1825.19299373184,22131970.0
Romania,ROU,2002,30.2,Europe & Central Asia,2119.85509684554,21730496.0
Romania,ROU,2003,29.9,Europe & Central Asia,2679.40626016154,21574326.0
Romania,ROU,2004,30.0,Europe & Central Asia,3494.99056448955,21451748.0
Romania,ROU,2005,29.8,Europe & Central Asia,4618.00350802913,21319685.0
Romania,ROU,2006,39.6,Europe & Central Asia,5757.53127301178,21193760.0
Romania,ROU,2007,37.5,Europe & Central Asia,8360.33775916596,20882982.0
Romania,ROU,2008,36.4,Europe & Central Asia,10435.1561230787,20537875.0
Romania,ROU,2009,35.6,Europe & Central Asia,8548.4543409242,20367487.0
Romania,ROU,2010,35.5,Europe & Central Asia,8399.5374234284,20246871.0
Romania,ROU,2011,35.9,Europe & Central Asia,9560.6755277458,20147528.0
Romania,ROU,2012,36.5,Europe & Central Asia,8929.95366231474,20058035.0
Romania,ROU,2013,36.9,Europe & Central Asia,9497.67411615237,19983693.0
Romania,ROU,2014,36.0,Europe & Central Asia,10031.7710755404,19908979.0
Romania,ROU,2015,35.9,Europe & Central Asia,8977.01748158196,19815616.0
Romania,ROU,2016,34.4,Europe & Central Asia,9404.54005870715,19702267.0
Romania,ROU,2017,36.0,Europe & Central Asia,10727.9822007426,19588715.0
Romania,ROU,2018,35.8,Europe & Central Asia,12416.134317959,19473970.0
Romania,ROU,2019,34.8,Europe & Central Asia,12909.6104013244,19371648.0
Romania,ROU,2020,34.6,Europe & Central Asia,13009.1525348396,19265250.0
Romania,ROU,2021,33.9,Europe & Central Asia,14908.0412813921,19122059.0
Romania,ROU,2022,32.3,Europe & Central Asia,15503.4691366242,19048502.0
Romania,ROU,2023,29.8,Europe & Central Asia,18244.4186876321,19061062.0
Russian Federation,RUS,1993,45.4,Europe & Central Asia,2930.67016601563,148458777.0
Russian Federation,RUS,1996,46.1,Europe & Central Asia,2643.92919921875,148160129.0
Russian Federation,RUS,1997,38.4,Europe & Central Asia,2737.57202148438,147915361.0
Russian Federation,RUS,1998,38.1,Europe & Central Asia,1834.86181640625,147670784.0
Russian Federation,RUS,1999,37.4,Europe & Central Asia,1330.75720214844,147214776.0
Russian Federation,RUS,2000,37.1,Europe & Central Asia,1771.59411621094,146596869.0
Russian Federation,RUS,2001,36.9,Europe & Central Asia,2100.3525390625,145976482.0
Russian Federation,RUS,2002,37.3,Europe & Central Asia,2377.52954101563,145306497.0
Russian Federation,RUS,2003,40.0,Europe & Central Asia,2975.123046875,144648618.0
Russian Federation,RUS,2004,40.3,Europe & Central Asia,4102.36474609375,144067316.0
Russian Federation,RUS,2005,41.3,Europe & Central Asia,5323.455078125,143518814.0
Russian Federation,RUS,2006,41.0,Europe & Central Asia,6920.19970703125,143049637.0
Russian Federation,RUS,2007,42.3,Europe & Central Asia,9101.2392578125,142805114.0
Russian Federation,RUS,2008,41.6,Europe & Central Asia,11635.2841796875,142742366.0
Russian Federation,RUS,2009,39.8,Europe & Central Asia,8562.82421875,142785348.0
Russian Federation,RUS,2010,39.5,Europe & Central Asia,10674.990234375,142849468.0
Russian Federation,RUS,2011,39.7,Europe & Central Asia,14305.33203125,143018195.0
Russian Federation,RUS,2012,40.7,Europe & Central Asia,15401.8515625,143378447.0
Russian Federation,RUS,2013,40.9,Europe & Central Asia,15941.4482421875,143805638.0
Russian Federation,RUS,2014,36.9,Europe & Central Asia,14055.47265625,144237223.0
Russian Federation,RUS,2015,36.5,Europe & Central Asia,9277.7138671875,144640716.0
Russian Federation,RUS,2016,36.7,Europe & Central Asia,8663.158203125,145015460.0
Russian Federation,RUS,2017,35.5,Europe & Central Asia,10658.9130859375,145293260.0
Russian Federation,RUS,2018,35.3,Europe & Central Asia,11211.8876953125,145398106.0
Russian Federation,RUS,2019,35.7,Europe & Central Asia,11447.701171875,145453291.0
Russian Federation,RUS,2020,33.7,Europe & Central Asia,10108.3271484375,145245148.0
Russian Federation,RUS,2021,35.1,Europe & Central Asia,12425.029296875,144746762.0
Russian Federation,RUS,2022,33.9,Europe & Central Asia,15625.6328125,144236933.0
Russian Federation,RUS,2023,33.0,Europe & Central Asia,13986.9951171875,143826130.0
Rwanda,RWA,2000,48.5,Sub-Saharan Africa ,251.86926386091,8213931.0
Rwanda,RWA,2005,52.0,Sub-Saharan Africa ,324.016863847189,9054528.0
Rwanda,RWA,2010,47.2,Sub-Saharan Africa ,586.599950359877,10317553.0
Rwanda,RWA,2013,45.1,Sub-Saharan Africa ,695.397140963607,11093340.0
Rwanda,RWA,2016,43.7,Sub-Saharan Africa ,721.258515833094,11919183.0
Rwanda,RWA,2023,39.4,Sub-Saharan Africa ,1061.05788154076,13954471.0
Samoa,WSM,2002,40.7,East Asia & Pacific,1527.55790455937,184471.0
Samoa,WSM,2008,42.0,East Asia & Pacific,3373.60639884263,190107.0
Samoa,WSM,2013,38.7,East Asia & Pacific,4023.5254013825,198268.0
Sao Tome and Principe,STP,2000,32.1,Sub-Saharan Africa ,529.089383412262,144018.0
Sao Tome and Principe,STP,2010,30.8,Sub-Saharan Africa ,1045.20958234528,181802.0
Sao Tome and Principe,STP,2017,40.7,Sub-Saharan Africa ,1555.79477812888,206970.0
Senegal,SEN,1991,54.0,Sub-Saharan Africa ,913.399575796737,7943085.0
Senegal,SEN,1994,39.2,Sub-Saharan Africa ,583.782776032181,8624078.0
Senegal,SEN,2001,41.2,Sub-Saharan Africa ,637.213530563724,10212942.0
Senegal,SEN,2005,39.2,Sub-Saharan Africa ,979.846101520171,11235472.0
Senegal,SEN,2011,40.3,Sub-Saharan Africa ,1374.67591873844,12958897.0
Senegal,SEN,2018,38.3,Sub-Saharan Africa ,1452.55612562445,15914498.0
Senegal,SEN,2021,36.2,Sub-Saharan Africa ,1598.10676952274,17220867.0
Serbia,SRB,2002,32.7,Europe & Central Asia,2390.73459447107,7500031.0
Serbia,SRB,2003,32.8,Europe & Central Asia,3153.9011312754,7480591.0
Serbia,SRB,2004,35.5,Europe & Central Asia,3597.08798057009,7463157.0
Serbia,SRB,2005,36.5,Europe & Central Asia,3807.97417321786,7440769.0
Serbia,SRB,2006,29.7,Europe & Central Asia,4492.7136699046,7411569.0
Serbia,SRB,2007,28.7,Europe & Central Asia,6081.08765700202,7381579.0
Serbia,SRB,2008,27.6,Europe & Central Asia,7376.73517910716,7350222.0
Serbia,SRB,2009,28.0,Europe & Central Asia,6414.0448463847,7320807.0
Serbia,SRB,2010,29.0,Europe & Central Asia,5970.92660940072,7291436.0
Serbia,SRB,2012,39.9,Europe & Central Asia,6263.04086072815,7201497.0
Serbia,SRB,2013,39.4,Europe & Central Asia,7040.41812068781,7166553.0
Serbia,SRB,2014,40.4,Europe & Central Asia,6886.67809068704,7131787.0
Serbia,SRB,2015,40.5,Europe & Central Asia,5820.3215576888,7095383.0
Serbia,SRB,2016,38.8,Europe & Central Asia,5982.37030126471,7058322.0
Serbia,SRB,2017,36.1,Europe & Central Asia,6548.03653824187,7020858.0
Serbia,SRB,2018,35.0,Europe & Central Asia,7559.86165747394,6982604.0
Serbia,SRB,2019,34.5,Europe & Central Asia,7755.632986437,6945235.0
Serbia,SRB,2020,35.0,Europe & Central Asia,8098.70955668849,6899126.0
Serbia,SRB,2021,33.1,Europe & Central Asia,9680.52798074468,6834326.0
Serbia,SRB,2022,32.8,Europe & Central Asia,10024.8191112596,6664449.0
Serbia,SRB,2023,32.8,Europe & Central Asia,12281.707946167,6623183.0
Seychelles,SYC,1999,42.8,Sub-Saharan Africa ,8243.23610099084,80410.0
Seychelles,SYC,2006,42.8,Sub-Saharan Africa ,12782.9938926475,84600.0
Seychelles,SYC,2013,46.8,Sub-Saharan Africa ,14821.2921476077,89949.0
Seychelles,SYC,2018,32.1,Sub-Saharan Africa ,18440.2340460932,96762.0
Sierra Leone,SLE,2003,40.2,Sub-Saharan Africa ,413.817607346927,5177687.0
Sierra Leone,SLE,2011,34.0,Sub-Saharan Africa ,761.146365577281,6387251.0
Sierra Leone,SLE,2018,35.7,Sub-Saharan Africa ,845.914540460932,7554563.0
Slovak Republic,SVK,1992,20.2,Europe & Central Asia,2437.87630211282,5305016.0
Slovak Republic,SVK,1996,26.3,Europe & Central Asia,4069.11897669644,5373361.0
Slovak Republic,SVK,2004,27.1,Europe & Central Asia,7996.74076556872,5372280.0
Slovak Republic,SVK,2005,29.3,Europe & Central Asia,9087.20357002472,5372807.0
Slovak Republic,SVK,2006,25.8,Europe & Central Asia,10629.1782325838,5373054.0
Slovak Republic,SVK,2007,24.7,Europe & Central Asia,14330.2064943926,5374622.0
Slovak Republic,SVK,2008,26.0,Europe & Central Asia,17973.8436435514,5379233.0
Slovak Republic,SVK,2009,27.2,Europe & Central Asia,16586.7527805228,5386406.0
Slovak Republic,SVK,2010,27.3,Europe & Central Asia,16899.448680529,5391428.0
Slovak Republic,SVK,2011,26.5,Europe & Central Asia,18469.4354316836,5398384.0
Slovak Republic,SVK,2012,26.1,Europe & Central Asia,17516.9691054078,5407579.0
Slovak Republic,SVK,2013,28.1,Europe & Central Asia,18312.7805149823,5413393.0
Slovak Republic,SVK,2014,26.1,Europe & Central Asia,18770.9289896545,5418649.0
Slovak Republic,SVK,2015,26.5,Europe & Central Asia,16442.0760860018,5423801.0
Slovak Republic,SVK,2016,25.2,Europe & Central Asia,16636.0769133073,5430798.0
Slovak Republic,SVK,2017,23.2,Europe & Central Asia,17645.5298716761,5439232.0
Slovak Republic,SVK,2018,25.0,Europe & Central Asia,19573.3717031314,5446771.0
Slovak Republic,SVK,2019,23.2,Europe & Central Asia,19406.0589683582,5454147.0
Slovak Republic,SVK,2020,24.2,Europe & Central Asia,19735.4858280801,5458827.0
Slovak Republic,SVK,2021,24.1,Europe & Central Asia,22123.3342114545,5447247.0
Slovak Republic,SVK,2022,24.1,Europe & Central Asia,21317.7943982363,5431752.0
Slovak Republic,SVK,2023,23.8,Europe & Central Asia,24614.8734642794,5426740.0
Slovenia,SVN,1993,29.1,Europe & Central Asia,7254.58887417768,1991746.0
Slovenia,SVN,1997,24.1,Europe & Central Asia,10436.7260661871,1985956.0
Slovenia,SVN,1998,28.4,Europe & Central Asia,11131.5666628231,1981629.0
Slovenia,SVN,1999,24.0,Europe & Central Asia,11401.4906790909,1983045.0
Slovenia,SVN,2002,29.1,Europe & Central Asia,11639.1297780477,1994530.0
Slovenia,SVN,2003,30.9,Europe & Central Asia,14711.674874253,1995733.0
Slovenia,SVN,2004,24.8,Europe & Central Asia,17103.8297783905,1997012.0
Slovenia,SVN,2005,24.6,Europe & Central Asia,17969.7095907161,2000474.0
Slovenia,SVN,2006,24.4,Europe & Central Asia,19563.005059144,2006868.0
Slovenia,SVN,2007,24.4,Europe & Central Asia,23725.1596001515,2018122.0
Slovenia,SVN,2008,23.7,Europe & Central Asia,27461.9764165315,2021316.0
Slovenia,SVN,2009,24.8,Europe & Central Asia,24501.7897290425,2039669.0
Slovenia,SVN,2010,24.9,Europe & Central Asia,23329.8417691156,2048583.0
Slovenia,SVN,2011,24.9,Europe & Central Asia,24940.6284841605,2052843.0
Slovenia,SVN,2012,25.6,Europe & Central Asia,22442.1417859955,2057159.0
Slovenia,SVN,2013,26.2,Europe & Central Asia,23236.9655321695,2059953.0
Slovenia,SVN,2014,25.7,Europe & Central Asia,24013.0682060959,2061980.0
Slovenia,SVN,2015,25.4,Europe & Central Asia,20697.2748530619,2063531.0
Slovenia,SVN,2016,24.8,Europe & Central Asia,21447.8377796036,2065042.0
Slovenia,SVN,2017,24.2,Europe & Central Asia,23303.077705959,2066388.0
Slovenia,SVN,2018,24.6,Europe & Central Asia,25888.0481065655,2073894.0
Slovenia,SVN,2019,24.4,Europe & Central Asia,25814.1687167572,2088385.0
Slovenia,SVN,2020,24.0,Europe & Central Asia,25392.0651093612,2102419.0
Slovenia,SVN,2021,24.3,Europe & Central Asia,29192.8401933019,2108079.0
Slovenia,SVN,2022,24.3,Europe & Central Asia,28360.3041467268,2112076.0
Slovenia,SVN,2023,24.7,Europe & Central Asia,32660.4753581346,2120461.0
Solomon Islands,SLB,2005,46.1,East Asia & Pacific,1144.49233397681,483080.0
Solomon Islands,SLB,2012,37.1,East Asia & Pacific,2066.25738638356,573606.0
South Africa,ZAF,1993,59.3,Sub-Saharan Africa ,3399.64009566241,43297156.0
South Africa,ZAF,2000,57.8,Sub-Saharan Africa ,3217.84693448467,47159719.0
South Africa,ZAF,2005,65.0,Sub-Saharan Africa ,5836.87663325127,49490033.0
South Africa,ZAF,2008,62.5,Sub-Saharan Africa ,6184.75474328399,51114599.0
South Africa,ZAF,2010,60.9,Sub-Saharan Africa ,7973.47195771517,52344051.0
South Africa,ZAF,2014,59.6,Sub-Saharan Africa ,6856.73137092522,55594838.0
South Africa,ZAF,2022,54.1,Sub-Saharan Africa ,6534.24867783397,62378410.0
South Sudan,SSD,2009,46.3,Sub-Saharan Africa ,1323.22068747862,9243556.0
Spain,ESP,1980,34.5,Europe & Central Asia,6204.14321544225,37491165.0
Spain,ESP,1985,34.4,Europe & Central Asia,4696.29879620729,38469512.0
Spain,ESP,1990,32.0,Europe & Central Asia,13795.0159385128,38867322.0
Spain,ESP,1993,35.7,Europe & Central Asia,13330.3798192211,39361262.0
Spain,ESP,1994,35.1,Europe & Central Asia,13405.704414883,39549108.0
Spain,ESP,1995,35.7,Europe & Central Asia,15460.9110266653,39724050.0
Spain,ESP,1996,36.5,Europe & Central Asia,16100.6215831114,39889852.0
Spain,ESP,1997,35.3,Europe & Central Asia,14722.3717633536,40057389.0
Spain,ESP,1998,34.6,Europe & Central Asia,15382.3348573373,40223509.0
Spain,ESP,1999,33.8,Europe & Central Asia,15707.9473068138,40386875.0
Spain,ESP,2000,34.1,Europe & Central Asia,14743.2671031455,40567864.0
Spain,ESP,2003,31.8,Europe & Central Asia,21522.0170990262,42187645.0
Spain,ESP,2004,33.3,Europe & Central Asia,24925.0267844576,42921895.0
Spain,ESP,2005,32.4,Europe & Central Asia,26450.9530130382,43653155.0
Spain,ESP,2006,33.5,Europe & Central Asia,28421.686527407,44397319.0
Spain,ESP,2007,34.1,Europe & Central Asia,32652.015594702,45226803.0
Spain,ESP,2008,34.2,Europe & Central Asia,35603.248328071,45954106.0
Spain,ESP,2009,34.9,Europe & Central Asia,32279.8208476151,46362946.0
Spain,ESP,2010,35.2,Europe & Central Asia,30658.7422282912,46576897.0
Spain,ESP,2011,35.7,Europe & Central Asia,31824.6219134777,46742697.0
Spain,ESP,2012,35.4,Europe & Central Asia,28456.4438151477,46773055.0
Spain,ESP,2013,36.2,Europe & Central Asia,29228.846559842,46604197.0
Spain,ESP,2014,36.1,Europe & Central Asia,29707.765509467,46460733.0
Spain,ESP,2015,36.2,Europe & Central Asia,25982.4416197775,46422303.0
Spain,ESP,2016,35.8,Europe & Central Asia,26755.6061149398,46458139.0
Spain,ESP,2017,34.7,Europe & Central Asia,28381.3425596906,46571232.0
Spain,ESP,2018,34.7,Europe & Central Asia,30602.4212881113,46782011.0
Spain,ESP,2019,34.3,Europe & Central Asia,29786.5245689007,47118501.0
Spain,ESP,2020,34.9,Europe & Central Asia,27233.9426461608,47359424.0
Spain,ESP,2021,33.9,Europe & Central Asia,30799.4775937775,47443821.0
Spain,ESP,2022,33.6,Europe & Central Asia,30319.4987196616,47786102.0
Spain,ESP,2023,33.4,Europe & Central Asia,33493.2225409111,48352528.0
Sri Lanka,LKA,1985,32.5,South Asia,384.611537689196,15544154.0
Sri Lanka,LKA,1990,32.4,South Asia,491.213686238493,16352458.0
Sri Lanka,LKA,1995,35.4,South Asia,741.838255293455,17564068.0
Sri Lanka,LKA,2002,40.2,South Asia,834.936014905338,19805752.0
Sri Lanka,LKA,2006,39.7,South Asia,1388.89739119932,20352411.0
Sri Lanka,LKA,2009,36.1,South Asia,2026.65939950702,20756435.0
Sri Lanka,LKA,2012,38.7,South Asia,3327.77612404326,21169458.0
Sri Lanka,LKA,2016,39.3,South Asia,4149.19189391879,21209000.0
Sri Lanka,LKA,2019,37.7,South Asia,4081.94772178134,21803000.0
St. Lucia,LCA,1995,42.6,Latin America & Caribbean ,5147.92024022295,148208.0
St. Lucia,LCA,2015,43.7,Latin America & Caribbean ,10334.9860823918,174905.0
Sudan,SDN,2009,35.4,Sub-Saharan Africa ,1178.22180175781,34569113.0
Sudan,SDN,2014,34.2,Sub-Saharan Africa ,1275.43835449219,38823318.0
Suriname,SUR,1999,57.5,Latin America & Caribbean ,1898.1801816053,466916.0
Suriname,SUR,2022,39.2,Latin America & Caribbean ,6084.43876736445,623164.0
Sweden,SWE,1975,24.3,Europe & Central Asia,10102.6388909372,8192437.0
Sweden,SWE,1981,22.9,Europe & Central Asia,15563.8332773497,8320503.0
Sweden,SWE,1987,23.1,Europe & Central Asia,21760.9646490625,8397804.0
Sweden,SWE,1992,24.9,Europe & Central Asia,32753.4287003642,8668067.0
Sweden,SWE,1995,25.2,Europe & Central Asia,30254.0273028727,8826939.0
Sweden,SWE,2000,27.0,Europe & Central Asia,29632.5890811623,8872109.0
Sweden,SWE,2001,26.5,Europe & Central Asia,27259.3174300217,8895960.0
Sweden,SWE,2002,26.2,Europe & Central Asia,29957.7776664916,8924958.0
Sweden,SWE,2003,25.3,Europe & Central Asia,37292.2419727801,8958229.0
Sweden,SWE,2004,26.1,Europe & Central Asia,42758.0048564929,8993531.0
Sweden,SWE,2005,26.8,Europe & Central Asia,43378.4077394363,9029572.0
Sweden,SWE,2006,26.4,Europe & Central Asia,46531.3762240485,9080505.0
Sweden,SWE,2007,27.1,Europe & Central Asia,53568.3057787832,9148092.0
Sweden,SWE,2008,28.1,Europe & Central Asia,55817.1759726485,9219637.0
Sweden,SWE,2009,27.3,Europe & Central Asia,46707.6425044751,9298515.0
Sweden,SWE,2010,27.7,Europe & Central Asia,52542.5759090299,9378126.0
Sweden,SWE,2011,27.6,Europe & Central Asia,60379.4814599322,9449213.0
Sweden,SWE,2012,27.6,Europe & Central Asia,57749.5615420853,9519374.0
Sweden,SWE,2013,28.8,Europe & Central Asia,60843.9888799369,9600379.0
Sweden,SWE,2014,28.4,Europe & Central Asia,59583.4584491714,9696110.0
Sweden,SWE,2015,29.2,Europe & Central Asia,51188.1652120493,9799186.0
Sweden,SWE,2016,29.6,Europe & Central Asia,51703.5088332851,9923085.0
Sweden,SWE,2017,28.8,Europe & Central Asia,53210.2233318965,10057698.0
Sweden,SWE,2018,30.0,Europe & Central Asia,54018.4554391861,10175214.0
Sweden,SWE,2019,29.3,Europe & Central Asia,51648.9892820514,10278887.0
Sweden,SWE,2020,28.9,Europe & Central Asia,52568.5726980146,10353442.0
Sweden,SWE,2021,29.8,Europe & Central Asia,60647.5416365347,10415811.0
Sweden,SWE,2022,31.6,Europe & Central Asia,54836.8907235124,10486941.0
Sweden,SWE,2023,29.3,Europe & Central Asia,54950.2834725622,10536632.0
Switzerland,CHE,1982,36.0,Europe & Central Asia,18271.2022643537,6391309.0
Switzerland,CHE,1992,33.9,Europe & Central Asia,41327.1832947809,6875364.0
Switzerland,CHE,2000,33.4,Europe & Central Asia,39298.0968042444,7184250.0
Switzerland,CHE,2002,31.7,Europe & Central Asia,43094.2492848494,7284753.0
Switzerland,CHE,2004,31.6,Europe & Central Asia,55349.6164595028,7389625.0
Switzerland,CHE,2006,33.9,Europe & Central Asia,59910.293405504,7483934.0
Switzerland,CHE,2007,34.3,Europe & Central Asia,66082.1233977532,7551117.0
Switzerland,CHE,2008,33.8,Europe & Central Asia,75147.5376709155,7647675.0
Switzerland,CHE,2009,32.9,Europe & Central Asia,72788.2049524379,7743831.0
Switzerland,CHE,2010,32.6,Europe & Central Asia,77956.1262043942,7824909.0
Switzerland,CHE,2011,31.7,Europe & Central Asia,91910.3964565203,7912398.0
Switzerland,CHE,2012,31.6,Europe & Central Asia,87269.5594780124,7996861.0
Switzerland,CHE,2013,32.5,Europe & Central Asia,88851.2374497983,8089346.0
Switzerland,CHE,2014,32.5,Europe & Central Asia,90511.6484558843,8188649.0
Switzerland,CHE,2015,32.3,Europe & Central Asia,85265.06205193,8282396.0
Switzerland,CHE,2016,33.0,Europe & Central Asia,83432.4111596314,8373338.0
Switzerland,CHE,2017,32.7,Europe & Central Asia,83610.248611484,8451840.0
Switzerland,CHE,2018,33.1,Europe & Central Asia,87002.3382293532,8514329.0
Switzerland,CHE,2019,34.0,Europe & Central Asia,85872.9702303454,8575280.0
Switzerland,CHE,2020,33.7,Europe & Central Asia,87529.7016394892,8638167.0
Switzerland,CHE,2021,33.8,Europe & Central Asia,96582.8687080693,8704546.0
Switzerland,CHE,2022,33.8,Europe & Central Asia,97809.095567203,8777088.0
Syrian Arab Republic,SYR,1996,35.2,"Middle East, North Africa, Afghanistan & Pakistan",918.195857362788,15018104.0
Syrian Arab Republic,SYR,2003,37.5,"Middle East, North Africa, Afghanistan & Pakistan",1220.179077256,17889296.0
Syrian Arab Republic,SYR,2006,40.1,"Middle East, North Africa, Afghanistan & Pakistan",1718.78469956591,19637022.0
Syrian Arab Republic,SYR,2009,40.4,"Middle East, North Africa, Afghanistan & Pakistan",2462.20127278738,21976969.0
Syrian Arab Republic,SYR,2022,26.4,"Middle East, North Africa, Afghanistan & Pakistan",1056.78264718197,22462173.0
Tajikistan,TJK,1999,29.5,Europe & Central Asia,175.023764735625,6208370.0
Tajikistan,TJK,2003,32.7,Europe & Central Asia,233.58124845289,6658575.0
Tajikistan,TJK,2004,33.6,Europe & Central Asia,305.745158587502,6790547.0
Tajikistan,TJK,2007,32.2,Europe & Central Asia,516.997210618914,7194477.0
Tajikistan,TJK,2009,30.8,Europe & Central Asia,664.795655734657,7490230.0
Tajikistan,TJK,2015,34.0,Europe & Central Asia,956.916310930656,8643840.0
Tajikistan,TJK,2021,32.4,Europe & Central Asia,896.748053372182,9966908.0
Tajikistan,TJK,2022,39.5,Europe & Central Asia,1052.17949484894,10182222.0
Tajikistan,TJK,2023,38.0,Europe & Central Asia,1178.47990060249,10389799.0
Tajikistan,TJK,2024,36.1,Europe & Central Asia,1362.02559981695,10590927.0
Tanzania,TZA,1991,35.3,Sub-Saharan Africa ,276.452453613281,26780436.0
Tanzania,TZA,2000,37.3,Sub-Saharan Africa ,401.698150634766,34260139.0
Tanzania,TZA,2007,40.3,Sub-Saharan Africa ,543.198303222656,41435512.0
Tanzania,TZA,2011,37.8,Sub-Saharan Africa ,775.392761230469,46029367.0
Tanzania,TZA,2018,40.5,Sub-Saharan Africa ,1023.10626220703,57437145.0
Thailand,THA,1981,45.2,East Asia & Pacific,748.156726132308,46575855.0
Thailand,THA,1988,43.8,East Asia & Pacific,1164.20096229495,52969595.0
Thailand,THA,1990,45.3,East Asia & Pacific,1559.11209344755,54738329.0
Thailand,THA,1992,47.9,East Asia & Pacific,1971.60879910694,56528834.0
Thailand,THA,1994,43.5,East Asia & Pacific,2517.70732641683,58260854.0
Thailand,THA,1996,42.9,East Asia & Pacific,3054.65690806473,59920064.0
Thailand,THA,1998,41.5,East Asia & Pacific,1847.70379269771,61522630.0
Thailand,THA,1999,43.1,East Asia & Pacific,2033.24490520569,62299043.0
Thailand,THA,2000,42.8,East Asia & Pacific,2005.97694514234,63007815.0
Thailand,THA,2002,41.9,East Asia & Pacific,2089.75183111554,64266437.0
Thailand,THA,2004,42.5,East Asia & Pacific,2641.56268717857,65452047.0
Thailand,THA,2006,41.8,East Asia & Pacific,3331.32043511773,66567687.0
Thailand,THA,2007,39.8,East Asia & Pacific,3918.52817434581,67102394.0
Thailand,THA,2008,40.3,East Asia & Pacific,4309.13509292986,67619830.0
Thailand,THA,2009,39.6,East Asia & Pacific,4135.43986952819,68121080.0
Thailand,THA,2010,39.4,East Asia & Pacific,4973.86288823778,68579447.0
Thailand,THA,2011,37.5,East Asia & Pacific,5373.6232832898,69007208.0
Thailand,THA,2012,39.3,East Asia & Pacific,5725.52802835463,69436098.0
Thailand,THA,2013,37.8,East Asia & Pacific,6018.08244729255,69845114.0
Thailand,THA,2014,37.0,East Asia & Pacific,5801.1978916205,70216367.0
Thailand,THA,2015,36.0,East Asia & Pacific,5688.85335397884,70540795.0
Thailand,THA,2016,36.7,East Asia & Pacific,5833.57715617098,70859841.0
Thailand,THA,2017,36.4,East Asia & Pacific,6413.09182530343,71160187.0
Thailand,THA,2018,36.4,East Asia & Pacific,7099.77650081458,71376079.0
Thailand,THA,2019,34.9,East Asia & Pacific,7605.69657797759,71522271.0
Thailand,THA,2020,35.0,East Asia & Pacific,6983.03412836245,71641484.0
Thailand,THA,2021,34.9,East Asia & Pacific,7055.18760721422,71727332.0
Thailand,THA,2022,34.3,East Asia & Pacific,6910.00995211206,71735329.0
Thailand,THA,2023,33.5,East Asia & Pacific,7210.54130832685,71702435.0
Thailand,THA,2024,33.3,East Asia & Pacific,7386.63615126055,71668011.0
Timor-Leste,TLS,2001,35.9,East Asia & Pacific,587.700692767858,812249.0
Timor-Leste,TLS,2007,27.8,East Asia & Pacific,540.154584237662,1004889.0
Timor-Leste,TLS,2014,28.7,East Asia & Pacific,1224.74957758801,1181903.0
Togo,TGO,2006,42.2,Sub-Saharan Africa ,596.249203137762,5569664.0
Togo,TGO,2011,46.0,Sub-Saharan Africa ,834.14671980279,6500582.0
Togo,TGO,2015,43.0,Sub-Saharan Africa ,813.894676975085,7071502.0
Togo,TGO,2018,42.5,Sub-Saharan Africa ,942.480774393154,7458206.0
Togo,TGO,2021,37.9,Sub-Saharan Africa ,1076.29520076949,7936176.0
Tonga,TON,2000,37.7,East Asia & Pacific,1995.07667546271,102677.0
Tonga,TON,2009,37.5,East Asia & Pacific,2914.23774004564,107203.0
Tonga,TON,2015,33.5,East Asia & Pacific,4123.90347238813,106095.0
Tonga,TON,2021,27.1,East Asia & Pacific,4922.8015864044,105490.0
Trinidad and Tobago,TTO,1988,42.6,Latin America & Caribbean ,3655.81977035897,1230069.0
Trinidad and Tobago,TTO,1992,40.2,Latin America & Caribbean ,4277.47436935604,1271674.0
Tunisia,TUN,1985,43.4,"Middle East, North Africa, Afghanistan & Pakistan",1134.99813055736,7409903.0
Tunisia,TUN,1990,40.1,"Middle East, North Africa, Afghanistan & Pakistan",1476.43160477311,8324509.0
Tunisia,TUN,1995,41.7,"Middle East, North Africa, Afghanistan & Pakistan",1968.16600944373,9161258.0
Tunisia,TUN,2000,40.8,"Middle East, North Africa, Afghanistan & Pakistan",2199.04465936314,9764935.0
Tunisia,TUN,2005,37.7,"Middle East, North Africa, Afghanistan & Pakistan",3146.8260743927,10255472.0
Tunisia,TUN,2010,38.5,"Middle East, North Africa, Afghanistan & Pakistan",4291.86120891575,10765980.0
Tunisia,TUN,2015,32.8,"Middle East, North Africa, Afghanistan & Pakistan",4014.94773686432,11402264.0
Tunisia,TUN,2021,33.7,"Middle East, North Africa, Afghanistan & Pakistan",3906.93926319391,12048622.0
Turkiye,TUR,1987,41.0,Europe & Central Asia,1649.96264794402,52843670.0
Turkiye,TUR,1994,41.3,Europe & Central Asia,2176.2801813809,60033836.0
Turkiye,TUR,2002,41.4,Europe & Central Asia,3591.08628982587,67048795.0
Turkiye,TUR,2003,42.2,Europe & Central Asia,4649.63668068586,67831730.0
Turkiye,TUR,2004,41.3,Europe & Central Asia,5979.6054216148,68592617.0
Turkiye,TUR,2005,42.6,Europe & Central Asia,7331.85429430255,69329557.0
Turkiye,TUR,2006,39.6,Europe & Central Asia,7990.08251407245,70045349.0
Turkiye,TUR,2007,38.4,Europe & Central Asia,9766.91734545294,70158112.0
Turkiye,TUR,2008,39.0,Europe & Central Asia,10913.4079047769,71051678.0
Turkiye,TUR,2009,39.0,Europe & Central Asia,9076.92472236977,72039206.0
Turkiye,TUR,2010,38.8,Europe & Central Asia,10698.9699409757,73142150.0
Turkiye,TUR,2011,40.0,Europe & Central Asia,11373.6355760885,74223629.0
Turkiye,TUR,2012,40.2,Europe & Central Asia,11776.7593362033,75175827.0
Turkiye,TUR,2013,40.2,Europe & Central Asia,12635.5570016068,76147624.0
Turkiye,TUR,2014,41.2,Europe & Central Asia,12209.3862327674,77181884.0
Turkiye,TUR,2015,42.9,Europe & Central Asia,11064.6494504662,78218479.0
Turkiye,TUR,2016,41.9,Europe & Central Asia,10984.3643169061,79277962.0
Turkiye,TUR,2017,43.5,Europe & Central Asia,10756.3877677883,80312698.0
Turkiye,TUR,2018,42.4,Europe & Central Asia,9684.11819884721,81407204.0
Turkiye,TUR,2019,43.8,Europe & Central Asia,9395.23378001368,82579440.0
Turkiye,TUR,2020,43.0,Europe & Central Asia,8798.11791709313,83384680.0
Turkiye,TUR,2021,44.4,Europe & Central Asia,9981.76398411336,84147318.0
Turkiye,TUR,2022,44.5,Europe & Central Asia,10897.8397861365,84979913.0
Turkiye,TUR,2023,43.7,Europe & Central Asia,13375.0947282864,85325965.0
Turkmenistan,TKM,1998,40.8,Europe & Central Asia,590.791293266381,4410507.0
Tuvalu,TUV,2010,39.1,East Asia & Pacific,3054.96154183353,10614.0
Uganda,UGA,1989,44.4,Sub-Saharan Africa ,310.186025249445,17010698.0
Uganda,UGA,1992,41.4,Sub-Saharan Africa ,152.113542415537,18785032.0
Uganda,UGA,1996,39.0,Sub-Saharan Africa ,284.698259285733,21231550.0
Uganda,UGA,1999,43.0,Sub-Saharan Africa ,257.921949601357,23257281.0
Uganda,UGA,2002,45.2,Sub-Saharan Africa ,241.984688408335,25532870.0
Uganda,UGA,2005,42.9,Sub-Saharan Africa ,330.405402707025,27963289.0
Uganda,UGA,2009,44.2,Sub-Saharan Africa ,798.947089938247,31451151.0
Uganda,UGA,2012,41.0,Sub-Saharan Africa ,795.222867553127,34337438.0
Uganda,UGA,2016,42.8,Sub-Saharan Africa ,752.696571725656,38799152.0
Uganda,UGA,2019,42.7,Sub-Saharan Africa ,822.171150036357,42999637.0
Ukraine,UKR,1992,29.7,Europe & Central Asia,1413.24011230469,52323671.0
Ukraine,UKR,1993,28.9,Europe & Central Asia,1254.02868652344,52350126.0
Ukraine,UKR,1995,39.2,Europe & Central Asia,933.191772460938,51665539.0
Ukraine,UKR,1996,35.2,Europe & Central Asia,869.846069335938,51226109.0
Ukraine,UKR,1999,28.9,Europe & Central Asia,631.910461425781,49976446.0
Ukraine,UKR,2002,29.0,Europe & Central Asia,903.011901855469,48677281.0
Ukraine,UKR,2003,28.7,Europe & Central Asia,1076.48156738281,48315136.0
Ukraine,UKR,2004,28.9,Europe & Central Asia,1401.01806640625,47979507.0
Ukraine,UKR,2005,29.0,Europe & Central Asia,1875.33508300781,47585556.0
Ukraine,UKR,2006,29.8,Europe & Central Asia,2366.494140625,47278694.0
Ukraine,UKR,2007,27.0,Europe & Central Asia,3160.32763671875,47062798.0
Ukraine,UKR,2008,26.6,Europe & Central Asia,4017.806640625,46819175.0
Ukraine,UKR,2009,25.3,Europe & Central Asia,2607.08764648438,46623731.0
Ukraine,UKR,2010,24.8,Europe & Central Asia,3039.63232421875,46456003.0
Ukraine,UKR,2011,24.6,Europe & Central Asia,3656.69799804688,46307853.0
Ukraine,UKR,2012,24.7,Europe & Central Asia,3951.34228515625,46210056.0
Ukraine,UKR,2013,24.6,Europe & Central Asia,4129.89697265625,46126770.0
Ukraine,UKR,2014,24.0,Europe & Central Asia,3054.908203125,45972380.0
Ukraine,UKR,2015,25.5,Europe & Central Asia,2094.47387695313,45784896.0
Ukraine,UKR,2016,25.0,Europe & Central Asia,2158.46118164063,45616832.0
Ukraine,UKR,2017,26.0,Europe & Central Asia,2604.28759765625,45436041.0
Ukraine,UKR,2018,26.1,Europe & Central Asia,3059.0517578125,45208907.0
Ukraine,UKR,2019,26.6,Europe & Central Asia,3619.86157226563,44957458.0
Ukraine,UKR,2020,25.6,Europe & Central Asia,3709.76928710938,44680014.0
United Arab Emirates,ARE,2013,32.5,"Middle East, North Africa, Afghanistan & Pakistan",53247.2278745159,7693031.0
United Arab Emirates,ARE,2018,26.4,"Middle East, North Africa, Afghanistan & Pakistan",47135.3478795605,9346701.0
United Kingdom,GBR,1968,26.8,Europe & Central Asia,1951.75859587532,55211700.0
United Kingdom,GBR,1969,27.9,Europe & Central Asia,2100.66786858672,55441750.0
United Kingdom,GBR,1970,28.0,Europe & Central Asia,2347.54431773747,55663250.0
United Kingdom,GBR,1971,29.3,Europe & Central Asia,2649.80151387223,55896223.0
United Kingdom,GBR,1972,28.8,Europe & Central Asia,3030.43251411977,56086065.0
United Kingdom,GBR,1973,28.8,Europe & Central Asia,3426.27622050378,56194527.0
United Kingdom,GBR,1974,29.0,Europe & Central Asia,3665.8627976419,56229974.0
United Kingdom,GBR,1975,27.9,Europe & Central Asia,4299.74561799284,56225800.0
United Kingdom,GBR,1976,27.6,Europe & Central Asia,4138.16778761535,56211968.0
United Kingdom,GBR,1977,27.1,Europe & Central Asia,4681.43993173038,56193492.0
United Kingdom,GBR,1978,27.2,Europe & Central Asia,5976.93816899991,56196504.0
United Kingdom,GBR,1979,27.4,Europe & Central Asia,7804.76208051155,56246951.0
United Kingdom,GBR,1980,28.5,Europe & Central Asia,10032.062080015,56314216.0
United Kingdom,GBR,1981,29.7,Europe & Central Asia,9599.30622221965,56333829.0
United Kingdom,GBR,1982,29.9,Europe & Central Asia,9146.07735701852,56313641.0
United Kingdom,GBR,1983,29.8,Europe & Central Asia,8691.51881306514,56332848.0
United Kingdom,GBR,1984,29.2,Europe & Central Asia,8179.19444064991,56422072.0
United Kingdom,GBR,1985,30.4,Europe & Central Asia,8652.21654247593,56550268.0
United Kingdom,GBR,1986,31.9,Europe & Central Asia,10611.112210096,56681396.0
United Kingdom,GBR,1987,33.9,Europe & Central Asia,13118.586534629,56802050.0
United Kingdom,GBR,1988,34.3,Europe & Central Asia,15987.1680775688,56928327.0
United Kingdom,GBR,1989,33.4,Europe & Central Asia,16239.2821960944,57076711.0
United Kingdom,GBR,1990,35.7,Europe & Central Asia,19095.4669984608,57247586.0
United Kingdom,GBR,1991,35.0,Europe & Central Asia,19900.7266505069,57424897.0
United Kingdom,GBR,1992,35.0,Europe & Central Asia,20487.1707852878,57580402.0
United Kingdom,GBR,1993,35.1,Europe & Central Asia,18389.0195675099,57718614.0
United Kingdom,GBR,1994,36.0,Europe & Central Asia,19709.2380983653,57865745.0
United Kingdom,GBR,1995,35.5,Europe & Central Asia,23252.6157127423,58019030.0
United Kingdom,GBR,1996,35.3,Europe & Central Asia,24503.3829602903,58166950.0
United Kingdom,GBR,1997,35.7,Europe & Central Asia,26910.1381529902,58316954.0
United Kingdom,GBR,1998,36.6,Europe & Central Asia,28396.3523548013,58487141.0
United Kingdom,GBR,1999,36.8,Europe & Central Asia,28858.0065333126,58682466.0
United Kingdom,GBR,2000,38.9,Europe & Central Asia,28383.8761094996,58892514.0
United Kingdom,GBR,2001,37.1,Europe & Central Asia,28013.8729635508,59119673.0
United Kingdom,GBR,2002,35.1,Europe & Central Asia,30158.7017807858,59370479.0
United Kingdom,GBR,2003,34.9,Europe & Central Asia,34556.7726095905,59647577.0
United Kingdom,GBR,2004,34.8,Europe & Central Asia,40504.4118103928,59987905.0
United Kingdom,GBR,2005,35.5,Europe & Central Asia,42240.2462987547,60401206.0
United Kingdom,GBR,2006,35.9,Europe & Central Asia,44695.161023424,60846820.0
United Kingdom,GBR,2007,34.4,Europe & Central Asia,50629.0799172887,61322463.0
United Kingdom,GBR,2008,35.4,Europe & Central Asia,47652.4030691881,61806995.0
United Kingdom,GBR,2009,35.1,Europe & Central Asia,39009.3715547821,62276270.0
United Kingdom,GBR,2010,33.7,Europe & Central Asia,39778.3220528565,62766365.0
United Kingdom,GBR,2011,33.2,Europe & Central Asia,42295.9273835322,63258810.0
United Kingdom,GBR,2012,33.1,Europe & Central Asia,42688.3263728372,63711000.0
United Kingdom,GBR,2013,32.7,Europe & Central Asia,43607.6636827371,64138000.0
United Kingdom,GBR,2014,33.1,Europe & Central Asia,47746.9810645521,64619000.0
United Kingdom,GBR,2015,33.3,Europe & Central Asia,45256.040227057,65087000.0
United Kingdom,GBR,2016,33.1,Europe & Central Asia,41258.5374285695,65606000.0
United Kingdom,GBR,2017,32.6,Europe & Central Asia,40918.0520870944,65964000.0
United Kingdom,GBR,2018,33.7,Europe & Central Asia,43704.3162296687,66287000.0
United Kingdom,GBR,2019,32.8,Europe & Central Asia,43160.6843971799,66628000.0
United Kingdom,GBR,2020,32.7,Europe & Central Asia,40815.1255364787,66740000.0
United Kingdom,GBR,2021,32.4,Europe & Central Asia,47695.6491523474,66978000.0
United States,USA,1963,36.7,North America,3366.36978960346,189242000.0
United States,USA,1964,37.4,North America,3565.31443016356,191889000.0
United States,USA,1965,36.8,North America,3818.28825117968,194303000.0
United States,USA,1966,37.1,North America,4136.30829579106,196560000.0
United States,USA,1967,36.9,North America,4325.95935063186,198712000.0
United States,USA,1968,36.3,North America,4684.58840293763,200706000.0
United States,USA,1969,36.0,North America,5019.99818634473,202677000.0
United States,USA,1970,36.6,North America,5234.2966662115,205052000.0
United States,USA,1971,36.9,North America,5609.38259952519,207661000.0
United States,USA,1972,36.7,North America,6094.01798986165,209896000.0
United States,USA,1973,36.1,North America,6726.35895596695,211909000.0
United States,USA,1974,35.5,North America,7225.69135952566,213854000.0
United States,USA,1975,35.7,North America,7801.45666356443,215973000.0
United States,USA,1976,35.6,North America,8592.25353727612,218035000.0
United States,USA,1977,35.5,North America,9452.57651914511,220239000.0
United States,USA,1978,34.8,North America,10564.9482220275,222585000.0
United States,USA,1979,34.8,North America,11674.1818666548,225055000.0
United States,USA,1980,34.7,North America,12574.7915062163,227225000.0
United States,USA,1981,35.5,North America,13976.10539252,229466000.0
United States,USA,1982,36.7,North America,14433.787727053,231664000.0
United States,USA,1983,37.3,North America,15543.8937174925,233792000.0
United States,USA,1984,37.3,North America,17121.2254849995,235825000.0
United States,USA,1985,37.6,North America,18236.8277265009,237924000.0
United States,USA,1986,37.6,North America,19071.2271949295,240133000.0
United States,USA,1987,37.2,North America,20038.9410992658,242289000.0
United States,USA,1988,37.7,North America,21417.0119305191,244499000.0
United States,USA,1989,38.2,North America,22857.1544330056,246819000.0
United States,USA,1990,38.3,North America,23888.6000088133,249623000.0
United States,USA,1991,38.0,North America,24342.2589048189,252981000.0
United States,USA,1992,38.4,North America,25418.9907763319,256514000.0
United States,USA,1993,40.4,North America,26387.2937338171,259919000.0
United States,USA,1994,40.0,North America,27694.853416234,263126000.0
United States,USA,1995,39.9,North America,28690.8757013347,266278000.0
United States,USA,1996,40.3,North America,29967.7127181749,269394000.0
United States,USA,1997,40.5,North America,31459.1299691554,272657000.0
United States,USA,1998,40.0,North America,32853.6725949234,275854000.0
United States,USA,1999,40.0,North America,34515.3813073394,279040000.0
United States,USA,2000,40.1,North America,36329.9702595751,282162411.0
United States,USA,2001,40.6,North America,37133.6203973517,284968955.0
United States,USA,2002,40.4,North America,37997.7424300242,287625193.0
United States,USA,2003,40.8,North America,39490.3023903176,290107933.0
United States,USA,2004,40.5,North America,41724.6411982614,292805298.0
United States,USA,2005,41.3,North America,44123.3996470026,295516599.0
United States,USA,2006,41.7,North America,46301.9876485519,298379912.0
United States,USA,2007,41.1,North America,48050.227412195,301231207.0
United States,USA,2008,41.1,North America,48570.0594269601,304093966.0
United States,USA,2009,40.9,North America,47194.9500893872,306771529.0
United States,USA,2010,40.2,North America,48642.6312088213,309378227.0
United States,USA,2011,41.2,North America,50024.8812320773,311839461.0
United States,USA,2012,41.2,North America,51708.3940614082,314339099.0
United States,USA,2013,40.9,North America,53297.3862901595,316726282.0
United States,USA,2014,41.7,North America,55153.3940182967,319257560.0
United States,USA,2015,41.5,North America,56849.4697923159,321815121.0
United States,USA,2016,41.3,North America,57976.628204291,324353340.0
United States,USA,2017,41.4,North America,60047.7190728307,326608609.0
United States,USA,2018,41.8,North America,62875.6661382728,328529577.0
United States,USA,2019,41.9,North America,65227.9565911038,330226227.0
United States,USA,2020,40.0,North America,64465.2971415748,331578104.0
United States,USA,2021,39.7,North America,71441.2319805947,332100166.0
United States,USA,2022,41.7,North America,78008.6895811877,333996304.0
United States,USA,2023,41.8,North America,82586.7847707894,336755052.0
United States,USA,2024,41.8,North America,86169.6641581917,340003797.0
Uruguay,URY,1981,43.6,Latin America & Caribbean ,3728.4455696996,2963246.0
Uruguay,URY,1989,42.4,Latin America & Caribbean ,2734.36623871535,3086255.0
Uruguay,URY,1992,41.5,Latin America & Caribbean ,4101.71054155291,3139702.0
Uruguay,URY,1995,40.9,Latin America & Caribbean ,6050.48632253644,3189440.0
Uruguay,URY,1996,40.8,Latin America & Caribbean ,6398.43575184095,3206324.0
Uruguay,URY,1997,41.5,Latin America & Caribbean ,7436.29342620682,3223345.0
Uruguay,URY,1998,42.5,Latin America & Caribbean ,7836.89183322307,3239280.0
Uruguay,URY,2000,43.4,Latin America & Caribbean ,6987.70098766257,3266206.0
Uruguay,URY,2001,45.0,Latin America & Caribbean ,6382.76104740859,3274251.0
Uruguay,URY,2002,45.5,Latin America & Caribbean ,4149.76140312687,3278867.0
Uruguay,URY,2003,45.0,Latin America & Caribbean ,3671.12329256883,3281186.0
Uruguay,URY,2004,45.9,Latin America & Caribbean ,4168.66065438387,3283148.0
Uruguay,URY,2005,44.7,Latin America & Caribbean ,5284.25677987129,3285771.0
Uruguay,URY,2006,45.9,Latin America & Caribbean ,6001.33294783172,3289506.0
Uruguay,URY,2007,46.4,Latin America & Caribbean ,7222.05403645877,3295153.0
Uruguay,URY,2008,45.1,Latin America & Caribbean ,9423.96562595893,3302177.0
Uruguay,URY,2009,45.5,Latin America & Caribbean ,9881.39573127081,3310091.0
Uruguay,URY,2010,44.5,Latin America & Caribbean ,12641.0576849008,3318580.0
Uruguay,URY,2011,42.2,Latin America & Caribbean ,15132.2675725587,3326825.0
Uruguay,URY,2012,39.9,Latin America & Caribbean ,16259.5940814256,3335401.0
Uruguay,URY,2013,40.5,Latin America & Caribbean ,18335.2594772322,3345337.0
Uruguay,URY,2014,40.1,Latin America & Caribbean ,18322.4276767157,3356334.0
Uruguay,URY,2015,40.1,Latin America & Caribbean ,17125.9016800298,3368017.0
Uruguay,URY,2016,39.7,Latin America & Caribbean ,17009.7584207276,3379283.0
Uruguay,URY,2017,39.5,Latin America & Caribbean ,19184.6626114272,3388438.0
Uruguay,URY,2018,39.7,Latin America & Caribbean ,19249.9404677501,3394534.0
Uruguay,URY,2019,39.7,Latin America & Caribbean ,18315.7350377437,3397206.0
Uruguay,URY,2020,40.2,Latin America & Caribbean ,15757.5341990356,3398968.0
Uruguay,URY,2021,40.8,Latin America & Caribbean ,17881.8119616753,3396695.0
Uruguay,URY,2022,40.6,Latin America & Caribbean ,21009.2883798725,3390913.0
Uruguay,URY,2023,40.9,Latin America & Caribbean ,23378.6399733516,3388081.0
Uruguay,URY,2024,40.0,Latin America & Caribbean ,24308.4954958447,3386588.0
Uzbekistan,UZB,1998,44.1,Europe & Central Asia,621.048904301242,24134929.0
Uzbekistan,UZB,2000,35.9,Europe & Central Asia,555.149231099186,24787054.0
Uzbekistan,UZB,2002,33.0,Europe & Central Asia,381.409296889283,25399980.0
Uzbekistan,UZB,2003,35.2,Europe & Central Asia,394.164028897235,25711259.0
Uzbekistan,UZB,2021,32.9,Europe & Central Asia,2370.36480555669,34243696.0
Uzbekistan,UZB,2022,31.2,Europe & Central Asia,2698.60262953369,34938955.0
Uzbekistan,UZB,2023,34.5,Europe & Central Asia,3015.97705069457,35652307.0
Uzbekistan,UZB,2024,34.6,Europe & Central Asia,3337.45492058664,36361859.0
Uzbekistan,UZB,2025,32.7,Europe & Central Asia,3968.2720079072,37053428.0
Vanuatu,VUT,2010,37.4,East Asia & Pacific,2815.18828985779,238248.0
Vanuatu,VUT,2019,32.3,East Asia & Pacific,3635.62344878185,291985.0
"Venezuela, RB",VEN,1981,55.6,Latin America & Caribbean ,4228.0988152685,15687297.0
"Venezuela, RB",VEN,1987,53.4,Latin America & Caribbean ,2610.98837126004,18394963.0
"Venezuela, RB",VEN,1989,43.8,Latin America & Caribbean ,2250.08459665588,19348921.0
"Venezuela, RB",VEN,1992,42.1,Latin America & Caribbean ,2907.30334439434,20780948.0
"Venezuela, RB",VEN,1995,47.2,Latin America & Caribbean ,3486.98350635919,22193821.0
"Venezuela, RB",VEN,1998,48.0,Latin America & Caribbean ,3869.98258848894,23601337.0
"Venezuela, RB",VEN,1999,47.7,Latin America & Caribbean ,4070.90619189484,24066593.0
"Venezuela, RB",VEN,2001,47.2,Latin America & Caribbean ,4920.39313600453,24979922.0
"Venezuela, RB",VEN,2002,48.9,Latin America & Caribbean ,3652.09896501865,25435671.0
"Venezuela, RB",VEN,2003,47.9,Latin America & Caribbean ,3229.50557082079,25892703.0
"Venezuela, RB",VEN,2004,47.3,Latin America & Caribbean ,4269.08970872392,26340838.0
"Venezuela, RB",VEN,2005,49.3,Latin America & Caribbean ,5432.4854184654,26785804.0
"Venezuela, RB",VEN,2006,44.7,Latin America & Caribbean ,6739.38065342218,27224686.0
Viet Nam,VNM,1992,35.7,East Asia & Pacific,144.549392371677,68260337.0
Viet Nam,VNM,1997,35.4,East Asia & Pacific,361.643884085566,74226889.0
Viet Nam,VNM,2002,37.0,East Asia & Pacific,445.132861817313,78772224.0
Viet Nam,VNM,2004,36.8,East Asia & Pacific,565.452284586212,80338971.0
Viet Nam,VNM,2006,35.8,East Asia & Pacific,807.756645117054,82167897.0
Viet Nam,VNM,2008,35.6,East Asia & Pacific,1163.83195772873,85175788.0
Viet Nam,VNM,2010,39.3,East Asia & Pacific,1683.16182443979,87455152.0
Viet Nam,VNM,2012,35.6,East Asia & Pacific,2185.11767654291,89510356.0
Viet Nam,VNM,2014,34.8,East Asia & Pacific,2546.38464459903,91679578.0
Viet Nam,VNM,2016,35.3,East Asia & Pacific,2735.0604380416,94000117.0
Viet Nam,VNM,2018,35.7,East Asia & Pacific,3222.31003125366,96237319.0
Viet Nam,VNM,2020,36.8,East Asia & Pacific,3534.03953482647,98079191.0
Viet Nam,VNM,2022,36.1,East Asia & Pacific,4147.69777213621,99680655.0
West Bank and Gaza,PSE,2004,34.0,"Middle East, North Africa, Afghanistan & Pakistan",1422.19088643544,3236626.0
West Bank and Gaza,PSE,2005,34.7,"Middle East, North Africa, Afghanistan & Pakistan",1543.70141392774,3320396.0
West Bank and Gaza,PSE,2006,34.0,"Middle East, North Africa, Afghanistan & Pakistan",1570.10439962728,3406334.0
West Bank and Gaza,PSE,2007,35.6,"Middle East, North Africa, Afghanistan & Pakistan",1664.24571669276,3494496.0
West Bank and Gaza,PSE,2009,34.5,"Middle East, North Africa, Afghanistan & Pakistan",2191.78178736868,3689099.0
West Bank and Gaza,PSE,2010,35.3,"Middle East, North Africa, Afghanistan & Pakistan",2557.07562356699,3786161.0
West Bank and Gaza,PSE,2011,34.4,"Middle East, North Africa, Afghanistan & Pakistan",2880.79843707909,3882986.0
West Bank and Gaza,PSE,2016,33.7,"Middle East, North Africa, Afghanistan & Pakistan",3527.61382413178,4367088.0
West Bank and Gaza,PSE,2023,36.4,"Middle East, North Africa, Afghanistan & Pakistan",3607.41611858821,5165775.0
"Yemen, Rep.",YEM,1998,35.0,"Middle East, North Africa, Afghanistan & Pakistan",342.73940747773,18446013.0
"Yemen, Rep.",YEM,2005,34.7,"Middle East, North Africa, Afghanistan & Pakistan",734.159908450927,22790085.0
"Yemen, Rep.",YEM,2014,36.7,"Middle East, North Africa, Afghanistan & Pakistan",1430.16420964026,30226309.0
Zambia,ZMB,1991,59.4,Sub-Saharan Africa ,423.071256835592,7981650.0
Zambia,ZMB,1993,52.6,Sub-Saharan Africa ,390.916673784646,8373921.0
Zambia,ZMB,1996,48.3,Sub-Saharan Africa ,399.511304742449,9004053.0
Zambia,ZMB,1998,49.1,Sub-Saharan Africa ,373.084763057408,9482408.0
Zambia,ZMB,2002,42.1,Sub-Saharan Africa ,393.864625518616,10647949.0
Zambia,ZMB,2004,54.3,Sub-Saharan Africa ,548.685974566277,11338198.0
Zambia,ZMB,2006,54.6,Sub-Saharan Africa ,1051.71714895686,12129553.0
Zambia,ZMB,2010,52.0,Sub-Saharan Africa ,1451.10616017155,13965594.0
Zambia,ZMB,2015,55.8,Sub-Saharan Africa ,1295.87788680068,16399089.0
Zambia,ZMB,2022,51.5,Sub-Saharan Africa ,1447.12310138035,20152938.0
Zimbabwe,ZWE,2011,43.2,Sub-Saharan Africa ,1037.77565157218,13595424.0
Zimbabwe,ZWE,2017,44.3,Sub-Saharan Africa ,3445.44941020134,14812482.0
Zimbabwe,ZWE,2019,50.3,Sub-Saharan Africa ,2184.52155388801,15271368.0
